2026-03-18 17:24:56,100 [INFO] 🚀 Modo pregunta única detectado
2026-03-18 17:26:14,051 [INFO] ✅ Debate finalizado con éxito.
2026-03-18 17:33:08,530 [INFO] 🚀 Modo pregunta única detectado
2026-03-18 17:35:22,681 [INFO] ✅ Debate finalizado con éxito.
2026-03-18 17:48:14,303 [INFO] 📁 Procesando archivo: a-compact-low-noise-frontend-for-interleaved-rx-tx-arrays-at-k-ka-band_salida.txt
2026-03-18 17:48:14,312 [INFO] 👉 [1] Iniciando debate...
2026-03-18 17:49:42,272 [INFO]    ✅ Finalizado.
2026-03-18 17:49:43,282 [INFO] 📁 Procesando archivo: a-compact-lowpass-filter-for-satellite-communication-systems-based-on-transfer-function-analysis_salida.txt
2026-03-18 17:49:43,291 [INFO] 👉 [2] Iniciando debate...
2026-03-18 17:51:34,993 [INFO]    ✅ Finalizado.
2026-03-18 17:51:35,996 [INFO] 👉 [3] Iniciando debate...
2026-03-18 17:53:24,616 [INFO]    ✅ Finalizado.
2026-03-18 17:53:25,630 [INFO] 👉 [4] Iniciando debate...
2026-03-18 17:55:07,244 [INFO]    ✅ Finalizado.
2026-03-18 17:55:08,248 [INFO] 👉 [5] Iniciando debate...
2026-03-18 17:56:58,907 [INFO]    ✅ Finalizado.
2026-03-18 17:56:59,909 [INFO] 📁 Procesando archivo: a-framework-to-classify-heterogeneous-internet-traffic-with-machine-learning-and-deep-learning-techniques-for-satellite-communications_salida.txt
2026-03-18 17:56:59,921 [INFO] 👉 [6] Iniciando debate...
2026-03-18 17:58:32,872 [INFO]    ✅ Finalizado.
2026-03-18 17:58:33,878 [INFO] 👉 [7] Iniciando debate...
2026-03-18 18:00:19,349 [INFO]    ✅ Finalizado.
2026-03-18 18:00:20,356 [INFO] 👉 [8] Iniciando debate...
2026-03-18 18:01:56,724 [INFO]    ✅ Finalizado.
2026-03-18 18:01:57,725 [INFO] 👉 [9] Iniciando debate...
2026-03-18 18:03:43,580 [INFO]    ✅ Finalizado.
2026-03-18 18:03:44,586 [INFO] 👉 [10] Iniciando debate...
2026-03-18 18:05:34,729 [INFO]    ✅ Finalizado.
2026-03-18 18:05:35,742 [INFO] 👉 [11] Iniciando debate...
2026-03-18 18:07:14,119 [INFO]    ✅ Finalizado.
2026-03-18 18:07:15,127 [INFO] 👉 [12] Iniciando debate...
2026-03-18 18:08:59,425 [INFO]    ✅ Finalizado.
2026-03-18 18:09:00,431 [INFO] 📁 Procesando archivo: a-ka-band-satcom-transceiver-in-65-nm-cmos-with-high-linearity-tx-and-dual-channel-wide-dynamic-range-rx-for-terrestrial-terminal_salida.txt
2026-03-18 18:09:00,440 [INFO] 👉 [13] Iniciando debate...
2026-03-18 18:10:42,573 [INFO]    ✅ Finalizado.
2026-03-18 18:10:43,577 [INFO] 👉 [14] Iniciando debate...
2026-03-18 18:12:30,958 [INFO]    ✅ Finalizado.
2026-03-18 18:12:31,973 [INFO] 📁 Procesando archivo: a-lagrangian-heuristic-for-satellite-range-scheduling-with-resource-constraints_salida.txt
2026-03-18 18:12:31,976 [INFO] 👉 [15] Iniciando debate...
2026-03-18 18:14:06,885 [INFO]    ✅ Finalizado.
2026-03-18 18:14:07,898 [INFO] 👉 [16] Iniciando debate...
2026-03-18 18:28:57,742 [INFO] 📁 Procesando archivo: a-compact-low-noise-frontend-for-interleaved-rx-tx-arrays-at-k-ka-band_salida.txt
2026-03-18 18:28:57,743 [INFO] 👉 [1] Iniciando debate...
2026-03-18 18:31:14,474 [ERROR]    ❌ Error en debate #1: [Errno 2] No such file or directory: 'json_7B\\decision_001.json'
2026-03-18 18:31:15,484 [INFO] 📁 Procesando archivo: a-compact-lowpass-filter-for-satellite-communication-systems-based-on-transfer-function-analysis_salida.txt
2026-03-18 18:31:15,484 [INFO] 👉 [2] Iniciando debate...
2026-03-18 18:33:16,500 [ERROR]    ❌ Error en debate #2: [Errno 2] No such file or directory: 'json_7B\\decision_002.json'
2026-03-18 18:33:17,510 [INFO] 👉 [3] Iniciando debate...
2026-03-18 18:35:31,486 [ERROR]    ❌ Error en debate #3: [Errno 2] No such file or directory: 'json_7B\\decision_003.json'
2026-03-18 18:35:32,491 [INFO] 👉 [4] Iniciando debate...
2026-03-18 18:37:42,555 [ERROR]    ❌ Error en debate #4: [Errno 2] No such file or directory: 'json_7B\\decision_004.json'
2026-03-18 18:37:43,568 [INFO] 👉 [5] Iniciando debate...
2026-03-18 18:39:57,236 [ERROR]    ❌ Error en debate #5: [Errno 2] No such file or directory: 'json_7B\\decision_005.json'
2026-03-18 18:39:58,243 [INFO] 📁 Procesando archivo: a-framework-to-classify-heterogeneous-internet-traffic-with-machine-learning-and-deep-learning-techniques-for-satellite-communications_salida.txt
2026-03-18 18:39:58,243 [INFO] 👉 [6] Iniciando debate...
2026-03-18 18:42:11,968 [ERROR]    ❌ Error en debate #6: [Errno 2] No such file or directory: 'json_7B\\decision_006.json'
2026-03-18 18:49:03,217 [INFO] 📁 Procesando archivo: a-compact-low-noise-frontend-for-interleaved-rx-tx-arrays-at-k-ka-band_salida.txt
2026-03-18 18:49:03,218 [INFO] 👉 [1] Iniciando debate...
2026-03-18 18:51:02,167 [INFO]    ✅ Finalizado.
2026-03-18 18:51:03,178 [INFO] 📁 Procesando archivo: a-compact-lowpass-filter-for-satellite-communication-systems-based-on-transfer-function-analysis_salida.txt
2026-03-18 18:51:03,178 [INFO] 👉 [2] Iniciando debate...
2026-03-18 18:53:02,453 [INFO]    ✅ Finalizado.
2026-03-18 18:53:03,462 [INFO] 👉 [3] Iniciando debate...
2026-03-18 18:55:12,310 [INFO]    ✅ Finalizado.
2026-03-18 18:55:13,319 [INFO] 👉 [4] Iniciando debate...
2026-03-18 18:57:28,561 [INFO]    ✅ Finalizado.
2026-03-18 18:57:29,569 [INFO] 👉 [5] Iniciando debate...
2026-03-18 18:59:45,709 [INFO]    ✅ Finalizado.
2026-03-18 18:59:46,717 [INFO] 📁 Procesando archivo: a-framework-to-classify-heterogeneous-internet-traffic-with-machine-learning-and-deep-learning-techniques-for-satellite-communications_salida.txt
2026-03-18 18:59:46,717 [INFO] 👉 [6] Iniciando debate...
2026-03-18 19:01:46,919 [INFO]    ✅ Finalizado.
2026-03-18 19:01:47,931 [INFO] 👉 [7] Iniciando debate...
2026-03-18 19:04:00,179 [INFO]    ✅ Finalizado.
2026-03-18 19:04:01,191 [INFO] 👉 [8] Iniciando debate...
2026-03-18 19:06:06,706 [INFO]    ✅ Finalizado.
2026-03-18 19:06:07,713 [INFO] 👉 [9] Iniciando debate...
2026-03-18 19:08:24,290 [INFO]    ✅ Finalizado.
2026-03-18 19:08:25,302 [INFO] 👉 [10] Iniciando debate...
2026-03-18 19:10:38,459 [INFO]    ✅ Finalizado.
2026-03-18 19:10:39,473 [INFO] 👉 [11] Iniciando debate...
2026-03-18 19:12:38,188 [INFO]    ✅ Finalizado.
2026-03-18 19:12:39,195 [INFO] 👉 [12] Iniciando debate...
2026-03-18 19:14:56,901 [INFO]    ✅ Finalizado.
2026-03-18 19:14:57,917 [INFO] 📁 Procesando archivo: a-ka-band-satcom-transceiver-in-65-nm-cmos-with-high-linearity-tx-and-dual-channel-wide-dynamic-range-rx-for-terrestrial-terminal_salida.txt
2026-03-18 19:14:57,918 [INFO] 👉 [13] Iniciando debate...
2026-03-18 19:17:25,809 [INFO]    ✅ Finalizado.
2026-03-18 19:17:26,816 [INFO] 👉 [14] Iniciando debate...
2026-03-18 19:19:26,559 [INFO]    ✅ Finalizado.
2026-03-18 19:19:27,571 [INFO] 📁 Procesando archivo: a-lagrangian-heuristic-for-satellite-range-scheduling-with-resource-constraints_salida.txt
2026-03-18 19:19:27,572 [INFO] 👉 [15] Iniciando debate...
2026-03-18 19:21:37,454 [INFO]    ✅ Finalizado.
2026-03-18 19:21:38,466 [INFO] 🛑 Límite de 15 preguntas alcanzado. Deteniendo...
2026-03-18 20:17:44,194 [INFO] 🚀 Modo pregunta única detectado
2026-03-18 20:40:41,176 [INFO] ✅ Debate finalizado con éxito.
2026-03-20 10:59:58,735 [INFO] 📁 Procesando archivo: a-compact-low-noise-frontend-for-interleaved-rx-tx-arrays-at-k-ka-band_salida.txt
2026-03-20 10:59:58,735 [INFO] 👉 [1] Iniciando debate...
2026-03-20 11:25:54,451 [INFO]    ✅ Finalizado.
2026-03-20 11:25:55,453 [INFO] 📁 Procesando archivo: a-compact-lowpass-filter-for-satellite-communication-systems-based-on-transfer-function-analysis_salida.txt
2026-03-20 11:25:55,463 [INFO] 👉 [2] Iniciando debate...
2026-03-20 11:43:07,738 [INFO] 📁 Procesando archivo: a-compact-low-noise-frontend-for-interleaved-rx-tx-arrays-at-k-ka-band_salida.txt
2026-03-20 11:43:07,739 [INFO] 👉 [1] Iniciando debate...
2026-03-20 12:15:44,186 [INFO]    ✅ Finalizado.
2026-03-20 12:15:45,191 [INFO] 📁 Procesando archivo: a-compact-lowpass-filter-for-satellite-communication-systems-based-on-transfer-function-analysis_salida.txt
2026-03-20 12:15:45,192 [INFO] 👉 [2] Iniciando debate...
2026-03-20 12:49:57,759 [INFO]    ✅ Finalizado.
2026-03-20 12:49:58,770 [INFO] 👉 [3] Iniciando debate...
2026-03-20 13:17:34,378 [INFO]    ✅ Finalizado.
2026-03-20 13:17:35,379 [INFO] 👉 [4] Iniciando debate...
2026-04-05 14:49:41,435 [INFO] 📁 Procesando archivo: a-compact-low-noise-frontend-for-interleaved-rx-tx-arrays-at-k-ka-band_salida.txt
2026-04-05 14:49:41,450 [INFO] 👉 [1] Iniciando debate...
2026-04-05 14:50:39,920 [ERROR]    ❌ Error en debate #1: [Errno 2] No such file or directory: 'json_2B\\decision_001.json'
2026-04-05 14:50:40,930 [INFO] 📁 Procesando archivo: a-compact-lowpass-filter-for-satellite-communication-systems-based-on-transfer-function-analysis_salida.txt
2026-04-05 14:50:40,930 [INFO] 👉 [2] Iniciando debate...
2026-04-05 14:53:33,635 [INFO] 📁 Procesando archivo: a-compact-low-noise-frontend-for-interleaved-rx-tx-arrays-at-k-ka-band_salida.txt
2026-04-05 14:53:33,635 [INFO] 👉 [1] Iniciando debate...
2026-04-05 14:54:46,101 [INFO]    ✅ Finalizado.
2026-04-05 14:54:47,108 [INFO] 📁 Procesando archivo: a-compact-lowpass-filter-for-satellite-communication-systems-based-on-transfer-function-analysis_salida.txt
2026-04-05 14:54:47,108 [INFO] 👉 [2] Iniciando debate...
2026-04-05 14:55:35,700 [ERROR]    ❌ Error en debate #2: [Errno 2] No such file or directory: '.data\\json_2B\\decision_002.json'
2026-04-05 14:55:36,716 [INFO] 👉 [3] Iniciando debate...
2026-04-05 15:05:52,021 [INFO] 📁 Procesando archivo: a-compact-low-noise-frontend-for-interleaved-rx-tx-arrays-at-k-ka-band_salida.txt
2026-04-05 15:05:52,021 [INFO] 👉 [1] Iniciando debate...
2026-04-05 15:06:58,753 [INFO]    ✅ Finalizado.
2026-04-05 15:06:59,761 [INFO] 📁 Procesando archivo: a-compact-lowpass-filter-for-satellite-communication-systems-based-on-transfer-function-analysis_salida.txt
2026-04-05 15:06:59,761 [INFO] 👉 [2] Iniciando debate...
2026-04-05 15:08:13,643 [INFO]    ✅ Finalizado.
2026-04-05 15:08:14,656 [INFO] 👉 [3] Iniciando debate...
2026-04-05 15:09:05,128 [INFO]    ✅ Finalizado.
2026-04-05 15:09:06,143 [INFO] 👉 [4] Iniciando debate...
2026-04-05 15:10:11,598 [INFO]    ✅ Finalizado.
2026-04-05 15:10:12,607 [INFO] 👉 [5] Iniciando debate...
2026-04-05 15:11:22,650 [INFO]    ✅ Finalizado.
2026-04-05 15:11:23,650 [INFO] 📁 Procesando archivo: a-framework-to-classify-heterogeneous-internet-traffic-with-machine-learning-and-deep-learning-techniques-for-satellite-communications_salida.txt
2026-04-05 15:11:23,650 [INFO] 👉 [6] Iniciando debate...
2026-04-05 15:12:33,360 [INFO]    ✅ Finalizado.
2026-04-05 15:12:34,375 [INFO] 👉 [7] Iniciando debate...
2026-04-05 15:13:30,723 [INFO]    ✅ Finalizado.
2026-04-05 15:13:31,731 [INFO] 👉 [8] Iniciando debate...
2026-04-05 15:14:27,289 [INFO]    ✅ Finalizado.
2026-04-05 15:14:28,293 [INFO] 👉 [9] Iniciando debate...
2026-04-05 15:15:20,541 [INFO]    ✅ Finalizado.
2026-04-05 15:15:21,557 [INFO] 👉 [10] Iniciando debate...
2026-04-05 15:16:22,351 [INFO]    ✅ Finalizado.
2026-04-05 15:16:23,361 [INFO] 👉 [11] Iniciando debate...
2026-04-05 15:17:27,148 [INFO]    ✅ Finalizado.
2026-04-05 15:17:28,156 [INFO] 👉 [12] Iniciando debate...
2026-04-05 15:18:42,172 [INFO]    ✅ Finalizado.
2026-04-05 15:18:43,172 [INFO] 📁 Procesando archivo: a-ka-band-satcom-transceiver-in-65-nm-cmos-with-high-linearity-tx-and-dual-channel-wide-dynamic-range-rx-for-terrestrial-terminal_salida.txt
2026-04-05 15:18:43,172 [INFO] 👉 [13] Iniciando debate...
2026-04-05 15:19:46,205 [INFO]    ✅ Finalizado.
2026-04-05 15:19:47,214 [INFO] 👉 [14] Iniciando debate...
2026-04-05 15:20:47,897 [INFO]    ✅ Finalizado.
2026-04-05 15:20:48,907 [INFO] 📁 Procesando archivo: a-lagrangian-heuristic-for-satellite-range-scheduling-with-resource-constraints_salida.txt
2026-04-05 15:20:48,907 [INFO] 👉 [15] Iniciando debate...
2026-04-05 15:21:53,888 [INFO]    ✅ Finalizado.
2026-04-05 15:21:54,893 [INFO] 👉 [16] Iniciando debate...
2026-04-05 15:22:46,166 [INFO]    ✅ Finalizado.
2026-04-05 15:22:47,170 [INFO] 👉 [17] Iniciando debate...
2026-04-05 15:23:41,135 [INFO]    ✅ Finalizado.
2026-04-05 15:23:42,151 [INFO] 👉 [18] Iniciando debate...
2026-04-05 15:24:43,964 [INFO]    ✅ Finalizado.
2026-04-05 15:24:44,973 [INFO] 👉 [19] Iniciando debate...
2026-04-05 15:25:50,174 [INFO]    ✅ Finalizado.
2026-04-05 15:25:51,176 [INFO] 👉 [20] Iniciando debate...
2026-04-05 15:26:59,331 [INFO]    ✅ Finalizado.
2026-04-05 15:27:00,336 [INFO] 👉 [21] Iniciando debate...
2026-04-05 15:28:14,825 [INFO]    ✅ Finalizado.
2026-04-05 15:28:15,839 [INFO] 👉 [22] Iniciando debate...
2026-04-05 15:29:11,069 [INFO]    ✅ Finalizado.
2026-04-05 15:29:12,081 [INFO] 📁 Procesando archivo: a-novel-dual-polarized-continuous-transverse-stub-antenna-based-on-corrugated-waveguides-part-ii-experimental-demonstration_salida.txt
2026-04-05 15:29:12,081 [INFO] 👉 [23] Iniciando debate...
2026-04-05 15:30:04,516 [INFO]    ✅ Finalizado.
2026-04-05 15:30:05,528 [INFO] 👉 [24] Iniciando debate...
2026-04-05 15:31:14,184 [INFO]    ✅ Finalizado.
2026-04-05 15:31:15,184 [INFO] 👉 [25] Iniciando debate...
2026-04-05 15:32:10,051 [INFO]    ✅ Finalizado.
2026-04-05 15:32:11,061 [INFO] 👉 [26] Iniciando debate...
2026-04-05 15:33:12,694 [INFO]    ✅ Finalizado.
2026-04-05 15:33:13,694 [INFO] 👉 [27] Iniciando debate...
2026-04-05 15:34:18,897 [INFO]    ✅ Finalizado.
2026-04-05 15:34:19,911 [INFO] 📁 Procesando archivo: a-reflector-antenna-concept-robust-against-feed-failures-for-satellite-communications_salida.txt
2026-04-05 15:34:19,911 [INFO] 👉 [28] Iniciando debate...
2026-04-05 15:35:16,888 [INFO]    ✅ Finalizado.
2026-04-05 15:35:17,892 [INFO] 👉 [29] Iniciando debate...
2026-04-05 15:36:05,846 [INFO]    ✅ Finalizado.
2026-04-05 15:36:06,846 [INFO] 👉 [30] Iniciando debate...
2026-04-05 15:37:13,433 [INFO]    ✅ Finalizado.
2026-04-05 15:37:14,447 [INFO] 👉 [31] Iniciando debate...
2026-04-05 15:38:04,993 [INFO]    ✅ Finalizado.
2026-04-05 15:38:06,005 [INFO] 👉 [32] Iniciando debate...
2026-04-05 15:39:02,474 [INFO]    ✅ Finalizado.
2026-04-05 15:39:03,474 [INFO] 📁 Procesando archivo: a-survey-on-communication-networks-for-electric-system-automation_salida.txt
2026-04-05 15:39:03,474 [INFO] 👉 [33] Iniciando debate...
2026-04-05 15:39:53,387 [INFO]    ✅ Finalizado.
2026-04-05 15:39:54,402 [INFO] 👉 [34] Iniciando debate...
2026-04-05 15:40:50,207 [INFO]    ✅ Finalizado.
2026-04-05 15:40:51,214 [INFO] 👉 [35] Iniciando debate...
2026-04-05 15:41:46,300 [INFO]    ✅ Finalizado.
2026-04-05 15:41:47,305 [INFO] 👉 [36] Iniciando debate...
2026-04-05 15:42:53,153 [INFO]    ✅ Finalizado.
2026-04-05 15:42:54,163 [INFO] 👉 [37] Iniciando debate...
2026-04-05 15:43:49,376 [INFO]    ✅ Finalizado.
2026-04-05 15:43:50,387 [INFO] 👉 [38] Iniciando debate...
2026-04-05 15:44:54,628 [INFO]    ✅ Finalizado.
2026-04-05 15:44:55,636 [INFO] 👉 [39] Iniciando debate...
2026-04-05 15:45:53,487 [INFO]    ✅ Finalizado.
2026-04-05 15:45:54,502 [INFO] 📁 Procesando archivo: a-wideband-high-gain-high-efficiency-hybrid-integrated-plate-array-antenna-for-v-band-inter-satellite-links_salida.txt
2026-04-05 15:45:54,502 [INFO] 👉 [40] Iniciando debate...
2026-04-05 15:46:53,374 [INFO]    ✅ Finalizado.
2026-04-05 15:46:54,374 [INFO] 👉 [41] Iniciando debate...
2026-04-05 15:47:58,781 [INFO]    ✅ Finalizado.
2026-04-05 15:47:59,792 [INFO] 👉 [42] Iniciando debate...
2026-04-05 15:49:01,052 [INFO]    ✅ Finalizado.
2026-04-05 15:49:02,056 [INFO] 👉 [43] Iniciando debate...
2026-04-05 15:49:56,971 [INFO]    ✅ Finalizado.
2026-04-05 15:49:57,986 [INFO] 👉 [44] Iniciando debate...
2026-04-05 15:50:58,533 [INFO]    ✅ Finalizado.
2026-04-05 15:50:59,543 [INFO] 👉 [45] Iniciando debate...
2026-04-05 15:51:53,620 [INFO]    ✅ Finalizado.
2026-04-05 15:51:54,635 [INFO] 👉 [46] Iniciando debate...
2026-04-05 15:52:40,649 [INFO]    ✅ Finalizado.
2026-04-05 15:52:41,649 [INFO] 📁 Procesando archivo: aeronautical-ad-hoc-networking-for-the-internet-above-the-clouds_salida.txt
2026-04-05 15:52:41,649 [INFO] 👉 [47] Iniciando debate...
2026-04-05 15:53:42,349 [INFO]    ✅ Finalizado.
2026-04-05 15:53:43,365 [INFO] 👉 [48] Iniciando debate...
2026-04-05 15:54:46,194 [INFO]    ✅ Finalizado.
2026-04-05 15:54:47,209 [INFO] 👉 [49] Iniciando debate...
2026-04-05 15:55:47,328 [INFO]    ✅ Finalizado.
2026-04-05 15:55:48,335 [INFO] 👉 [50] Iniciando debate...
2026-04-05 15:56:55,286 [INFO]    ✅ Finalizado.
2026-04-05 15:56:56,295 [INFO] 👉 [51] Iniciando debate...
2026-04-05 15:58:00,799 [INFO] 📁 Procesando archivo: a-compact-low-noise-frontend-for-interleaved-rx-tx-arrays-at-k-ka-band_salida.txt
2026-04-05 15:58:00,799 [INFO] 👉 [1] Iniciando debate...
2026-04-05 15:59:39,212 [INFO] 📁 Procesando archivo: a-compact-low-noise-frontend-for-interleaved-rx-tx-arrays-at-k-ka-band_salida.txt
2026-04-05 15:59:39,212 [INFO] 👉 [1] Iniciando debate...
2026-04-05 16:01:30,750 [INFO]    ✅ Finalizado.
2026-04-05 16:01:31,761 [INFO] 📁 Procesando archivo: a-compact-lowpass-filter-for-satellite-communication-systems-based-on-transfer-function-analysis_salida.txt
2026-04-05 16:01:31,761 [INFO] 👉 [2] Iniciando debate...
2026-04-05 16:03:05,783 [INFO]    ✅ Finalizado.
2026-04-05 16:03:06,796 [INFO] 👉 [3] Iniciando debate...
2026-04-05 16:04:25,703 [INFO]    ✅ Finalizado.
2026-04-05 16:04:26,717 [INFO] 👉 [4] Iniciando debate...
2026-04-05 16:05:57,655 [INFO]    ✅ Finalizado.
2026-04-05 16:05:58,665 [INFO] 👉 [5] Iniciando debate...
2026-04-05 16:07:29,050 [INFO]    ✅ Finalizado.
2026-04-05 16:07:30,060 [INFO] 📁 Procesando archivo: a-framework-to-classify-heterogeneous-internet-traffic-with-machine-learning-and-deep-learning-techniques-for-satellite-communications_salida.txt
2026-04-05 16:07:30,060 [INFO] 👉 [6] Iniciando debate...
2026-04-05 16:09:05,573 [INFO]    ✅ Finalizado.
2026-04-05 16:09:06,580 [INFO] 👉 [7] Iniciando debate...
2026-04-05 16:10:34,352 [INFO]    ✅ Finalizado.
2026-04-05 16:10:35,360 [INFO] 👉 [8] Iniciando debate...
2026-04-05 16:12:03,673 [INFO]    ✅ Finalizado.
2026-04-05 16:12:04,677 [INFO] 👉 [9] Iniciando debate...
2026-04-05 16:13:36,784 [INFO]    ✅ Finalizado.
2026-04-05 16:13:37,793 [INFO] 👉 [10] Iniciando debate...
2026-04-05 16:15:01,845 [INFO]    ✅ Finalizado.
2026-04-05 16:15:02,847 [INFO] 👉 [11] Iniciando debate...
2026-04-05 16:16:28,324 [INFO]    ✅ Finalizado.
2026-04-05 16:16:29,330 [INFO] 👉 [12] Iniciando debate...
2026-04-05 16:17:56,006 [INFO]    ✅ Finalizado.
2026-04-05 16:17:57,012 [INFO] 📁 Procesando archivo: a-ka-band-satcom-transceiver-in-65-nm-cmos-with-high-linearity-tx-and-dual-channel-wide-dynamic-range-rx-for-terrestrial-terminal_salida.txt
2026-04-05 16:17:57,012 [INFO] 👉 [13] Iniciando debate...
2026-04-05 16:19:38,853 [INFO]    ✅ Finalizado.
2026-04-05 16:19:39,853 [INFO] 👉 [14] Iniciando debate...
2026-04-05 16:21:28,991 [INFO]    ✅ Finalizado.
2026-04-05 16:21:29,992 [INFO] 📁 Procesando archivo: a-lagrangian-heuristic-for-satellite-range-scheduling-with-resource-constraints_salida.txt
2026-04-05 16:21:29,992 [INFO] 👉 [15] Iniciando debate...
2026-04-05 16:22:58,796 [INFO]    ✅ Finalizado.
2026-04-05 16:22:59,802 [INFO] 👉 [16] Iniciando debate...
2026-04-05 16:24:23,726 [INFO]    ✅ Finalizado.
2026-04-05 16:24:24,729 [INFO] 👉 [17] Iniciando debate...
2026-04-05 16:25:59,095 [INFO]    ✅ Finalizado.
2026-04-05 16:26:00,108 [INFO] 👉 [18] Iniciando debate...
2026-04-05 16:27:30,949 [INFO]    ✅ Finalizado.
2026-04-05 16:27:31,957 [INFO] 👉 [19] Iniciando debate...
2026-04-05 16:29:24,742 [INFO]    ✅ Finalizado.
2026-04-05 16:29:25,746 [INFO] 👉 [20] Iniciando debate...
2026-04-05 16:30:55,380 [INFO]    ✅ Finalizado.
2026-04-05 16:30:56,390 [INFO] 👉 [21] Iniciando debate...
2026-04-05 16:32:29,879 [INFO]    ✅ Finalizado.
2026-04-05 16:32:30,886 [INFO] 👉 [22] Iniciando debate...
2026-04-05 16:33:59,022 [INFO]    ✅ Finalizado.
2026-04-05 16:34:00,022 [INFO] 📁 Procesando archivo: a-novel-dual-polarized-continuous-transverse-stub-antenna-based-on-corrugated-waveguides-part-ii-experimental-demonstration_salida.txt
2026-04-05 16:34:00,022 [INFO] 👉 [23] Iniciando debate...
2026-04-05 16:35:36,126 [INFO]    ✅ Finalizado.
2026-04-05 16:35:37,134 [INFO] 👉 [24] Iniciando debate...
2026-04-05 16:37:03,516 [INFO]    ✅ Finalizado.
2026-04-05 16:37:04,530 [INFO] 👉 [25] Iniciando debate...
2026-04-05 16:38:32,547 [INFO]    ✅ Finalizado.
2026-04-05 16:38:33,558 [INFO] 👉 [26] Iniciando debate...
2026-04-05 16:40:05,487 [INFO]    ✅ Finalizado.
2026-04-05 16:40:06,503 [INFO] 👉 [27] Iniciando debate...
2026-04-05 16:41:51,864 [INFO]    ✅ Finalizado.
2026-04-05 16:41:52,869 [INFO] 📁 Procesando archivo: a-reflector-antenna-concept-robust-against-feed-failures-for-satellite-communications_salida.txt
2026-04-05 16:41:52,869 [INFO] 👉 [28] Iniciando debate...
2026-04-05 16:43:29,666 [INFO]    ✅ Finalizado.
2026-04-05 16:43:30,679 [INFO] 👉 [29] Iniciando debate...
2026-04-05 16:44:55,703 [INFO]    ✅ Finalizado.
2026-04-05 16:44:56,709 [INFO] 👉 [30] Iniciando debate...
2026-04-05 16:46:15,910 [INFO]    ✅ Finalizado.
2026-04-05 16:46:16,910 [INFO] 👉 [31] Iniciando debate...
2026-04-05 16:47:45,842 [INFO]    ✅ Finalizado.
2026-04-05 16:47:46,850 [INFO] 👉 [32] Iniciando debate...
2026-04-05 16:49:19,650 [INFO]    ✅ Finalizado.
2026-04-05 16:49:20,654 [INFO] 📁 Procesando archivo: a-survey-on-communication-networks-for-electric-system-automation_salida.txt
2026-04-05 16:49:20,654 [INFO] 👉 [33] Iniciando debate...
2026-04-05 16:51:00,710 [INFO]    ✅ Finalizado.
2026-04-05 16:51:01,718 [INFO] 👉 [34] Iniciando debate...
2026-04-05 16:52:41,421 [INFO]    ✅ Finalizado.
2026-04-05 16:52:42,430 [INFO] 👉 [35] Iniciando debate...
2026-04-05 16:54:13,175 [INFO]    ✅ Finalizado.
2026-04-05 16:54:14,184 [INFO] 👉 [36] Iniciando debate...
2026-04-05 16:55:42,596 [INFO]    ✅ Finalizado.
2026-04-05 16:55:43,607 [INFO] 👉 [37] Iniciando debate...
2026-04-05 16:57:16,966 [INFO]    ✅ Finalizado.
2026-04-05 16:57:17,975 [INFO] 👉 [38] Iniciando debate...
2026-04-05 16:58:53,137 [INFO]    ✅ Finalizado.
2026-04-05 16:58:54,152 [INFO] 👉 [39] Iniciando debate...
2026-04-05 17:00:27,470 [INFO]    ✅ Finalizado.
2026-04-05 17:00:28,474 [INFO] 📁 Procesando archivo: a-wideband-high-gain-high-efficiency-hybrid-integrated-plate-array-antenna-for-v-band-inter-satellite-links_salida.txt
2026-04-05 17:00:28,474 [INFO] 👉 [40] Iniciando debate...
2026-04-05 17:02:12,883 [INFO]    ✅ Finalizado.
2026-04-05 17:02:13,898 [INFO] 👉 [41] Iniciando debate...
2026-04-05 17:03:45,333 [INFO]    ✅ Finalizado.
2026-04-05 17:03:46,339 [INFO] 👉 [42] Iniciando debate...
2026-04-05 17:05:17,933 [INFO]    ✅ Finalizado.
2026-04-05 17:05:18,946 [INFO] 👉 [43] Iniciando debate...
2026-04-05 17:06:58,510 [INFO]    ✅ Finalizado.
2026-04-05 17:06:59,512 [INFO] 👉 [44] Iniciando debate...
2026-04-05 17:08:37,036 [INFO]    ✅ Finalizado.
2026-04-05 17:08:38,047 [INFO] 👉 [45] Iniciando debate...
2026-04-05 17:09:59,929 [INFO]    ✅ Finalizado.
2026-04-05 17:10:00,930 [INFO] 👉 [46] Iniciando debate...
2026-04-05 17:11:38,579 [INFO]    ✅ Finalizado.
2026-04-05 17:11:39,592 [INFO] 📁 Procesando archivo: aeronautical-ad-hoc-networking-for-the-internet-above-the-clouds_salida.txt
2026-04-05 17:11:39,592 [INFO] 👉 [47] Iniciando debate...
2026-04-05 17:12:58,969 [INFO]    ✅ Finalizado.
2026-04-05 17:12:59,973 [INFO] 👉 [48] Iniciando debate...
2026-04-05 17:14:26,257 [INFO]    ✅ Finalizado.
2026-04-05 17:14:27,266 [INFO] 👉 [49] Iniciando debate...
2026-04-05 17:15:59,870 [INFO]    ✅ Finalizado.
2026-04-05 17:16:00,885 [INFO] 👉 [50] Iniciando debate...
2026-04-05 17:17:33,531 [INFO]    ✅ Finalizado.
2026-04-05 17:17:34,538 [INFO] 🛑 Límite de 50 preguntas alcanzado. Deteniendo...
2026-04-05 17:20:09,391 [INFO] 📁 Procesando archivo: a-compact-low-noise-frontend-for-interleaved-rx-tx-arrays-at-k-ka-band_salida.txt
2026-04-05 17:20:09,391 [INFO] 👉 [1] Iniciando debate...
2026-04-05 17:51:31,497 [INFO]    ✅ Finalizado.
2026-04-05 17:51:32,500 [INFO] 📁 Procesando archivo: a-compact-lowpass-filter-for-satellite-communication-systems-based-on-transfer-function-analysis_salida.txt
2026-04-05 17:51:32,500 [INFO] 👉 [2] Iniciando debate...
2026-04-05 18:22:24,797 [INFO]    ✅ Finalizado.
2026-04-05 18:22:25,800 [INFO] 👉 [3] Iniciando debate...
2026-04-05 18:51:29,532 [INFO]    ✅ Finalizado.
2026-04-05 18:51:30,538 [INFO] 👉 [4] Iniciando debate...
2026-04-05 19:22:22,291 [INFO]    ✅ Finalizado.
2026-04-05 19:22:23,295 [INFO] 👉 [5] Iniciando debate...
2026-04-05 19:52:14,228 [INFO]    ✅ Finalizado.
2026-04-05 19:52:15,232 [INFO] 📁 Procesando archivo: a-framework-to-classify-heterogeneous-internet-traffic-with-machine-learning-and-deep-learning-techniques-for-satellite-communications_salida.txt
2026-04-05 19:52:15,232 [INFO] 👉 [6] Iniciando debate...
2026-04-05 20:18:39,991 [INFO]    ✅ Finalizado.
2026-04-05 20:18:41,001 [INFO] 👉 [7] Iniciando debate...
2026-04-05 21:33:31,619 [INFO] 📁 Procesando archivo: a-compact-low-noise-frontend-for-interleaved-rx-tx-arrays-at-k-ka-band_salida.txt
2026-04-05 21:33:31,619 [INFO] 📁 Procesando archivo: a-compact-lowpass-filter-for-satellite-communication-systems-based-on-transfer-function-analysis_salida.txt
2026-04-05 21:33:31,619 [INFO] 📁 Procesando archivo: a-framework-to-classify-heterogeneous-internet-traffic-with-machine-learning-and-deep-learning-techniques-for-satellite-communications_salida.txt
2026-04-05 21:33:31,619 [INFO] 👉 [7] Iniciando debate...
2026-04-05 21:34:22,900 [INFO]    ✅ Finalizado.
2026-04-05 21:34:23,900 [INFO] 👉 [8] Iniciando debate...
2026-04-05 21:34:53,447 [INFO] 📁 Procesando archivo: a-compact-low-noise-frontend-for-interleaved-rx-tx-arrays-at-k-ka-band_salida.txt
2026-04-05 21:34:53,447 [INFO] 📁 Procesando archivo: a-compact-lowpass-filter-for-satellite-communication-systems-based-on-transfer-function-analysis_salida.txt
2026-04-05 21:34:53,447 [INFO] 📁 Procesando archivo: a-framework-to-classify-heterogeneous-internet-traffic-with-machine-learning-and-deep-learning-techniques-for-satellite-communications_salida.txt
2026-04-05 21:34:53,447 [INFO] 👉 [7] Iniciando debate...
2026-04-05 21:41:29,183 [INFO] 📁 Procesando archivo: a-compact-low-noise-frontend-for-interleaved-rx-tx-arrays-at-k-ka-band_salida.txt
2026-04-05 21:41:29,183 [INFO] 📁 Procesando archivo: a-compact-lowpass-filter-for-satellite-communication-systems-based-on-transfer-function-analysis_salida.txt
2026-04-05 21:41:29,183 [INFO] 📁 Procesando archivo: a-framework-to-classify-heterogeneous-internet-traffic-with-machine-learning-and-deep-learning-techniques-for-satellite-communications_salida.txt
2026-04-05 21:41:29,183 [INFO] 👉 [7] Iniciando debate...
2026-04-05 22:11:03,138 [INFO]    ✅ Finalizado.
2026-04-05 22:11:04,147 [INFO] 👉 [8] Iniciando debate...
2026-04-05 22:41:40,307 [INFO]    ✅ Finalizado.
2026-04-05 22:41:41,311 [INFO] 👉 [9] Iniciando debate...
2026-04-05 23:07:22,892 [INFO]    ✅ Finalizado.
2026-04-05 23:07:23,900 [INFO] 👉 [10] Iniciando debate...
2026-04-05 23:36:32,180 [INFO]    ✅ Finalizado.
2026-04-05 23:36:33,187 [INFO] 👉 [11] Iniciando debate...
2026-04-06 00:04:42,164 [INFO]    ✅ Finalizado.
2026-04-06 00:04:43,175 [INFO] 👉 [12] Iniciando debate...
2026-04-06 08:01:22,178 [INFO] 📁 Procesando archivo: a-compact-low-noise-frontend-for-interleaved-rx-tx-arrays-at-k-ka-band_salida.txt
2026-04-06 08:01:22,178 [INFO] 📁 Procesando archivo: a-compact-lowpass-filter-for-satellite-communication-systems-based-on-transfer-function-analysis_salida.txt
2026-04-06 08:01:22,194 [INFO] 📁 Procesando archivo: a-framework-to-classify-heterogeneous-internet-traffic-with-machine-learning-and-deep-learning-techniques-for-satellite-communications_salida.txt
2026-04-06 08:01:22,194 [INFO] 👉 [12] Iniciando debate...
2026-04-06 08:03:14,058 [INFO] 📁 Procesando archivo: a-compact-low-noise-frontend-for-interleaved-rx-tx-arrays-at-k-ka-band_salida.txt
2026-04-06 08:03:14,058 [INFO] 📁 Procesando archivo: a-compact-lowpass-filter-for-satellite-communication-systems-based-on-transfer-function-analysis_salida.txt
2026-04-06 08:03:14,058 [INFO] 📁 Procesando archivo: a-framework-to-classify-heterogeneous-internet-traffic-with-machine-learning-and-deep-learning-techniques-for-satellite-communications_salida.txt
2026-04-06 08:03:14,058 [INFO] 👉 [12] Iniciando debate...
2026-04-06 08:27:58,019 [INFO]    ✅ Finalizado.
2026-04-06 08:27:59,030 [INFO] 📁 Procesando archivo: a-ka-band-satcom-transceiver-in-65-nm-cmos-with-high-linearity-tx-and-dual-channel-wide-dynamic-range-rx-for-terrestrial-terminal_salida.txt
2026-04-06 08:27:59,036 [INFO] 👉 [13] Iniciando debate...
2026-04-06 08:58:26,192 [INFO]    ✅ Finalizado.
2026-04-06 08:58:27,202 [INFO] 👉 [14] Iniciando debate...
2026-04-06 09:25:31,956 [INFO]    ✅ Finalizado.
2026-04-06 09:25:32,967 [INFO] 📁 Procesando archivo: a-lagrangian-heuristic-for-satellite-range-scheduling-with-resource-constraints_salida.txt
2026-04-06 09:25:32,982 [INFO] 👉 [15] Iniciando debate...
2026-04-06 09:51:22,656 [INFO]    ✅ Finalizado.
2026-04-06 09:51:23,667 [INFO] 👉 [16] Iniciando debate...
2026-04-06 10:21:42,089 [INFO]    ✅ Finalizado.
2026-04-06 10:21:43,092 [INFO] 👉 [17] Iniciando debate...
2026-04-06 10:48:44,159 [INFO]    ✅ Finalizado.
2026-04-06 10:48:45,171 [INFO] 👉 [18] Iniciando debate...
2026-04-06 11:14:37,867 [INFO]    ✅ Finalizado.
2026-04-06 11:14:38,871 [INFO] 👉 [19] Iniciando debate...
2026-04-06 11:42:21,592 [INFO]    ✅ Finalizado.
2026-04-06 11:42:22,607 [INFO] 👉 [20] Iniciando debate...
2026-04-06 12:09:11,805 [INFO]    ✅ Finalizado.
2026-04-06 12:09:12,813 [INFO] 👉 [21] Iniciando debate...
2026-04-06 12:39:15,258 [INFO]    ✅ Finalizado.
2026-04-06 12:39:16,259 [INFO] 👉 [22] Iniciando debate...
2026-04-06 12:54:49,365 [INFO] 📁 Procesando archivo: a-compact-low-noise-frontend-for-interleaved-rx-tx-arrays-at-k-ka-band_salida.txt
2026-04-06 12:54:49,365 [INFO] 👉 [1] Iniciando debate...
2026-04-06 12:54:49,411 [INFO] 🔄 INICIANDO RONDA: 0 | Moderador: gemma2:2b
2026-04-06 12:54:56,346 [INFO] 📊 [DLB] Generando análisis técnico con gemma2:2b...
2026-04-06 12:54:56,346 [INFO] 📡 [PNM] Calculando recursos de red con gemma2:2b...
2026-04-06 12:55:02,708 [INFO] 🔄 INICIANDO RONDA: 1 | Moderador: gemma2:2b
2026-04-06 12:55:04,775 [INFO] 📊 [DLB] Generando análisis técnico con gemma2:2b...
2026-04-06 12:55:04,775 [INFO] 📡 [PNM] Calculando recursos de red con gemma2:2b...
2026-04-06 12:55:10,089 [INFO] 🔄 INICIANDO RONDA: 2 | Moderador: gemma2:2b
2026-04-06 12:55:11,884 [INFO] 📊 [DLB] Generando análisis técnico con gemma2:2b...
2026-04-06 12:55:11,884 [INFO] 📡 [PNM] Calculando recursos de red con gemma2:2b...
2026-04-06 12:55:17,662 [INFO] 🔄 INICIANDO RONDA: 3 | Moderador: gemma2:2b
2026-04-06 12:55:19,461 [INFO] 📊 [DLB] Generando análisis técnico con gemma2:2b...
2026-04-06 12:55:19,461 [INFO] 📡 [PNM] Calculando recursos de red con gemma2:2b...
2026-04-06 12:55:25,753 [INFO] 🔄 INICIANDO RONDA: 4 | Moderador: gemma2:2b
2026-04-06 12:55:27,873 [INFO] ⚖️ [JUEZ] Generando respuesta consenso con gemma2:2b...
2026-04-06 12:55:31,203 [INFO]    ✅ Finalizado.
2026-04-06 12:55:32,218 [INFO] 📁 Procesando archivo: a-compact-lowpass-filter-for-satellite-communication-systems-based-on-transfer-function-analysis_salida.txt
2026-04-06 12:55:32,218 [INFO] 👉 [2] Iniciando debate...
2026-04-06 12:55:32,218 [INFO] 🔄 INICIANDO RONDA: 0 | Moderador: gemma2:2b
2026-04-06 12:55:36,810 [INFO] 📊 [DLB] Generando análisis técnico con gemma2:2b...
2026-04-06 12:55:36,810 [INFO] 📡 [PNM] Calculando recursos de red con gemma2:2b...
2026-04-06 12:55:43,830 [INFO] 🔄 INICIANDO RONDA: 1 | Moderador: gemma2:2b
2026-04-06 12:55:46,520 [INFO] 📊 [DLB] Generando análisis técnico con gemma2:2b...
2026-04-06 12:55:46,520 [INFO] 📡 [PNM] Calculando recursos de red con gemma2:2b...
2026-04-06 12:55:55,152 [INFO] 🔄 INICIANDO RONDA: 2 | Moderador: gemma2:2b
2026-04-06 12:55:59,465 [INFO] 📊 [DLB] Generando análisis técnico con gemma2:2b...
2026-04-06 12:55:59,465 [INFO] 📡 [PNM] Calculando recursos de red con gemma2:2b...
2026-04-06 12:56:06,204 [INFO] 🔄 INICIANDO RONDA: 3 | Moderador: gemma2:2b
2026-04-06 12:56:08,768 [INFO] 📊 [DLB] Generando análisis técnico con gemma2:2b...
2026-04-06 12:56:08,768 [INFO] 📡 [PNM] Calculando recursos de red con gemma2:2b...
2026-04-06 12:56:16,111 [INFO] 🔄 INICIANDO RONDA: 4 | Moderador: gemma2:2b
2026-04-06 12:56:18,470 [INFO] ⚖️ [JUEZ] Generando respuesta consenso con gemma2:2b...
2026-04-06 12:56:22,532 [INFO]    ✅ Finalizado.
2026-04-06 12:56:23,542 [INFO] 👉 [3] Iniciando debate...
2026-04-06 12:56:23,542 [INFO] 🔄 INICIANDO RONDA: 0 | Moderador: gemma2:2b
2026-04-06 12:56:27,207 [INFO] 📊 [DLB] Generando análisis técnico con gemma2:2b...
2026-04-06 12:56:27,207 [INFO] 📡 [PNM] Calculando recursos de red con gemma2:2b...
2026-04-06 12:56:33,380 [INFO] 🔄 INICIANDO RONDA: 1 | Moderador: gemma2:2b
2026-04-06 12:56:34,797 [INFO] 📊 [DLB] Generando análisis técnico con gemma2:2b...
2026-04-06 12:56:34,797 [INFO] 📡 [PNM] Calculando recursos de red con gemma2:2b...
2026-04-06 12:56:39,904 [INFO] 🔄 INICIANDO RONDA: 2 | Moderador: gemma2:2b
2026-04-06 12:56:41,148 [INFO] 📊 [DLB] Generando análisis técnico con gemma2:2b...
2026-04-06 12:56:41,148 [INFO] 📡 [PNM] Calculando recursos de red con gemma2:2b...
2026-04-06 12:56:46,631 [INFO] 🔄 INICIANDO RONDA: 3 | Moderador: gemma2:2b
2026-04-06 12:56:48,713 [INFO] 📊 [DLB] Generando análisis técnico con gemma2:2b...
2026-04-06 12:56:48,713 [INFO] 📡 [PNM] Calculando recursos de red con gemma2:2b...
2026-04-06 12:56:54,442 [INFO] 🔄 INICIANDO RONDA: 4 | Moderador: gemma2:2b
2026-04-06 12:56:56,232 [INFO] ⚖️ [JUEZ] Generando respuesta consenso con gemma2:2b...
2026-04-06 12:56:59,075 [INFO]    ✅ Finalizado.
2026-04-06 12:57:00,085 [INFO] 👉 [4] Iniciando debate...
2026-04-06 12:57:00,085 [INFO] 🔄 INICIANDO RONDA: 0 | Moderador: gemma2:2b
2026-04-06 12:57:03,583 [INFO] 📊 [DLB] Generando análisis técnico con gemma2:2b...
2026-04-06 12:57:03,583 [INFO] 📡 [PNM] Calculando recursos de red con gemma2:2b...
2026-04-06 12:57:10,860 [INFO] 🔄 INICIANDO RONDA: 1 | Moderador: gemma2:2b
2026-04-06 12:57:12,885 [INFO] 📊 [DLB] Generando análisis técnico con gemma2:2b...
2026-04-06 12:57:12,885 [INFO] 📡 [PNM] Calculando recursos de red con gemma2:2b...
2026-04-06 12:57:18,839 [INFO] 🔄 INICIANDO RONDA: 2 | Moderador: gemma2:2b
2026-04-06 12:57:20,907 [INFO] 📊 [DLB] Generando análisis técnico con gemma2:2b...
2026-04-06 12:57:20,907 [INFO] 📡 [PNM] Calculando recursos de red con gemma2:2b...
2026-04-06 12:57:29,166 [INFO] 🔄 INICIANDO RONDA: 3 | Moderador: gemma2:2b
2026-04-06 12:57:31,671 [INFO] 📊 [DLB] Generando análisis técnico con gemma2:2b...
2026-04-06 12:57:31,671 [INFO] 📡 [PNM] Calculando recursos de red con gemma2:2b...
2026-04-06 12:57:37,348 [INFO] 🔄 INICIANDO RONDA: 4 | Moderador: gemma2:2b
2026-04-06 12:57:39,800 [INFO] ⚖️ [JUEZ] Generando respuesta consenso con gemma2:2b...
2026-04-06 12:57:43,503 [INFO]    ✅ Finalizado.
2026-04-06 12:57:44,515 [INFO] 👉 [5] Iniciando debate...
2026-04-06 12:57:44,515 [INFO] 🔄 INICIANDO RONDA: 0 | Moderador: gemma2:2b
2026-04-06 12:57:48,581 [INFO] 📊 [DLB] Generando análisis técnico con gemma2:2b...
2026-04-06 12:57:48,581 [INFO] 📡 [PNM] Calculando recursos de red con gemma2:2b...
2026-04-06 12:57:55,289 [INFO] 🔄 INICIANDO RONDA: 1 | Moderador: gemma2:2b
2026-04-06 12:57:57,154 [INFO] 📊 [DLB] Generando análisis técnico con gemma2:2b...
2026-04-06 12:57:57,154 [INFO] 📡 [PNM] Calculando recursos de red con gemma2:2b...
2026-04-06 12:58:03,297 [INFO] 🔄 INICIANDO RONDA: 2 | Moderador: gemma2:2b
2026-04-06 12:58:05,090 [INFO] 📊 [DLB] Generando análisis técnico con gemma2:2b...
2026-04-06 12:58:05,090 [INFO] 📡 [PNM] Calculando recursos de red con gemma2:2b...
2026-04-06 12:58:11,363 [INFO] 🔄 INICIANDO RONDA: 3 | Moderador: gemma2:2b
2026-04-06 12:58:13,594 [INFO] 📊 [DLB] Generando análisis técnico con gemma2:2b...
2026-04-06 12:58:13,594 [INFO] 📡 [PNM] Calculando recursos de red con gemma2:2b...
2026-04-06 12:58:19,707 [INFO] 🔄 INICIANDO RONDA: 4 | Moderador: gemma2:2b
2026-04-06 12:58:21,755 [INFO] ⚖️ [JUEZ] Generando respuesta consenso con gemma2:2b...
2026-04-06 12:58:25,049 [INFO]    ✅ Finalizado.
2026-04-06 12:58:26,053 [INFO] 📁 Procesando archivo: a-framework-to-classify-heterogeneous-internet-traffic-with-machine-learning-and-deep-learning-techniques-for-satellite-communications_salida.txt
2026-04-06 12:58:26,053 [INFO] 👉 [6] Iniciando debate...
2026-04-06 12:58:26,053 [INFO] 🔄 INICIANDO RONDA: 0 | Moderador: gemma2:2b
2026-04-06 12:58:29,837 [INFO] 📊 [DLB] Generando análisis técnico con gemma2:2b...
2026-04-06 12:58:29,837 [INFO] 📡 [PNM] Calculando recursos de red con gemma2:2b...
2026-04-06 12:58:35,912 [INFO] 🔄 INICIANDO RONDA: 1 | Moderador: gemma2:2b
2026-04-06 12:58:37,783 [INFO] 📊 [DLB] Generando análisis técnico con gemma2:2b...
2026-04-06 12:58:37,783 [INFO] 📡 [PNM] Calculando recursos de red con gemma2:2b...
2026-04-06 12:58:44,987 [INFO] 🔄 INICIANDO RONDA: 2 | Moderador: gemma2:2b
2026-04-06 12:58:47,486 [INFO] 📊 [DLB] Generando análisis técnico con gemma2:2b...
2026-04-06 12:58:47,486 [INFO] 📡 [PNM] Calculando recursos de red con gemma2:2b...
2026-04-06 12:58:54,427 [INFO] 🔄 INICIANDO RONDA: 3 | Moderador: gemma2:2b
2026-04-06 12:58:56,283 [INFO] 📊 [DLB] Generando análisis técnico con gemma2:2b...
2026-04-06 12:58:56,283 [INFO] 📡 [PNM] Calculando recursos de red con gemma2:2b...
2026-04-06 12:59:02,538 [INFO] 🔄 INICIANDO RONDA: 4 | Moderador: gemma2:2b
2026-04-06 12:59:04,715 [INFO] ⚖️ [JUEZ] Generando respuesta consenso con gemma2:2b...
2026-04-06 12:59:08,777 [INFO]    ✅ Finalizado.
2026-04-06 12:59:09,787 [INFO] 👉 [7] Iniciando debate...
2026-04-06 12:59:09,787 [INFO] 🔄 INICIANDO RONDA: 0 | Moderador: gemma2:2b
2026-04-06 12:59:14,341 [INFO] 📊 [DLB] Generando análisis técnico con gemma2:2b...
2026-04-06 12:59:14,341 [INFO] 📡 [PNM] Calculando recursos de red con gemma2:2b...
2026-04-06 12:59:20,065 [INFO] 🔄 INICIANDO RONDA: 1 | Moderador: gemma2:2b
2026-04-06 12:59:22,098 [INFO] 📊 [DLB] Generando análisis técnico con gemma2:2b...
2026-04-06 12:59:22,098 [INFO] 📡 [PNM] Calculando recursos de red con gemma2:2b...
2026-04-06 12:59:27,375 [INFO] 🔄 INICIANDO RONDA: 2 | Moderador: gemma2:2b
2026-04-06 12:59:29,072 [INFO] 📊 [DLB] Generando análisis técnico con gemma2:2b...
2026-04-06 12:59:29,072 [INFO] 📡 [PNM] Calculando recursos de red con gemma2:2b...
2026-04-06 12:59:34,898 [INFO] 🔄 INICIANDO RONDA: 3 | Moderador: gemma2:2b
2026-04-06 12:59:37,059 [INFO] 📊 [DLB] Generando análisis técnico con gemma2:2b...
2026-04-06 12:59:37,059 [INFO] 📡 [PNM] Calculando recursos de red con gemma2:2b...
2026-04-06 12:59:45,544 [INFO] 🔄 INICIANDO RONDA: 4 | Moderador: gemma2:2b
2026-04-06 12:59:47,787 [INFO] ⚖️ [JUEZ] Generando respuesta consenso con gemma2:2b...
2026-04-06 12:59:51,834 [INFO]    ✅ Finalizado.
2026-04-06 12:59:52,834 [INFO] 👉 [8] Iniciando debate...
2026-04-06 12:59:52,834 [INFO] 🔄 INICIANDO RONDA: 0 | Moderador: gemma2:2b
2026-04-06 12:59:56,811 [INFO] 📊 [DLB] Generando análisis técnico con gemma2:2b...
2026-04-06 12:59:56,813 [INFO] 📡 [PNM] Calculando recursos de red con gemma2:2b...
2026-04-06 13:00:02,980 [INFO] 🔄 INICIANDO RONDA: 1 | Moderador: gemma2:2b
2026-04-06 13:00:04,998 [INFO] 📊 [DLB] Generando análisis técnico con gemma2:2b...
2026-04-06 13:00:04,998 [INFO] 📡 [PNM] Calculando recursos de red con gemma2:2b...
2026-04-06 13:00:11,451 [INFO] 🔄 INICIANDO RONDA: 2 | Moderador: gemma2:2b
2026-04-06 13:00:13,874 [INFO] 📊 [DLB] Generando análisis técnico con gemma2:2b...
2026-04-06 13:00:13,874 [INFO] 📡 [PNM] Calculando recursos de red con gemma2:2b...
2026-04-06 13:00:20,680 [INFO] 🔄 INICIANDO RONDA: 3 | Moderador: gemma2:2b
2026-04-06 13:00:23,272 [INFO] 📊 [DLB] Generando análisis técnico con gemma2:2b...
2026-04-06 13:00:23,272 [INFO] 📡 [PNM] Calculando recursos de red con gemma2:2b...
2026-04-06 13:00:30,083 [INFO] 🔄 INICIANDO RONDA: 4 | Moderador: gemma2:2b
2026-04-06 13:00:32,618 [INFO] ⚖️ [JUEZ] Generando respuesta consenso con gemma2:2b...
2026-04-06 13:00:35,674 [INFO]    ✅ Finalizado.
2026-04-06 13:00:36,674 [INFO] 👉 [9] Iniciando debate...
2026-04-06 13:00:36,674 [INFO] 🔄 INICIANDO RONDA: 0 | Moderador: gemma2:2b
2026-04-06 13:00:40,824 [INFO] 📊 [DLB] Generando análisis técnico con gemma2:2b...
2026-04-06 13:00:40,824 [INFO] 📡 [PNM] Calculando recursos de red con gemma2:2b...
2026-04-06 13:00:49,886 [INFO] 🔄 INICIANDO RONDA: 1 | Moderador: gemma2:2b
2026-04-06 13:00:52,655 [INFO] 📊 [DLB] Generando análisis técnico con gemma2:2b...
2026-04-06 13:00:52,655 [INFO] 📡 [PNM] Calculando recursos de red con gemma2:2b...
2026-04-06 13:00:59,830 [INFO] 🔄 INICIANDO RONDA: 2 | Moderador: gemma2:2b
2026-04-06 13:01:02,129 [INFO] 📊 [DLB] Generando análisis técnico con gemma2:2b...
2026-04-06 13:01:02,129 [INFO] 📡 [PNM] Calculando recursos de red con gemma2:2b...
2026-04-06 13:01:10,005 [INFO] 🔄 INICIANDO RONDA: 3 | Moderador: gemma2:2b
2026-04-06 13:01:12,261 [INFO] 📊 [DLB] Generando análisis técnico con gemma2:2b...
2026-04-06 13:01:12,261 [INFO] 📡 [PNM] Calculando recursos de red con gemma2:2b...
2026-04-06 13:01:19,147 [INFO] 🔄 INICIANDO RONDA: 4 | Moderador: gemma2:2b
2026-04-06 13:01:21,062 [INFO] ⚖️ [JUEZ] Generando respuesta consenso con gemma2:2b...
2026-04-06 13:01:24,273 [INFO]    ✅ Finalizado.
2026-04-06 13:01:25,277 [INFO] 👉 [10] Iniciando debate...
2026-04-06 13:01:25,277 [INFO] 🔄 INICIANDO RONDA: 0 | Moderador: gemma2:2b
2026-04-06 13:01:28,739 [INFO] 📊 [DLB] Generando análisis técnico con gemma2:2b...
2026-04-06 13:01:28,739 [INFO] 📡 [PNM] Calculando recursos de red con gemma2:2b...
2026-04-06 13:01:33,883 [INFO] 🔄 INICIANDO RONDA: 1 | Moderador: gemma2:2b
2026-04-06 13:01:36,019 [INFO] 📊 [DLB] Generando análisis técnico con gemma2:2b...
2026-04-06 13:01:36,019 [INFO] 📡 [PNM] Calculando recursos de red con gemma2:2b...
2026-04-06 13:01:41,508 [INFO] 🔄 INICIANDO RONDA: 2 | Moderador: gemma2:2b
2026-04-06 13:01:43,310 [INFO] 📊 [DLB] Generando análisis técnico con gemma2:2b...
2026-04-06 13:01:43,310 [INFO] 📡 [PNM] Calculando recursos de red con gemma2:2b...
2026-04-06 13:01:49,690 [INFO] 🔄 INICIANDO RONDA: 3 | Moderador: gemma2:2b
2026-04-06 13:01:51,923 [INFO] 📊 [DLB] Generando análisis técnico con gemma2:2b...
2026-04-06 13:01:51,923 [INFO] 📡 [PNM] Calculando recursos de red con gemma2:2b...
2026-04-06 13:01:58,259 [INFO] 🔄 INICIANDO RONDA: 4 | Moderador: gemma2:2b
2026-04-06 13:02:00,173 [INFO] ⚖️ [JUEZ] Generando respuesta consenso con gemma2:2b...
2026-04-06 13:02:03,289 [INFO]    ✅ Finalizado.
2026-04-06 13:02:04,293 [INFO] 👉 [11] Iniciando debate...
2026-04-06 13:02:04,293 [INFO] 🔄 INICIANDO RONDA: 0 | Moderador: gemma2:2b
2026-04-06 13:02:07,499 [INFO] 📊 [DLB] Generando análisis técnico con gemma2:2b...
2026-04-06 13:02:07,499 [INFO] 📡 [PNM] Calculando recursos de red con gemma2:2b...
2026-04-06 13:02:13,690 [INFO] 🔄 INICIANDO RONDA: 1 | Moderador: gemma2:2b
2026-04-06 13:02:16,460 [INFO] 📊 [DLB] Generando análisis técnico con gemma2:2b...
2026-04-06 13:02:16,460 [INFO] 📡 [PNM] Calculando recursos de red con gemma2:2b...
2026-04-06 13:02:21,955 [INFO] 🔄 INICIANDO RONDA: 2 | Moderador: gemma2:2b
2026-04-06 13:02:23,986 [INFO] 📊 [DLB] Generando análisis técnico con gemma2:2b...
2026-04-06 13:02:23,986 [INFO] 📡 [PNM] Calculando recursos de red con gemma2:2b...
2026-04-06 13:02:30,207 [INFO] 🔄 INICIANDO RONDA: 3 | Moderador: gemma2:2b
2026-04-06 13:02:32,624 [INFO] 📊 [DLB] Generando análisis técnico con gemma2:2b...
2026-04-06 13:02:32,624 [INFO] 📡 [PNM] Calculando recursos de red con gemma2:2b...
2026-04-06 13:02:38,804 [INFO] 🔄 INICIANDO RONDA: 4 | Moderador: gemma2:2b
2026-04-06 13:02:40,880 [INFO] ⚖️ [JUEZ] Generando respuesta consenso con gemma2:2b...
2026-04-06 13:02:43,769 [INFO]    ✅ Finalizado.
2026-04-06 13:02:44,776 [INFO] 👉 [12] Iniciando debate...
2026-04-06 13:02:44,776 [INFO] 🔄 INICIANDO RONDA: 0 | Moderador: gemma2:2b
2026-04-06 13:02:48,561 [INFO] 📊 [DLB] Generando análisis técnico con gemma2:2b...
2026-04-06 13:02:48,561 [INFO] 📡 [PNM] Calculando recursos de red con gemma2:2b...
2026-04-06 13:02:54,723 [INFO] 🔄 INICIANDO RONDA: 1 | Moderador: gemma2:2b
2026-04-06 13:02:56,620 [INFO] 📊 [DLB] Generando análisis técnico con gemma2:2b...
2026-04-06 13:02:56,620 [INFO] 📡 [PNM] Calculando recursos de red con gemma2:2b...
2026-04-06 13:03:02,046 [INFO] 🔄 INICIANDO RONDA: 2 | Moderador: gemma2:2b
2026-04-06 13:03:04,296 [INFO] 📊 [DLB] Generando análisis técnico con gemma2:2b...
2026-04-06 13:03:04,296 [INFO] 📡 [PNM] Calculando recursos de red con gemma2:2b...
2026-04-06 13:03:11,165 [INFO] 🔄 INICIANDO RONDA: 3 | Moderador: gemma2:2b
2026-04-06 13:03:13,473 [INFO] 📊 [DLB] Generando análisis técnico con gemma2:2b...
2026-04-06 13:03:13,473 [INFO] 📡 [PNM] Calculando recursos de red con gemma2:2b...
2026-04-06 13:03:23,804 [INFO] 🔄 INICIANDO RONDA: 4 | Moderador: gemma2:2b
2026-04-06 13:03:25,864 [INFO] ⚖️ [JUEZ] Generando respuesta consenso con gemma2:2b...
2026-04-06 13:03:29,812 [INFO]    ✅ Finalizado.
2026-04-06 13:03:30,827 [INFO] 📁 Procesando archivo: a-ka-band-satcom-transceiver-in-65-nm-cmos-with-high-linearity-tx-and-dual-channel-wide-dynamic-range-rx-for-terrestrial-terminal_salida.txt
2026-04-06 13:03:30,827 [INFO] 👉 [13] Iniciando debate...
2026-04-06 13:03:30,827 [INFO] 🔄 INICIANDO RONDA: 0 | Moderador: gemma2:2b
2026-04-06 13:03:34,423 [INFO] 📊 [DLB] Generando análisis técnico con gemma2:2b...
2026-04-06 13:03:34,423 [INFO] 📡 [PNM] Calculando recursos de red con gemma2:2b...
2026-04-06 13:03:39,956 [INFO] 🔄 INICIANDO RONDA: 1 | Moderador: gemma2:2b
2026-04-06 13:03:42,056 [INFO] 📊 [DLB] Generando análisis técnico con gemma2:2b...
2026-04-06 13:03:42,056 [INFO] 📡 [PNM] Calculando recursos de red con gemma2:2b...
2026-04-06 13:03:47,660 [INFO] 🔄 INICIANDO RONDA: 2 | Moderador: gemma2:2b
2026-04-06 13:03:48,985 [INFO] 📊 [DLB] Generando análisis técnico con gemma2:2b...
2026-04-06 13:03:48,985 [INFO] 📡 [PNM] Calculando recursos de red con gemma2:2b...
2026-04-06 13:03:55,040 [INFO] 🔄 INICIANDO RONDA: 3 | Moderador: gemma2:2b
2026-04-06 13:03:57,119 [INFO] 📊 [DLB] Generando análisis técnico con gemma2:2b...
2026-04-06 13:03:57,119 [INFO] 📡 [PNM] Calculando recursos de red con gemma2:2b...
2026-04-06 13:04:02,972 [INFO] 🔄 INICIANDO RONDA: 4 | Moderador: gemma2:2b
2026-04-06 13:04:04,665 [INFO] ⚖️ [JUEZ] Generando respuesta consenso con gemma2:2b...
2026-04-06 13:04:08,263 [INFO]    ✅ Finalizado.
2026-04-06 13:04:09,268 [INFO] 👉 [14] Iniciando debate...
2026-04-06 13:04:09,268 [INFO] 🔄 INICIANDO RONDA: 0 | Moderador: gemma2:2b
2026-04-06 13:04:12,798 [INFO] 📊 [DLB] Generando análisis técnico con gemma2:2b...
2026-04-06 13:04:12,798 [INFO] 📡 [PNM] Calculando recursos de red con gemma2:2b...
2026-04-06 13:04:18,772 [INFO] 🔄 INICIANDO RONDA: 1 | Moderador: gemma2:2b
2026-04-06 13:04:20,630 [INFO] 📊 [DLB] Generando análisis técnico con gemma2:2b...
2026-04-06 13:04:20,630 [INFO] 📡 [PNM] Calculando recursos de red con gemma2:2b...
2026-04-06 13:04:26,538 [INFO] 🔄 INICIANDO RONDA: 2 | Moderador: gemma2:2b
2026-04-06 13:04:28,308 [INFO] 📊 [DLB] Generando análisis técnico con gemma2:2b...
2026-04-06 13:04:28,308 [INFO] 📡 [PNM] Calculando recursos de red con gemma2:2b...
2026-04-06 13:04:34,339 [INFO] 🔄 INICIANDO RONDA: 3 | Moderador: gemma2:2b
2026-04-06 13:04:36,673 [INFO] 📊 [DLB] Generando análisis técnico con gemma2:2b...
2026-04-06 13:04:36,673 [INFO] 📡 [PNM] Calculando recursos de red con gemma2:2b...
2026-04-06 13:04:42,868 [INFO] 🔄 INICIANDO RONDA: 4 | Moderador: gemma2:2b
2026-04-06 13:04:45,002 [INFO] ⚖️ [JUEZ] Generando respuesta consenso con gemma2:2b...
2026-04-06 13:04:47,800 [INFO]    ✅ Finalizado.
2026-04-06 13:04:48,815 [INFO] 📁 Procesando archivo: a-lagrangian-heuristic-for-satellite-range-scheduling-with-resource-constraints_salida.txt
2026-04-06 13:04:48,815 [INFO] 👉 [15] Iniciando debate...
2026-04-06 13:04:48,815 [INFO] 🔄 INICIANDO RONDA: 0 | Moderador: gemma2:2b
2026-04-06 13:04:52,574 [INFO] 📊 [DLB] Generando análisis técnico con gemma2:2b...
2026-04-06 13:04:52,574 [INFO] 📡 [PNM] Calculando recursos de red con gemma2:2b...
2026-04-06 13:04:59,006 [INFO] 🔄 INICIANDO RONDA: 1 | Moderador: gemma2:2b
2026-04-06 13:05:01,844 [INFO] 📊 [DLB] Generando análisis técnico con gemma2:2b...
2026-04-06 13:05:01,844 [INFO] 📡 [PNM] Calculando recursos de red con gemma2:2b...
2026-04-06 13:05:08,502 [INFO] 🔄 INICIANDO RONDA: 2 | Moderador: gemma2:2b
2026-04-06 13:05:10,717 [INFO] 📊 [DLB] Generando análisis técnico con gemma2:2b...
2026-04-06 13:05:10,717 [INFO] 📡 [PNM] Calculando recursos de red con gemma2:2b...
2026-04-06 13:05:18,233 [INFO] 🔄 INICIANDO RONDA: 3 | Moderador: gemma2:2b
2026-04-06 13:05:20,246 [INFO] 📊 [DLB] Generando análisis técnico con gemma2:2b...
2026-04-06 13:05:20,246 [INFO] 📡 [PNM] Calculando recursos de red con gemma2:2b...
2026-04-06 13:05:26,116 [INFO] 🔄 INICIANDO RONDA: 4 | Moderador: gemma2:2b
2026-04-06 13:05:27,776 [INFO] ⚖️ [JUEZ] Generando respuesta consenso con gemma2:2b...
2026-04-06 13:05:31,047 [INFO]    ✅ Finalizado.
2026-04-06 13:05:32,051 [INFO] 👉 [16] Iniciando debate...
2026-04-06 13:05:32,051 [INFO] 🔄 INICIANDO RONDA: 0 | Moderador: gemma2:2b
2026-04-06 13:05:36,130 [INFO] 📊 [DLB] Generando análisis técnico con gemma2:2b...
2026-04-06 13:05:36,132 [INFO] 📡 [PNM] Calculando recursos de red con gemma2:2b...
2026-04-06 13:05:43,120 [INFO] 🔄 INICIANDO RONDA: 1 | Moderador: gemma2:2b
2026-04-06 13:05:45,134 [INFO] 📊 [DLB] Generando análisis técnico con gemma2:2b...
2026-04-06 13:05:45,134 [INFO] 📡 [PNM] Calculando recursos de red con gemma2:2b...
2026-04-06 13:05:51,487 [INFO] 🔄 INICIANDO RONDA: 2 | Moderador: gemma2:2b
2026-04-06 13:05:53,771 [INFO] 📊 [DLB] Generando análisis técnico con gemma2:2b...
2026-04-06 13:05:53,771 [INFO] 📡 [PNM] Calculando recursos de red con gemma2:2b...
2026-04-06 13:06:00,624 [INFO] 🔄 INICIANDO RONDA: 3 | Moderador: gemma2:2b
2026-04-06 13:06:02,573 [INFO] 📊 [DLB] Generando análisis técnico con gemma2:2b...
2026-04-06 13:06:02,573 [INFO] 📡 [PNM] Calculando recursos de red con gemma2:2b...
2026-04-06 13:06:08,898 [INFO] 🔄 INICIANDO RONDA: 4 | Moderador: gemma2:2b
2026-04-06 13:06:10,647 [INFO] ⚖️ [JUEZ] Generando respuesta consenso con gemma2:2b...
2026-04-06 13:06:13,584 [INFO]    ✅ Finalizado.
2026-04-06 13:06:14,584 [INFO] 👉 [17] Iniciando debate...
2026-04-06 13:06:14,584 [INFO] 🔄 INICIANDO RONDA: 0 | Moderador: gemma2:2b
2026-04-06 13:06:15,162 [INFO] 📁 Procesando archivo: a-compact-low-noise-frontend-for-interleaved-rx-tx-arrays-at-k-ka-band_salida.txt
2026-04-06 13:06:15,162 [INFO] 📁 Procesando archivo: a-compact-lowpass-filter-for-satellite-communication-systems-based-on-transfer-function-analysis_salida.txt
2026-04-06 13:06:15,162 [INFO] 📁 Procesando archivo: a-framework-to-classify-heterogeneous-internet-traffic-with-machine-learning-and-deep-learning-techniques-for-satellite-communications_salida.txt
2026-04-06 13:06:15,162 [INFO] 📁 Procesando archivo: a-ka-band-satcom-transceiver-in-65-nm-cmos-with-high-linearity-tx-and-dual-channel-wide-dynamic-range-rx-for-terrestrial-terminal_salida.txt
2026-04-06 13:06:15,162 [INFO] 📁 Procesando archivo: a-lagrangian-heuristic-for-satellite-range-scheduling-with-resource-constraints_salida.txt
2026-04-06 13:06:15,178 [INFO] 👉 [22] Iniciando debate...
2026-04-06 13:06:15,178 [INFO] 🔄 INICIANDO RONDA: 0 | Moderador: llama3.3:70b
2026-04-06 13:06:18,316 [INFO] 📊 [DLB] Generando análisis técnico con gemma2:2b...
2026-04-06 13:06:18,318 [INFO] 📡 [PNM] Calculando recursos de red con gemma2:2b...
2026-04-06 13:06:24,986 [INFO] 🔄 INICIANDO RONDA: 1 | Moderador: gemma2:2b
2026-04-06 13:06:27,037 [INFO] 📊 [DLB] Generando análisis técnico con gemma2:2b...
2026-04-06 13:06:27,037 [INFO] 📡 [PNM] Calculando recursos de red con gemma2:2b...
2026-04-06 13:06:33,504 [INFO] 🔄 INICIANDO RONDA: 2 | Moderador: gemma2:2b
2026-04-06 13:06:35,679 [INFO] 📊 [DLB] Generando análisis técnico con gemma2:2b...
2026-04-06 13:06:35,679 [INFO] 📡 [PNM] Calculando recursos de red con gemma2:2b...
2026-04-06 13:06:42,748 [INFO] 🔄 INICIANDO RONDA: 3 | Moderador: gemma2:2b
2026-04-06 13:06:44,704 [INFO] 📊 [DLB] Generando análisis técnico con gemma2:2b...
2026-04-06 13:06:44,704 [INFO] 📡 [PNM] Calculando recursos de red con gemma2:2b...
2026-04-06 13:06:51,239 [INFO] 🔄 INICIANDO RONDA: 4 | Moderador: gemma2:2b
2026-04-06 13:06:53,409 [INFO] ⚖️ [JUEZ] Generando respuesta consenso con gemma2:2b...
2026-04-06 13:07:00,160 [INFO]    ✅ Finalizado.
2026-04-06 13:07:01,161 [INFO] 👉 [18] Iniciando debate...
2026-04-06 13:07:01,161 [INFO] 🔄 INICIANDO RONDA: 0 | Moderador: gemma2:2b
2026-04-06 13:07:05,297 [INFO] 📊 [DLB] Generando análisis técnico con gemma2:2b...
2026-04-06 13:07:05,297 [INFO] 📡 [PNM] Calculando recursos de red con gemma2:2b...
2026-04-06 13:07:14,253 [INFO] 🔄 INICIANDO RONDA: 1 | Moderador: gemma2:2b
2026-04-06 13:07:16,201 [INFO] 📊 [DLB] Generando análisis técnico con deepseek-r1:70b...
2026-04-06 13:07:16,202 [INFO] 📡 [PNM] Calculando recursos de red con qwen2.5:72b...
2026-04-06 13:07:16,598 [INFO] 📊 [DLB] Generando análisis técnico con gemma2:2b...
2026-04-06 13:07:16,598 [INFO] 📡 [PNM] Calculando recursos de red con gemma2:2b...
2026-04-06 13:07:22,898 [INFO] 🔄 INICIANDO RONDA: 2 | Moderador: gemma2:2b
2026-04-06 13:07:24,374 [INFO] 📊 [DLB] Generando análisis técnico con gemma2:2b...
2026-04-06 13:07:24,374 [INFO] 📡 [PNM] Calculando recursos de red con gemma2:2b...
2026-04-06 13:07:30,819 [INFO] 🔄 INICIANDO RONDA: 3 | Moderador: gemma2:2b
2026-04-06 13:07:32,669 [INFO] 📊 [DLB] Generando análisis técnico con gemma2:2b...
2026-04-06 13:07:32,669 [INFO] 📡 [PNM] Calculando recursos de red con gemma2:2b...
2026-04-06 13:07:39,183 [INFO] 🔄 INICIANDO RONDA: 4 | Moderador: gemma2:2b
2026-04-06 13:07:41,175 [INFO] ⚖️ [JUEZ] Generando respuesta consenso con gemma2:2b...
2026-04-06 13:07:44,417 [INFO]    ✅ Finalizado.
2026-04-06 13:07:45,420 [INFO] 👉 [19] Iniciando debate...
2026-04-06 13:07:45,420 [INFO] 🔄 INICIANDO RONDA: 0 | Moderador: gemma2:2b
2026-04-06 13:07:48,862 [INFO] 📊 [DLB] Generando análisis técnico con gemma2:2b...
2026-04-06 13:07:48,862 [INFO] 📡 [PNM] Calculando recursos de red con gemma2:2b...
2026-04-06 13:07:55,768 [INFO] 🔄 INICIANDO RONDA: 1 | Moderador: gemma2:2b
2026-04-06 13:07:57,549 [INFO] 📊 [DLB] Generando análisis técnico con gemma2:2b...
2026-04-06 13:07:57,549 [INFO] 📡 [PNM] Calculando recursos de red con gemma2:2b...
2026-04-06 13:08:04,486 [INFO] 🔄 INICIANDO RONDA: 2 | Moderador: gemma2:2b
2026-04-06 13:08:08,364 [INFO] 📊 [DLB] Generando análisis técnico con gemma2:2b...
2026-04-06 13:08:08,364 [INFO] 📡 [PNM] Calculando recursos de red con gemma2:2b...
2026-04-06 13:08:16,780 [INFO] 🔄 INICIANDO RONDA: 3 | Moderador: gemma2:2b
2026-04-06 13:08:21,241 [INFO] 📊 [DLB] Generando análisis técnico con gemma2:2b...
2026-04-06 13:08:21,241 [INFO] 📡 [PNM] Calculando recursos de red con gemma2:2b...
2026-04-06 13:08:31,266 [INFO] 🔄 INICIANDO RONDA: 4 | Moderador: gemma2:2b
2026-04-06 13:08:34,708 [INFO] ⚖️ [JUEZ] Generando respuesta consenso con gemma2:2b...
2026-04-06 13:08:40,266 [INFO]    ✅ Finalizado.
2026-04-06 13:08:41,273 [INFO] 👉 [20] Iniciando debate...
2026-04-06 13:08:41,273 [INFO] 🔄 INICIANDO RONDA: 0 | Moderador: gemma2:2b
2026-04-06 13:08:45,349 [INFO] 📊 [DLB] Generando análisis técnico con gemma2:2b...
2026-04-06 13:08:45,349 [INFO] 📡 [PNM] Calculando recursos de red con gemma2:2b...
2026-04-06 13:08:52,462 [INFO] 🔄 INICIANDO RONDA: 1 | Moderador: gemma2:2b
2026-04-06 13:08:55,692 [INFO] 📊 [DLB] Generando análisis técnico con gemma2:2b...
2026-04-06 13:08:55,692 [INFO] 📡 [PNM] Calculando recursos de red con gemma2:2b...
2026-04-06 13:09:01,550 [INFO] 🔄 INICIANDO RONDA: 2 | Moderador: gemma2:2b
2026-04-06 13:09:03,498 [INFO] 📊 [DLB] Generando análisis técnico con gemma2:2b...
2026-04-06 13:09:03,498 [INFO] 📡 [PNM] Calculando recursos de red con gemma2:2b...
2026-04-06 13:09:09,772 [INFO] 🔄 INICIANDO RONDA: 3 | Moderador: gemma2:2b
2026-04-06 13:09:11,761 [INFO] 📊 [DLB] Generando análisis técnico con gemma2:2b...
2026-04-06 13:09:11,761 [INFO] 📡 [PNM] Calculando recursos de red con gemma2:2b...
2026-04-06 13:09:17,766 [INFO] 🔄 INICIANDO RONDA: 4 | Moderador: gemma2:2b
2026-04-06 13:09:19,610 [INFO] ⚖️ [JUEZ] Generando respuesta consenso con gemma2:2b...
2026-04-06 13:09:22,992 [INFO]    ✅ Finalizado.
2026-04-06 13:09:23,994 [INFO] 👉 [21] Iniciando debate...
2026-04-06 13:09:23,994 [INFO] 🔄 INICIANDO RONDA: 0 | Moderador: gemma2:2b
2026-04-06 13:09:27,896 [INFO] 📊 [DLB] Generando análisis técnico con gemma2:2b...
2026-04-06 13:09:27,896 [INFO] 📡 [PNM] Calculando recursos de red con gemma2:2b...
2026-04-06 13:09:36,033 [INFO] 🔄 INICIANDO RONDA: 1 | Moderador: gemma2:2b
2026-04-06 13:09:38,043 [INFO] 📊 [DLB] Generando análisis técnico con gemma2:2b...
2026-04-06 13:09:38,043 [INFO] 📡 [PNM] Calculando recursos de red con gemma2:2b...
2026-04-06 13:09:45,501 [INFO] 🔄 INICIANDO RONDA: 2 | Moderador: gemma2:2b
2026-04-06 13:09:47,647 [INFO] 📊 [DLB] Generando análisis técnico con gemma2:2b...
2026-04-06 13:09:47,647 [INFO] 📡 [PNM] Calculando recursos de red con gemma2:2b...
2026-04-06 13:09:55,583 [INFO] 🔄 INICIANDO RONDA: 3 | Moderador: gemma2:2b
2026-04-06 13:09:58,364 [INFO] 📊 [DLB] Generando análisis técnico con gemma2:2b...
2026-04-06 13:09:58,364 [INFO] 📡 [PNM] Calculando recursos de red con gemma2:2b...
2026-04-06 13:10:10,452 [INFO] 🔄 INICIANDO RONDA: 4 | Moderador: gemma2:2b
2026-04-06 13:10:13,399 [INFO] ⚖️ [JUEZ] Generando respuesta consenso con gemma2:2b...
2026-04-06 13:10:18,489 [INFO]    ✅ Finalizado.
2026-04-06 13:10:19,499 [INFO] 👉 [22] Iniciando debate...
2026-04-06 13:10:19,499 [INFO] 🔄 INICIANDO RONDA: 0 | Moderador: gemma2:2b
2026-04-06 13:10:25,511 [INFO] 📊 [DLB] Generando análisis técnico con gemma2:2b...
2026-04-06 13:10:25,511 [INFO] 📡 [PNM] Calculando recursos de red con gemma2:2b...
2026-04-06 13:10:34,309 [INFO] 🔄 INICIANDO RONDA: 1 | Moderador: gemma2:2b
2026-04-06 13:10:37,468 [INFO] 📊 [DLB] Generando análisis técnico con gemma2:2b...
2026-04-06 13:10:37,468 [INFO] 📡 [PNM] Calculando recursos de red con gemma2:2b...
2026-04-06 13:10:43,936 [INFO] 🔄 INICIANDO RONDA: 2 | Moderador: gemma2:2b
2026-04-06 13:10:45,996 [INFO] 📊 [DLB] Generando análisis técnico con gemma2:2b...
2026-04-06 13:10:45,996 [INFO] 📡 [PNM] Calculando recursos de red con gemma2:2b...
2026-04-06 13:10:52,978 [INFO] 🔄 INICIANDO RONDA: 3 | Moderador: gemma2:2b
2026-04-06 13:10:56,191 [INFO] 📊 [DLB] Generando análisis técnico con gemma2:2b...
2026-04-06 13:10:56,191 [INFO] 📡 [PNM] Calculando recursos de red con gemma2:2b...
2026-04-06 13:11:05,089 [INFO] 🔄 INICIANDO RONDA: 4 | Moderador: gemma2:2b
2026-04-06 13:11:07,630 [INFO] ⚖️ [JUEZ] Generando respuesta consenso con gemma2:2b...
2026-04-06 13:11:13,353 [INFO]    ✅ Finalizado.
2026-04-06 13:11:14,354 [INFO] 📁 Procesando archivo: a-novel-dual-polarized-continuous-transverse-stub-antenna-based-on-corrugated-waveguides-part-ii-experimental-demonstration_salida.txt
2026-04-06 13:11:14,354 [INFO] 👉 [23] Iniciando debate...
2026-04-06 13:11:14,354 [INFO] 🔄 INICIANDO RONDA: 0 | Moderador: gemma2:2b
2026-04-06 13:11:18,981 [INFO] 📊 [DLB] Generando análisis técnico con gemma2:2b...
2026-04-06 13:11:18,981 [INFO] 📡 [PNM] Calculando recursos de red con gemma2:2b...
2026-04-06 13:11:28,907 [INFO] 🔄 INICIANDO RONDA: 1 | Moderador: gemma2:2b
2026-04-06 13:11:30,807 [INFO] 📊 [DLB] Generando análisis técnico con gemma2:2b...
2026-04-06 13:11:30,807 [INFO] 📡 [PNM] Calculando recursos de red con gemma2:2b...
2026-04-06 13:11:39,282 [INFO] 🔄 INICIANDO RONDA: 2 | Moderador: gemma2:2b
2026-04-06 13:11:41,656 [INFO] 📊 [DLB] Generando análisis técnico con gemma2:2b...
2026-04-06 13:11:41,656 [INFO] 📡 [PNM] Calculando recursos de red con gemma2:2b...
2026-04-06 13:11:51,202 [INFO] 🔄 INICIANDO RONDA: 3 | Moderador: gemma2:2b
2026-04-06 13:11:54,123 [INFO] 📊 [DLB] Generando análisis técnico con gemma2:2b...
2026-04-06 13:11:54,123 [INFO] 📡 [PNM] Calculando recursos de red con gemma2:2b...
2026-04-06 13:12:03,127 [INFO] 🔄 INICIANDO RONDA: 4 | Moderador: gemma2:2b
2026-04-06 13:12:06,117 [INFO] ⚖️ [JUEZ] Generando respuesta consenso con gemma2:2b...
2026-04-06 13:12:13,235 [INFO]    ✅ Finalizado.
2026-04-06 13:12:14,247 [INFO] 👉 [24] Iniciando debate...
2026-04-06 13:12:14,247 [INFO] 🔄 INICIANDO RONDA: 0 | Moderador: gemma2:2b
2026-04-06 13:12:18,220 [INFO] 📊 [DLB] Generando análisis técnico con gemma2:2b...
2026-04-06 13:12:18,220 [INFO] 📡 [PNM] Calculando recursos de red con gemma2:2b...
2026-04-06 13:12:26,353 [INFO] 🔄 INICIANDO RONDA: 1 | Moderador: gemma2:2b
2026-04-06 13:12:28,793 [INFO] 📊 [DLB] Generando análisis técnico con gemma2:2b...
2026-04-06 13:12:28,793 [INFO] 📡 [PNM] Calculando recursos de red con gemma2:2b...
2026-04-06 13:12:36,926 [INFO] 🔄 INICIANDO RONDA: 2 | Moderador: gemma2:2b
2026-04-06 13:12:39,189 [INFO] 📊 [DLB] Generando análisis técnico con gemma2:2b...
2026-04-06 13:12:39,189 [INFO] 📡 [PNM] Calculando recursos de red con gemma2:2b...
2026-04-06 13:12:47,479 [INFO] 🔄 INICIANDO RONDA: 3 | Moderador: gemma2:2b
2026-04-06 13:12:47,504 [INFO] 🔄 INICIANDO RONDA: 1 | Moderador: llama3.3:70b
2026-04-06 13:12:50,190 [INFO] 📊 [DLB] Generando análisis técnico con gemma2:2b...
2026-04-06 13:12:50,190 [INFO] 📡 [PNM] Calculando recursos de red con gemma2:2b...
2026-04-06 13:12:55,958 [INFO] 🔄 INICIANDO RONDA: 4 | Moderador: gemma2:2b
2026-04-06 13:12:58,159 [INFO] ⚖️ [JUEZ] Generando respuesta consenso con gemma2:2b...
2026-04-06 13:13:01,097 [INFO]    ✅ Finalizado.
2026-04-06 13:13:02,100 [INFO] 👉 [25] Iniciando debate...
2026-04-06 13:13:02,100 [INFO] 🔄 INICIANDO RONDA: 0 | Moderador: gemma2:2b
2026-04-06 13:13:05,804 [INFO] 📊 [DLB] Generando análisis técnico con gemma2:2b...
2026-04-06 13:13:05,806 [INFO] 📡 [PNM] Calculando recursos de red con gemma2:2b...
2026-04-06 13:13:11,535 [INFO] 🔄 INICIANDO RONDA: 1 | Moderador: gemma2:2b
2026-04-06 13:13:13,421 [INFO] 📊 [DLB] Generando análisis técnico con gemma2:2b...
2026-04-06 13:13:13,421 [INFO] 📡 [PNM] Calculando recursos de red con gemma2:2b...
2026-04-06 13:13:20,266 [INFO] 🔄 INICIANDO RONDA: 2 | Moderador: gemma2:2b
2026-04-06 13:13:23,309 [INFO] 📊 [DLB] Generando análisis técnico con gemma2:2b...
2026-04-06 13:13:23,309 [INFO] 📡 [PNM] Calculando recursos de red con gemma2:2b...
2026-04-06 13:13:30,843 [INFO] 🔄 INICIANDO RONDA: 3 | Moderador: gemma2:2b
2026-04-06 13:13:35,263 [INFO] 📊 [DLB] Generando análisis técnico con gemma2:2b...
2026-04-06 13:13:35,263 [INFO] 📡 [PNM] Calculando recursos de red con gemma2:2b...
2026-04-06 13:13:43,737 [INFO] 🔄 INICIANDO RONDA: 4 | Moderador: gemma2:2b
2026-04-06 13:13:47,153 [INFO] ⚖️ [JUEZ] Generando respuesta consenso con gemma2:2b...
2026-04-06 13:13:52,652 [INFO]    ✅ Finalizado.
2026-04-06 13:13:53,667 [INFO] 👉 [26] Iniciando debate...
2026-04-06 13:13:53,667 [INFO] 🔄 INICIANDO RONDA: 0 | Moderador: gemma2:2b
2026-04-06 13:13:57,619 [INFO] 📊 [DLB] Generando análisis técnico con gemma2:2b...
2026-04-06 13:13:57,619 [INFO] 📡 [PNM] Calculando recursos de red con gemma2:2b...
2026-04-06 13:14:04,696 [INFO] 🔄 INICIANDO RONDA: 1 | Moderador: gemma2:2b
2026-04-06 13:14:06,875 [INFO] 📊 [DLB] Generando análisis técnico con gemma2:2b...
2026-04-06 13:14:06,875 [INFO] 📡 [PNM] Calculando recursos de red con gemma2:2b...
2026-04-06 13:14:14,181 [INFO] 📊 [DLB] Generando análisis técnico con deepseek-r1:70b...
2026-04-06 13:14:14,181 [INFO] 📡 [PNM] Calculando recursos de red con qwen2.5:72b...
2026-04-06 13:14:14,246 [INFO] 🔄 INICIANDO RONDA: 2 | Moderador: gemma2:2b
2026-04-06 13:14:17,052 [INFO] 📊 [DLB] Generando análisis técnico con gemma2:2b...
2026-04-06 13:14:17,052 [INFO] 📡 [PNM] Calculando recursos de red con gemma2:2b...
2026-04-06 13:14:22,766 [INFO] 🔄 INICIANDO RONDA: 3 | Moderador: gemma2:2b
2026-04-06 13:14:24,942 [INFO] 📊 [DLB] Generando análisis técnico con gemma2:2b...
2026-04-06 13:14:24,942 [INFO] 📡 [PNM] Calculando recursos de red con gemma2:2b...
2026-04-06 13:14:30,985 [INFO] 🔄 INICIANDO RONDA: 4 | Moderador: gemma2:2b
2026-04-06 13:14:33,106 [INFO] ⚖️ [JUEZ] Generando respuesta consenso con gemma2:2b...
2026-04-06 13:14:36,089 [INFO]    ✅ Finalizado.
2026-04-06 13:14:37,099 [INFO] 👉 [27] Iniciando debate...
2026-04-06 13:14:37,099 [INFO] 🔄 INICIANDO RONDA: 0 | Moderador: gemma2:2b
2026-04-06 13:14:40,368 [INFO] 📊 [DLB] Generando análisis técnico con gemma2:2b...
2026-04-06 13:14:40,368 [INFO] 📡 [PNM] Calculando recursos de red con gemma2:2b...
2026-04-06 13:14:47,932 [INFO] 🔄 INICIANDO RONDA: 1 | Moderador: gemma2:2b
2026-04-06 13:14:49,616 [INFO] 📊 [DLB] Generando análisis técnico con gemma2:2b...
2026-04-06 13:14:49,616 [INFO] 📡 [PNM] Calculando recursos de red con gemma2:2b...
2026-04-06 13:14:56,269 [INFO] 🔄 INICIANDO RONDA: 2 | Moderador: gemma2:2b
2026-04-06 13:14:58,295 [INFO] 📊 [DLB] Generando análisis técnico con gemma2:2b...
2026-04-06 13:14:58,295 [INFO] 📡 [PNM] Calculando recursos de red con gemma2:2b...
2026-04-06 13:16:23,890 [INFO] 🔄 INICIANDO RONDA: 3 | Moderador: gemma2:2b
2026-04-06 13:16:27,532 [INFO] 📊 [DLB] Generando análisis técnico con gemma2:2b...
2026-04-06 13:16:27,532 [INFO] 📡 [PNM] Calculando recursos de red con gemma2:2b...
2026-04-06 13:16:35,050 [INFO] 🔄 INICIANDO RONDA: 4 | Moderador: gemma2:2b
2026-04-06 13:16:38,224 [INFO] ⚖️ [JUEZ] Generando respuesta consenso con gemma2:2b...
2026-04-06 13:16:43,377 [INFO]    ✅ Finalizado.
2026-04-06 13:16:44,392 [INFO] 📁 Procesando archivo: a-reflector-antenna-concept-robust-against-feed-failures-for-satellite-communications_salida.txt
2026-04-06 13:16:44,392 [INFO] 👉 [28] Iniciando debate...
2026-04-06 13:16:44,392 [INFO] 🔄 INICIANDO RONDA: 0 | Moderador: gemma2:2b
2026-04-06 13:16:49,027 [INFO] 📊 [DLB] Generando análisis técnico con gemma2:2b...
2026-04-06 13:16:49,027 [INFO] 📡 [PNM] Calculando recursos de red con gemma2:2b...
2026-04-06 13:16:56,264 [INFO] 🔄 INICIANDO RONDA: 1 | Moderador: gemma2:2b
2026-04-06 13:16:59,123 [INFO] 📊 [DLB] Generando análisis técnico con gemma2:2b...
2026-04-06 13:16:59,123 [INFO] 📡 [PNM] Calculando recursos de red con gemma2:2b...
2026-04-06 13:17:06,595 [INFO] 🔄 INICIANDO RONDA: 2 | Moderador: gemma2:2b
2026-04-06 13:17:09,454 [INFO] 📊 [DLB] Generando análisis técnico con gemma2:2b...
2026-04-06 13:17:09,454 [INFO] 📡 [PNM] Calculando recursos de red con gemma2:2b...
2026-04-06 13:17:17,174 [INFO] 🔄 INICIANDO RONDA: 3 | Moderador: gemma2:2b
2026-04-06 13:17:20,301 [INFO] 📊 [DLB] Generando análisis técnico con gemma2:2b...
2026-04-06 13:17:20,301 [INFO] 📡 [PNM] Calculando recursos de red con gemma2:2b...
2026-04-06 13:17:28,153 [INFO] 🔄 INICIANDO RONDA: 4 | Moderador: gemma2:2b
2026-04-06 13:17:30,577 [INFO] ⚖️ [JUEZ] Generando respuesta consenso con gemma2:2b...
2026-04-06 13:17:35,725 [INFO]    ✅ Finalizado.
2026-04-06 13:17:36,733 [INFO] 👉 [29] Iniciando debate...
2026-04-06 13:17:36,733 [INFO] 🔄 INICIANDO RONDA: 0 | Moderador: gemma2:2b
2026-04-06 13:17:41,160 [INFO] 📊 [DLB] Generando análisis técnico con gemma2:2b...
2026-04-06 13:17:41,160 [INFO] 📡 [PNM] Calculando recursos de red con gemma2:2b...
2026-04-06 13:17:49,748 [INFO] 🔄 INICIANDO RONDA: 1 | Moderador: gemma2:2b
2026-04-06 13:17:52,544 [INFO] 📊 [DLB] Generando análisis técnico con gemma2:2b...
2026-04-06 13:17:52,544 [INFO] 📡 [PNM] Calculando recursos de red con gemma2:2b...
2026-04-06 13:18:00,177 [INFO] 🔄 INICIANDO RONDA: 2 | Moderador: gemma2:2b
2026-04-06 13:18:02,512 [INFO] 📊 [DLB] Generando análisis técnico con gemma2:2b...
2026-04-06 13:18:02,512 [INFO] 📡 [PNM] Calculando recursos de red con gemma2:2b...
2026-04-06 13:18:10,554 [INFO] 🔄 INICIANDO RONDA: 3 | Moderador: gemma2:2b
2026-04-06 13:18:13,132 [INFO] 📊 [DLB] Generando análisis técnico con gemma2:2b...
2026-04-06 13:18:13,132 [INFO] 📡 [PNM] Calculando recursos de red con gemma2:2b...
2026-04-06 13:18:21,029 [INFO] 🔄 INICIANDO RONDA: 4 | Moderador: gemma2:2b
2026-04-06 13:18:23,454 [INFO] ⚖️ [JUEZ] Generando respuesta consenso con gemma2:2b...
2026-04-06 13:18:27,738 [INFO]    ✅ Finalizado.
2026-04-06 13:18:28,744 [INFO] 👉 [30] Iniciando debate...
2026-04-06 13:18:28,744 [INFO] 🔄 INICIANDO RONDA: 0 | Moderador: gemma2:2b
2026-04-06 13:18:32,897 [INFO] 📊 [DLB] Generando análisis técnico con gemma2:2b...
2026-04-06 13:18:32,897 [INFO] 📡 [PNM] Calculando recursos de red con gemma2:2b...
2026-04-06 13:18:41,154 [INFO] 🔄 INICIANDO RONDA: 1 | Moderador: gemma2:2b
2026-04-06 13:18:43,255 [INFO] 📊 [DLB] Generando análisis técnico con gemma2:2b...
2026-04-06 13:18:43,255 [INFO] 📡 [PNM] Calculando recursos de red con gemma2:2b...
2026-04-06 13:18:51,221 [INFO] 🔄 INICIANDO RONDA: 2 | Moderador: gemma2:2b
2026-04-06 13:18:53,963 [INFO] 📊 [DLB] Generando análisis técnico con gemma2:2b...
2026-04-06 13:18:53,963 [INFO] 📡 [PNM] Calculando recursos de red con gemma2:2b...
2026-04-06 13:18:55,564 [INFO] 🔄 INICIANDO RONDA: 2 | Moderador: llama3.3:70b
2026-04-06 13:19:00,266 [INFO] 🔄 INICIANDO RONDA: 3 | Moderador: gemma2:2b
2026-04-06 13:19:01,922 [INFO] 📊 [DLB] Generando análisis técnico con gemma2:2b...
2026-04-06 13:19:01,922 [INFO] 📡 [PNM] Calculando recursos de red con gemma2:2b...
2026-04-06 13:19:07,337 [INFO] 🔄 INICIANDO RONDA: 4 | Moderador: gemma2:2b
2026-04-06 13:19:09,577 [INFO] ⚖️ [JUEZ] Generando respuesta consenso con gemma2:2b...
2026-04-06 13:19:12,738 [INFO]    ✅ Finalizado.
2026-04-06 13:19:13,748 [INFO] 👉 [31] Iniciando debate...
2026-04-06 13:19:13,748 [INFO] 🔄 INICIANDO RONDA: 0 | Moderador: gemma2:2b
2026-04-06 13:19:17,478 [INFO] 📊 [DLB] Generando análisis técnico con gemma2:2b...
2026-04-06 13:19:17,478 [INFO] 📡 [PNM] Calculando recursos de red con gemma2:2b...
2026-04-06 13:19:23,280 [INFO] 🔄 INICIANDO RONDA: 1 | Moderador: gemma2:2b
2026-04-06 13:19:25,279 [INFO] 📊 [DLB] Generando análisis técnico con gemma2:2b...
2026-04-06 13:19:25,279 [INFO] 📡 [PNM] Calculando recursos de red con gemma2:2b...
2026-04-06 13:19:30,627 [INFO] 🔄 INICIANDO RONDA: 2 | Moderador: gemma2:2b
2026-04-06 13:19:32,718 [INFO] 📊 [DLB] Generando análisis técnico con gemma2:2b...
2026-04-06 13:19:32,718 [INFO] 📡 [PNM] Calculando recursos de red con gemma2:2b...
2026-04-06 13:19:39,104 [INFO] 🔄 INICIANDO RONDA: 3 | Moderador: gemma2:2b
2026-04-06 13:19:44,350 [INFO] 📊 [DLB] Generando análisis técnico con gemma2:2b...
2026-04-06 13:19:44,350 [INFO] 📡 [PNM] Calculando recursos de red con gemma2:2b...
2026-04-06 13:19:52,429 [INFO] 🔄 INICIANDO RONDA: 4 | Moderador: gemma2:2b
2026-04-06 13:19:55,784 [INFO] ⚖️ [JUEZ] Generando respuesta consenso con gemma2:2b...
2026-04-06 13:20:00,571 [INFO]    ✅ Finalizado.
2026-04-06 13:20:01,583 [INFO] 👉 [32] Iniciando debate...
2026-04-06 13:20:01,583 [INFO] 🔄 INICIANDO RONDA: 0 | Moderador: gemma2:2b
2026-04-06 13:20:05,636 [INFO] 📊 [DLB] Generando análisis técnico con gemma2:2b...
2026-04-06 13:20:05,636 [INFO] 📡 [PNM] Calculando recursos de red con gemma2:2b...
2026-04-06 13:20:12,700 [INFO] 🔄 INICIANDO RONDA: 1 | Moderador: gemma2:2b
2026-04-06 13:20:16,938 [INFO] 📊 [DLB] Generando análisis técnico con gemma2:2b...
2026-04-06 13:20:16,938 [INFO] 📡 [PNM] Calculando recursos de red con gemma2:2b...
2026-04-06 13:20:24,404 [INFO] 🔄 INICIANDO RONDA: 2 | Moderador: gemma2:2b
2026-04-06 13:20:27,244 [INFO] 📊 [DLB] Generando análisis técnico con gemma2:2b...
2026-04-06 13:20:27,244 [INFO] 📡 [PNM] Calculando recursos de red con gemma2:2b...
2026-04-06 13:20:35,257 [INFO] 📊 [DLB] Generando análisis técnico con deepseek-r1:70b...
2026-04-06 13:20:35,257 [INFO] 📡 [PNM] Calculando recursos de red con qwen2.5:72b...
2026-04-06 13:20:35,460 [INFO] 🔄 INICIANDO RONDA: 3 | Moderador: gemma2:2b
2026-04-06 13:20:38,265 [INFO] 📊 [DLB] Generando análisis técnico con gemma2:2b...
2026-04-06 13:20:38,265 [INFO] 📡 [PNM] Calculando recursos de red con gemma2:2b...
2026-04-06 13:20:44,132 [INFO] 🔄 INICIANDO RONDA: 4 | Moderador: gemma2:2b
2026-04-06 13:20:46,049 [INFO] ⚖️ [JUEZ] Generando respuesta consenso con gemma2:2b...
2026-04-06 13:20:49,822 [INFO]    ✅ Finalizado.
2026-04-06 13:20:50,833 [INFO] 📁 Procesando archivo: a-survey-on-communication-networks-for-electric-system-automation_salida.txt
2026-04-06 13:20:50,833 [INFO] 👉 [33] Iniciando debate...
2026-04-06 13:20:50,833 [INFO] 🔄 INICIANDO RONDA: 0 | Moderador: gemma2:2b
2026-04-06 13:20:54,855 [INFO] 📊 [DLB] Generando análisis técnico con gemma2:2b...
2026-04-06 13:20:54,855 [INFO] 📡 [PNM] Calculando recursos de red con gemma2:2b...
2026-04-06 13:21:04,055 [INFO] 🔄 INICIANDO RONDA: 1 | Moderador: gemma2:2b
2026-04-06 13:21:06,952 [INFO] 📊 [DLB] Generando análisis técnico con gemma2:2b...
2026-04-06 13:21:06,952 [INFO] 📡 [PNM] Calculando recursos de red con gemma2:2b...
2026-04-06 13:21:14,266 [INFO] 🔄 INICIANDO RONDA: 2 | Moderador: gemma2:2b
2026-04-06 13:21:16,253 [INFO] 📊 [DLB] Generando análisis técnico con gemma2:2b...
2026-04-06 13:21:16,253 [INFO] 📡 [PNM] Calculando recursos de red con gemma2:2b...
2026-04-06 13:21:29,343 [INFO] 🔄 INICIANDO RONDA: 3 | Moderador: gemma2:2b
2026-04-06 13:21:35,728 [INFO] 📊 [DLB] Generando análisis técnico con gemma2:2b...
2026-04-06 13:21:35,728 [INFO] 📡 [PNM] Calculando recursos de red con gemma2:2b...
2026-04-06 13:21:43,961 [INFO] 🔄 INICIANDO RONDA: 4 | Moderador: gemma2:2b
2026-04-06 13:21:47,079 [INFO] ⚖️ [JUEZ] Generando respuesta consenso con gemma2:2b...
2026-04-06 13:21:52,551 [INFO]    ✅ Finalizado.
2026-04-06 13:21:53,551 [INFO] 👉 [34] Iniciando debate...
2026-04-06 13:21:53,551 [INFO] 🔄 INICIANDO RONDA: 0 | Moderador: gemma2:2b
2026-04-06 13:21:58,020 [INFO] 📊 [DLB] Generando análisis técnico con gemma2:2b...
2026-04-06 13:21:58,020 [INFO] 📡 [PNM] Calculando recursos de red con gemma2:2b...
2026-04-06 13:22:07,702 [INFO] 🔄 INICIANDO RONDA: 1 | Moderador: gemma2:2b
2026-04-06 13:22:11,338 [INFO] 📊 [DLB] Generando análisis técnico con gemma2:2b...
2026-04-06 13:22:11,338 [INFO] 📡 [PNM] Calculando recursos de red con gemma2:2b...
2026-04-06 13:22:17,264 [INFO] 🔄 INICIANDO RONDA: 2 | Moderador: gemma2:2b
2026-04-06 13:22:19,268 [INFO] 📊 [DLB] Generando análisis técnico con gemma2:2b...
2026-04-06 13:22:19,268 [INFO] 📡 [PNM] Calculando recursos de red con gemma2:2b...
2026-04-06 13:22:25,370 [INFO] 🔄 INICIANDO RONDA: 3 | Moderador: gemma2:2b
2026-04-06 13:22:27,586 [INFO] 📊 [DLB] Generando análisis técnico con gemma2:2b...
2026-04-06 13:22:27,586 [INFO] 📡 [PNM] Calculando recursos de red con gemma2:2b...
2026-04-06 13:22:33,717 [INFO] 🔄 INICIANDO RONDA: 4 | Moderador: gemma2:2b
2026-04-06 13:22:35,855 [INFO] ⚖️ [JUEZ] Generando respuesta consenso con gemma2:2b...
2026-04-06 13:22:39,352 [INFO]    ✅ Finalizado.
2026-04-06 13:22:40,353 [INFO] 👉 [35] Iniciando debate...
2026-04-06 13:22:40,353 [INFO] 🔄 INICIANDO RONDA: 0 | Moderador: gemma2:2b
2026-04-06 13:22:43,852 [INFO] 📊 [DLB] Generando análisis técnico con gemma2:2b...
2026-04-06 13:22:43,852 [INFO] 📡 [PNM] Calculando recursos de red con gemma2:2b...
2026-04-06 13:22:50,361 [INFO] 🔄 INICIANDO RONDA: 1 | Moderador: gemma2:2b
2026-04-06 13:22:53,658 [INFO] 📊 [DLB] Generando análisis técnico con gemma2:2b...
2026-04-06 13:22:53,658 [INFO] 📡 [PNM] Calculando recursos de red con gemma2:2b...
2026-04-06 13:23:05,591 [INFO] 🔄 INICIANDO RONDA: 2 | Moderador: gemma2:2b
2026-04-06 13:23:08,507 [INFO] 📊 [DLB] Generando análisis técnico con gemma2:2b...
2026-04-06 13:23:08,507 [INFO] 📡 [PNM] Calculando recursos de red con gemma2:2b...
2026-04-06 13:23:17,992 [INFO] 🔄 INICIANDO RONDA: 3 | Moderador: gemma2:2b
2026-04-06 13:23:20,662 [INFO] 📊 [DLB] Generando análisis técnico con gemma2:2b...
2026-04-06 13:23:20,662 [INFO] 📡 [PNM] Calculando recursos de red con gemma2:2b...
2026-04-06 13:23:27,317 [INFO] 🔄 INICIANDO RONDA: 4 | Moderador: gemma2:2b
2026-04-06 13:23:29,895 [INFO] ⚖️ [JUEZ] Generando respuesta consenso con gemma2:2b...
2026-04-06 13:23:34,228 [INFO]    ✅ Finalizado.
2026-04-06 13:23:35,238 [INFO] 👉 [36] Iniciando debate...
2026-04-06 13:23:35,238 [INFO] 🔄 INICIANDO RONDA: 0 | Moderador: gemma2:2b
2026-04-06 13:23:39,325 [INFO] 📊 [DLB] Generando análisis técnico con gemma2:2b...
2026-04-06 13:23:39,325 [INFO] 📡 [PNM] Calculando recursos de red con gemma2:2b...
2026-04-06 13:23:49,672 [INFO] 🔄 INICIANDO RONDA: 1 | Moderador: gemma2:2b
2026-04-06 13:23:53,498 [INFO] 📊 [DLB] Generando análisis técnico con gemma2:2b...
2026-04-06 13:23:53,498 [INFO] 📡 [PNM] Calculando recursos de red con gemma2:2b...
2026-04-06 13:24:02,565 [INFO] 🔄 INICIANDO RONDA: 2 | Moderador: gemma2:2b
2026-04-06 13:24:05,859 [INFO] 📊 [DLB] Generando análisis técnico con gemma2:2b...
2026-04-06 13:24:05,859 [INFO] 📡 [PNM] Calculando recursos de red con gemma2:2b...
2026-04-06 13:24:14,127 [INFO] 🔄 INICIANDO RONDA: 3 | Moderador: gemma2:2b
2026-04-06 13:24:17,956 [INFO] 📊 [DLB] Generando análisis técnico con gemma2:2b...
2026-04-06 13:24:17,956 [INFO] 📡 [PNM] Calculando recursos de red con gemma2:2b...
2026-04-06 13:24:28,069 [INFO] 🔄 INICIANDO RONDA: 4 | Moderador: gemma2:2b
2026-04-06 13:24:32,154 [INFO] ⚖️ [JUEZ] Generando respuesta consenso con gemma2:2b...
2026-04-06 13:24:37,759 [INFO]    ✅ Finalizado.
2026-04-06 13:24:38,772 [INFO] 👉 [37] Iniciando debate...
2026-04-06 13:24:38,772 [INFO] 🔄 INICIANDO RONDA: 0 | Moderador: gemma2:2b
2026-04-06 13:24:43,076 [INFO] 📊 [DLB] Generando análisis técnico con gemma2:2b...
2026-04-06 13:24:43,076 [INFO] 📡 [PNM] Calculando recursos de red con gemma2:2b...
2026-04-06 13:24:50,861 [INFO] 🔄 INICIANDO RONDA: 1 | Moderador: gemma2:2b
2026-04-06 13:24:53,260 [INFO] 📊 [DLB] Generando análisis técnico con gemma2:2b...
2026-04-06 13:24:53,260 [INFO] 📡 [PNM] Calculando recursos de red con gemma2:2b...
2026-04-06 13:25:00,803 [INFO] 🔄 INICIANDO RONDA: 2 | Moderador: gemma2:2b
2026-04-06 13:25:02,959 [INFO] 📊 [DLB] Generando análisis técnico con gemma2:2b...
2026-04-06 13:25:02,959 [INFO] 📡 [PNM] Calculando recursos de red con gemma2:2b...
2026-04-06 13:25:12,237 [INFO] 🔄 INICIANDO RONDA: 3 | Moderador: gemma2:2b
2026-04-06 13:25:15,396 [INFO] 📊 [DLB] Generando análisis técnico con gemma2:2b...
2026-04-06 13:25:15,396 [INFO] 📡 [PNM] Calculando recursos de red con gemma2:2b...
2026-04-06 13:25:24,402 [INFO] 🔄 INICIANDO RONDA: 4 | Moderador: gemma2:2b
2026-04-06 13:25:28,147 [INFO] ⚖️ [JUEZ] Generando respuesta consenso con gemma2:2b...
2026-04-06 13:25:33,715 [INFO]    ✅ Finalizado.
2026-04-06 13:25:34,722 [INFO] 👉 [38] Iniciando debate...
2026-04-06 13:25:34,722 [INFO] 🔄 INICIANDO RONDA: 0 | Moderador: gemma2:2b
2026-04-06 13:25:39,158 [INFO] 📊 [DLB] Generando análisis técnico con gemma2:2b...
2026-04-06 13:25:39,158 [INFO] 📡 [PNM] Calculando recursos de red con gemma2:2b...
2026-04-06 13:25:46,228 [INFO] 🔄 INICIANDO RONDA: 1 | Moderador: gemma2:2b
2026-04-06 13:25:49,139 [INFO] 📊 [DLB] Generando análisis técnico con gemma2:2b...
2026-04-06 13:25:49,139 [INFO] 📡 [PNM] Calculando recursos de red con gemma2:2b...
2026-04-06 13:25:59,264 [INFO] 🔄 INICIANDO RONDA: 2 | Moderador: gemma2:2b
2026-04-06 13:26:02,897 [INFO] 📊 [DLB] Generando análisis técnico con gemma2:2b...
2026-04-06 13:26:02,897 [INFO] 📡 [PNM] Calculando recursos de red con gemma2:2b...
2026-04-06 13:26:14,119 [INFO] 🔄 INICIANDO RONDA: 3 | Moderador: gemma2:2b
2026-04-06 13:26:17,555 [INFO] 📊 [DLB] Generando análisis técnico con gemma2:2b...
2026-04-06 13:26:17,555 [INFO] 📡 [PNM] Calculando recursos de red con gemma2:2b...
2026-04-06 13:26:24,754 [INFO] 🔄 INICIANDO RONDA: 4 | Moderador: gemma2:2b
2026-04-06 13:26:27,686 [INFO] ⚖️ [JUEZ] Generando respuesta consenso con gemma2:2b...
2026-04-06 13:26:32,774 [INFO]    ✅ Finalizado.
2026-04-06 13:26:33,788 [INFO] 👉 [39] Iniciando debate...
2026-04-06 13:26:33,788 [INFO] 🔄 INICIANDO RONDA: 0 | Moderador: gemma2:2b
2026-04-06 13:26:37,854 [INFO] 📊 [DLB] Generando análisis técnico con gemma2:2b...
2026-04-06 13:26:37,854 [INFO] 📡 [PNM] Calculando recursos de red con gemma2:2b...
2026-04-06 13:26:42,122 [INFO] 🔄 INICIANDO RONDA: 3 | Moderador: llama3.3:70b
2026-04-06 13:26:44,861 [INFO] 🔄 INICIANDO RONDA: 1 | Moderador: gemma2:2b
2026-04-06 13:26:46,542 [INFO] 📊 [DLB] Generando análisis técnico con gemma2:2b...
2026-04-06 13:26:46,542 [INFO] 📡 [PNM] Calculando recursos de red con gemma2:2b...
2026-04-06 13:26:52,287 [INFO] 🔄 INICIANDO RONDA: 2 | Moderador: gemma2:2b
2026-04-06 13:26:54,055 [INFO] 📊 [DLB] Generando análisis técnico con gemma2:2b...
2026-04-06 13:26:54,055 [INFO] 📡 [PNM] Calculando recursos de red con gemma2:2b...
2026-04-06 13:27:00,202 [INFO] 🔄 INICIANDO RONDA: 3 | Moderador: gemma2:2b
2026-04-06 13:27:02,107 [INFO] 📊 [DLB] Generando análisis técnico con gemma2:2b...
2026-04-06 13:27:02,107 [INFO] 📡 [PNM] Calculando recursos de red con gemma2:2b...
2026-04-06 13:27:08,457 [INFO] 🔄 INICIANDO RONDA: 4 | Moderador: gemma2:2b
2026-04-06 13:27:10,422 [INFO] ⚖️ [JUEZ] Generando respuesta consenso con gemma2:2b...
2026-04-06 13:27:13,558 [INFO]    ✅ Finalizado.
2026-04-06 13:27:14,564 [INFO] 📁 Procesando archivo: a-wideband-high-gain-high-efficiency-hybrid-integrated-plate-array-antenna-for-v-band-inter-satellite-links_salida.txt
2026-04-06 13:27:14,570 [INFO] 👉 [40] Iniciando debate...
2026-04-06 13:27:14,570 [INFO] 🔄 INICIANDO RONDA: 0 | Moderador: gemma2:2b
2026-04-06 13:27:18,650 [INFO] 📊 [DLB] Generando análisis técnico con gemma2:2b...
2026-04-06 13:27:18,650 [INFO] 📡 [PNM] Calculando recursos de red con gemma2:2b...
2026-04-06 13:27:24,677 [INFO] 🔄 INICIANDO RONDA: 1 | Moderador: gemma2:2b
2026-04-06 13:27:26,674 [INFO] 📊 [DLB] Generando análisis técnico con gemma2:2b...
2026-04-06 13:27:26,674 [INFO] 📡 [PNM] Calculando recursos de red con gemma2:2b...
2026-04-06 13:27:35,841 [INFO] 🔄 INICIANDO RONDA: 2 | Moderador: gemma2:2b
2026-04-06 13:27:38,850 [INFO] 📊 [DLB] Generando análisis técnico con gemma2:2b...
2026-04-06 13:27:38,850 [INFO] 📡 [PNM] Calculando recursos de red con gemma2:2b...
2026-04-06 13:27:46,621 [INFO] 🔄 INICIANDO RONDA: 3 | Moderador: gemma2:2b
2026-04-06 13:27:49,076 [INFO] 📊 [DLB] Generando análisis técnico con gemma2:2b...
2026-04-06 13:27:49,076 [INFO] 📡 [PNM] Calculando recursos de red con gemma2:2b...
2026-04-06 13:27:56,892 [INFO] 🔄 INICIANDO RONDA: 4 | Moderador: gemma2:2b
2026-04-06 13:28:00,130 [INFO] ⚖️ [JUEZ] Generando respuesta consenso con gemma2:2b...
2026-04-06 13:28:05,625 [INFO]    ✅ Finalizado.
2026-04-06 13:28:06,631 [INFO] 👉 [41] Iniciando debate...
2026-04-06 13:28:06,631 [INFO] 🔄 INICIANDO RONDA: 0 | Moderador: gemma2:2b
2026-04-06 13:28:11,146 [INFO] 📊 [DLB] Generando análisis técnico con gemma2:2b...
2026-04-06 13:28:11,146 [INFO] 📡 [PNM] Calculando recursos de red con gemma2:2b...
2026-04-06 13:28:18,476 [INFO] 🔄 INICIANDO RONDA: 1 | Moderador: gemma2:2b
2026-04-06 13:28:20,511 [INFO] 📊 [DLB] Generando análisis técnico con gemma2:2b...
2026-04-06 13:28:20,511 [INFO] 📡 [PNM] Calculando recursos de red con gemma2:2b...
2026-04-06 13:28:26,813 [INFO] 📊 [DLB] Generando análisis técnico con deepseek-r1:70b...
2026-04-06 13:28:26,813 [INFO] 📡 [PNM] Calculando recursos de red con qwen2.5:72b...
2026-04-06 13:28:27,664 [INFO] 🔄 INICIANDO RONDA: 2 | Moderador: gemma2:2b
2026-04-06 13:28:29,813 [INFO] 📊 [DLB] Generando análisis técnico con gemma2:2b...
2026-04-06 13:28:29,813 [INFO] 📡 [PNM] Calculando recursos de red con gemma2:2b...
2026-04-06 13:28:35,781 [INFO] 🔄 INICIANDO RONDA: 3 | Moderador: gemma2:2b
2026-04-06 13:28:38,225 [INFO] 📊 [DLB] Generando análisis técnico con gemma2:2b...
2026-04-06 13:28:38,225 [INFO] 📡 [PNM] Calculando recursos de red con gemma2:2b...
2026-04-06 13:28:45,787 [INFO] 🔄 INICIANDO RONDA: 4 | Moderador: gemma2:2b
2026-04-06 13:28:49,158 [INFO] ⚖️ [JUEZ] Generando respuesta consenso con gemma2:2b...
2026-04-06 13:28:52,392 [INFO]    ✅ Finalizado.
2026-04-06 13:28:53,400 [INFO] 👉 [42] Iniciando debate...
2026-04-06 13:28:53,400 [INFO] 🔄 INICIANDO RONDA: 0 | Moderador: gemma2:2b
2026-04-06 13:28:57,532 [INFO] 📊 [DLB] Generando análisis técnico con gemma2:2b...
2026-04-06 13:28:57,534 [INFO] 📡 [PNM] Calculando recursos de red con gemma2:2b...
2026-04-06 13:29:02,973 [INFO] 🔄 INICIANDO RONDA: 1 | Moderador: gemma2:2b
2026-04-06 13:29:05,285 [INFO] 📊 [DLB] Generando análisis técnico con gemma2:2b...
2026-04-06 13:29:05,285 [INFO] 📡 [PNM] Calculando recursos de red con gemma2:2b...
2026-04-06 13:29:10,818 [INFO] 🔄 INICIANDO RONDA: 2 | Moderador: gemma2:2b
2026-04-06 13:29:12,690 [INFO] 📊 [DLB] Generando análisis técnico con gemma2:2b...
2026-04-06 13:29:12,690 [INFO] 📡 [PNM] Calculando recursos de red con gemma2:2b...
2026-04-06 13:29:21,506 [INFO] 🔄 INICIANDO RONDA: 3 | Moderador: gemma2:2b
2026-04-06 13:29:27,006 [INFO] 📊 [DLB] Generando análisis técnico con gemma2:2b...
2026-04-06 13:29:27,006 [INFO] 📡 [PNM] Calculando recursos de red con gemma2:2b...
2026-04-06 13:29:35,508 [INFO] 🔄 INICIANDO RONDA: 4 | Moderador: gemma2:2b
2026-04-06 13:29:38,283 [INFO] ⚖️ [JUEZ] Generando respuesta consenso con gemma2:2b...
2026-04-06 13:29:42,289 [INFO]    ✅ Finalizado.
2026-04-06 13:29:43,298 [INFO] 👉 [43] Iniciando debate...
2026-04-06 13:29:43,298 [INFO] 🔄 INICIANDO RONDA: 0 | Moderador: gemma2:2b
2026-04-06 13:29:47,182 [INFO] 📊 [DLB] Generando análisis técnico con gemma2:2b...
2026-04-06 13:29:47,183 [INFO] 📡 [PNM] Calculando recursos de red con gemma2:2b...
2026-04-06 13:29:54,386 [INFO] 🔄 INICIANDO RONDA: 1 | Moderador: gemma2:2b
2026-04-06 13:29:56,581 [INFO] 📊 [DLB] Generando análisis técnico con gemma2:2b...
2026-04-06 13:29:56,581 [INFO] 📡 [PNM] Calculando recursos de red con gemma2:2b...
2026-04-06 13:30:05,373 [INFO] 🔄 INICIANDO RONDA: 2 | Moderador: gemma2:2b
2026-04-06 13:30:07,865 [INFO] 📊 [DLB] Generando análisis técnico con gemma2:2b...
2026-04-06 13:30:07,865 [INFO] 📡 [PNM] Calculando recursos de red con gemma2:2b...
2026-04-06 13:30:14,509 [INFO] 🔄 INICIANDO RONDA: 3 | Moderador: gemma2:2b
2026-04-06 13:30:17,853 [INFO] 📊 [DLB] Generando análisis técnico con gemma2:2b...
2026-04-06 13:30:17,853 [INFO] 📡 [PNM] Calculando recursos de red con gemma2:2b...
2026-04-06 13:30:24,357 [INFO] 🔄 INICIANDO RONDA: 4 | Moderador: gemma2:2b
2026-04-06 13:30:26,622 [INFO] ⚖️ [JUEZ] Generando respuesta consenso con gemma2:2b...
2026-04-06 13:30:30,265 [INFO]    ✅ Finalizado.
2026-04-06 13:30:31,268 [INFO] 👉 [44] Iniciando debate...
2026-04-06 13:30:31,268 [INFO] 🔄 INICIANDO RONDA: 0 | Moderador: gemma2:2b
2026-04-06 13:30:34,682 [INFO] 📊 [DLB] Generando análisis técnico con gemma2:2b...
2026-04-06 13:30:34,682 [INFO] 📡 [PNM] Calculando recursos de red con gemma2:2b...
2026-04-06 13:30:40,861 [INFO] 🔄 INICIANDO RONDA: 1 | Moderador: gemma2:2b
2026-04-06 13:30:42,232 [INFO] 📊 [DLB] Generando análisis técnico con gemma2:2b...
2026-04-06 13:30:42,232 [INFO] 📡 [PNM] Calculando recursos de red con gemma2:2b...
2026-04-06 13:30:47,432 [INFO] 🔄 INICIANDO RONDA: 2 | Moderador: gemma2:2b
2026-04-06 13:30:50,636 [INFO] 📊 [DLB] Generando análisis técnico con gemma2:2b...
2026-04-06 13:30:50,636 [INFO] 📡 [PNM] Calculando recursos de red con gemma2:2b...
2026-04-06 13:31:02,208 [INFO] 🔄 INICIANDO RONDA: 3 | Moderador: gemma2:2b
2026-04-06 13:31:04,909 [INFO] 📊 [DLB] Generando análisis técnico con gemma2:2b...
2026-04-06 13:31:04,909 [INFO] 📡 [PNM] Calculando recursos de red con gemma2:2b...
2026-04-06 13:31:13,066 [INFO] 🔄 INICIANDO RONDA: 4 | Moderador: gemma2:2b
2026-04-06 13:31:16,220 [INFO] ⚖️ [JUEZ] Generando respuesta consenso con gemma2:2b...
2026-04-06 13:31:22,459 [INFO]    ✅ Finalizado.
2026-04-06 13:31:23,470 [INFO] 👉 [45] Iniciando debate...
2026-04-06 13:31:23,470 [INFO] 🔄 INICIANDO RONDA: 0 | Moderador: gemma2:2b
2026-04-06 13:31:27,714 [INFO] 📊 [DLB] Generando análisis técnico con gemma2:2b...
2026-04-06 13:31:27,716 [INFO] 📡 [PNM] Calculando recursos de red con gemma2:2b...
2026-04-06 13:31:35,278 [INFO] 🔄 INICIANDO RONDA: 1 | Moderador: gemma2:2b
2026-04-06 13:31:38,511 [INFO] 📊 [DLB] Generando análisis técnico con gemma2:2b...
2026-04-06 13:31:38,511 [INFO] 📡 [PNM] Calculando recursos de red con gemma2:2b...
2026-04-06 13:31:49,642 [INFO] 🔄 INICIANDO RONDA: 2 | Moderador: gemma2:2b
2026-04-06 13:31:52,968 [INFO] 📊 [DLB] Generando análisis técnico con gemma2:2b...
2026-04-06 13:31:52,968 [INFO] 📡 [PNM] Calculando recursos de red con gemma2:2b...
2026-04-06 13:32:02,198 [INFO] 🔄 INICIANDO RONDA: 3 | Moderador: gemma2:2b
2026-04-06 13:32:05,559 [INFO] 📊 [DLB] Generando análisis técnico con gemma2:2b...
2026-04-06 13:32:05,559 [INFO] 📡 [PNM] Calculando recursos de red con gemma2:2b...
2026-04-06 13:32:16,841 [INFO] 🔄 INICIANDO RONDA: 4 | Moderador: gemma2:2b
2026-04-06 13:32:20,121 [INFO] ⚖️ [JUEZ] Generando respuesta consenso con gemma2:2b...
2026-04-06 13:32:23,873 [INFO]    ✅ Finalizado.
2026-04-06 13:32:24,875 [INFO] 👉 [46] Iniciando debate...
2026-04-06 13:32:24,875 [INFO] 🔄 INICIANDO RONDA: 0 | Moderador: gemma2:2b
2026-04-06 13:32:29,228 [INFO] 📊 [DLB] Generando análisis técnico con gemma2:2b...
2026-04-06 13:32:29,228 [INFO] 📡 [PNM] Calculando recursos de red con gemma2:2b...
2026-04-06 13:32:37,310 [INFO] 🔄 INICIANDO RONDA: 1 | Moderador: gemma2:2b
2026-04-06 13:32:39,725 [INFO] 📊 [DLB] Generando análisis técnico con gemma2:2b...
2026-04-06 13:32:39,725 [INFO] 📡 [PNM] Calculando recursos de red con gemma2:2b...
2026-04-06 13:32:49,182 [INFO] 🔄 INICIANDO RONDA: 2 | Moderador: gemma2:2b
2026-04-06 13:32:51,706 [INFO] 📊 [DLB] Generando análisis técnico con gemma2:2b...
2026-04-06 13:32:51,706 [INFO] 📡 [PNM] Calculando recursos de red con gemma2:2b...
2026-04-06 13:32:59,420 [INFO] 🔄 INICIANDO RONDA: 3 | Moderador: gemma2:2b
2026-04-06 13:33:02,023 [INFO] 📊 [DLB] Generando análisis técnico con gemma2:2b...
2026-04-06 13:33:02,023 [INFO] 📡 [PNM] Calculando recursos de red con gemma2:2b...
2026-04-06 13:33:09,375 [INFO] 🔄 INICIANDO RONDA: 4 | Moderador: gemma2:2b
2026-04-06 13:33:11,511 [INFO] ⚖️ [JUEZ] Generando respuesta consenso con gemma2:2b...
2026-04-06 13:33:15,968 [INFO]    ✅ Finalizado.
2026-04-06 13:33:16,979 [INFO] 📁 Procesando archivo: aeronautical-ad-hoc-networking-for-the-internet-above-the-clouds_salida.txt
2026-04-06 13:33:16,979 [INFO] 👉 [47] Iniciando debate...
2026-04-06 13:33:16,979 [INFO] 🔄 INICIANDO RONDA: 0 | Moderador: gemma2:2b
2026-04-06 13:33:21,019 [INFO] 📊 [DLB] Generando análisis técnico con gemma2:2b...
2026-04-06 13:33:21,019 [INFO] 📡 [PNM] Calculando recursos de red con gemma2:2b...
2026-04-06 13:33:28,188 [INFO] 🔄 INICIANDO RONDA: 1 | Moderador: gemma2:2b
2026-04-06 13:33:30,272 [INFO] 📊 [DLB] Generando análisis técnico con gemma2:2b...
2026-04-06 13:33:30,272 [INFO] 📡 [PNM] Calculando recursos de red con gemma2:2b...
2026-04-06 13:33:38,929 [INFO] 🔄 INICIANDO RONDA: 2 | Moderador: gemma2:2b
2026-04-06 13:33:41,573 [INFO] 📊 [DLB] Generando análisis técnico con gemma2:2b...
2026-04-06 13:33:41,573 [INFO] 📡 [PNM] Calculando recursos de red con gemma2:2b...
2026-04-06 13:33:49,423 [INFO] 🔄 INICIANDO RONDA: 3 | Moderador: gemma2:2b
2026-04-06 13:33:52,666 [INFO] 📊 [DLB] Generando análisis técnico con gemma2:2b...
2026-04-06 13:33:52,666 [INFO] 📡 [PNM] Calculando recursos de red con gemma2:2b...
2026-04-06 13:34:01,486 [INFO] 🔄 INICIANDO RONDA: 4 | Moderador: gemma2:2b
2026-04-06 13:34:03,868 [INFO] ⚖️ [JUEZ] Generando respuesta consenso con gemma2:2b...
2026-04-06 13:34:09,761 [INFO]    ✅ Finalizado.
2026-04-06 13:34:10,767 [INFO] 👉 [48] Iniciando debate...
2026-04-06 13:34:10,767 [INFO] 🔄 INICIANDO RONDA: 0 | Moderador: gemma2:2b
2026-04-06 13:34:15,729 [INFO] 📊 [DLB] Generando análisis técnico con gemma2:2b...
2026-04-06 13:34:15,731 [INFO] 📡 [PNM] Calculando recursos de red con gemma2:2b...
2026-04-06 13:34:27,838 [INFO] 🔄 INICIANDO RONDA: 1 | Moderador: gemma2:2b
2026-04-06 13:34:31,016 [INFO] 📊 [DLB] Generando análisis técnico con gemma2:2b...
2026-04-06 13:34:31,016 [INFO] 📡 [PNM] Calculando recursos de red con gemma2:2b...
2026-04-06 13:34:40,975 [INFO] 🔄 INICIANDO RONDA: 2 | Moderador: gemma2:2b
2026-04-06 13:34:43,677 [INFO] 📊 [DLB] Generando análisis técnico con gemma2:2b...
2026-04-06 13:34:43,677 [INFO] 📡 [PNM] Calculando recursos de red con gemma2:2b...
2026-04-06 13:34:54,382 [INFO] 🔄 INICIANDO RONDA: 3 | Moderador: gemma2:2b
2026-04-06 13:34:57,238 [INFO] 📊 [DLB] Generando análisis técnico con gemma2:2b...
2026-04-06 13:34:57,238 [INFO] 📡 [PNM] Calculando recursos de red con gemma2:2b...
2026-04-06 13:35:06,356 [INFO] 🔄 INICIANDO RONDA: 4 | Moderador: gemma2:2b
2026-04-06 13:35:08,846 [INFO] ⚖️ [JUEZ] Generando respuesta consenso con gemma2:2b...
2026-04-06 13:35:14,313 [INFO]    ✅ Finalizado.
2026-04-06 13:35:15,318 [INFO] 👉 [49] Iniciando debate...
2026-04-06 13:35:15,318 [INFO] 🔄 INICIANDO RONDA: 0 | Moderador: gemma2:2b
2026-04-06 13:35:20,293 [INFO] 📊 [DLB] Generando análisis técnico con gemma2:2b...
2026-04-06 13:35:20,293 [INFO] 📡 [PNM] Calculando recursos de red con gemma2:2b...
2026-04-06 13:35:29,348 [INFO] 🔄 INICIANDO RONDA: 1 | Moderador: gemma2:2b
2026-04-06 13:35:32,914 [INFO] 📊 [DLB] Generando análisis técnico con gemma2:2b...
2026-04-06 13:35:32,914 [INFO] 📡 [PNM] Calculando recursos de red con gemma2:2b...
2026-04-06 13:35:40,367 [INFO] 🔄 INICIANDO RONDA: 2 | Moderador: gemma2:2b
2026-04-06 13:35:42,860 [INFO] 📊 [DLB] Generando análisis técnico con gemma2:2b...
2026-04-06 13:35:42,860 [INFO] 📡 [PNM] Calculando recursos de red con gemma2:2b...
2026-04-06 13:35:50,608 [INFO] 🔄 INICIANDO RONDA: 3 | Moderador: gemma2:2b
2026-04-06 13:35:51,761 [INFO] 🔄 INICIANDO RONDA: 4 | Moderador: llama3.3:70b
2026-04-06 13:35:53,233 [INFO] 📊 [DLB] Generando análisis técnico con gemma2:2b...
2026-04-06 13:35:53,233 [INFO] 📡 [PNM] Calculando recursos de red con gemma2:2b...
2026-04-06 13:35:59,227 [INFO] 🔄 INICIANDO RONDA: 4 | Moderador: gemma2:2b
2026-04-06 13:36:01,669 [INFO] ⚖️ [JUEZ] Generando respuesta consenso con gemma2:2b...
2026-04-06 13:36:05,599 [INFO]    ✅ Finalizado.
2026-04-06 13:36:06,608 [INFO] 👉 [50] Iniciando debate...
2026-04-06 13:36:06,608 [INFO] 🔄 INICIANDO RONDA: 0 | Moderador: gemma2:2b
2026-04-06 13:36:10,463 [INFO] 📊 [DLB] Generando análisis técnico con gemma2:2b...
2026-04-06 13:36:10,463 [INFO] 📡 [PNM] Calculando recursos de red con gemma2:2b...
2026-04-06 13:36:17,861 [INFO] 🔄 INICIANDO RONDA: 1 | Moderador: gemma2:2b
2026-04-06 13:36:19,421 [INFO] 📊 [DLB] Generando análisis técnico con gemma2:2b...
2026-04-06 13:36:19,421 [INFO] 📡 [PNM] Calculando recursos de red con gemma2:2b...
2026-04-06 13:36:26,494 [INFO] 🔄 INICIANDO RONDA: 2 | Moderador: gemma2:2b
2026-04-06 13:36:28,127 [INFO] 📊 [DLB] Generando análisis técnico con gemma2:2b...
2026-04-06 13:36:28,127 [INFO] 📡 [PNM] Calculando recursos de red con gemma2:2b...
2026-04-06 13:36:34,699 [INFO] 🔄 INICIANDO RONDA: 3 | Moderador: gemma2:2b
2026-04-06 13:36:37,249 [INFO] 📊 [DLB] Generando análisis técnico con gemma2:2b...
2026-04-06 13:36:37,249 [INFO] 📡 [PNM] Calculando recursos de red con gemma2:2b...
2026-04-06 13:36:47,804 [INFO] 🔄 INICIANDO RONDA: 4 | Moderador: gemma2:2b
2026-04-06 13:36:51,092 [INFO] ⚖️ [JUEZ] Generando respuesta consenso con gemma2:2b...
2026-04-06 13:36:55,867 [INFO]    ✅ Finalizado.
2026-04-06 13:36:56,869 [INFO] 👉 [51] Iniciando debate...
2026-04-06 13:36:56,869 [INFO] 🔄 INICIANDO RONDA: 0 | Moderador: gemma2:2b
2026-04-06 13:37:00,328 [INFO] 📊 [DLB] Generando análisis técnico con gemma2:2b...
2026-04-06 13:37:00,328 [INFO] 📡 [PNM] Calculando recursos de red con gemma2:2b...
2026-04-06 13:37:10,207 [INFO] 🔄 INICIANDO RONDA: 1 | Moderador: gemma2:2b
2026-04-06 13:37:12,599 [INFO] 📊 [DLB] Generando análisis técnico con gemma2:2b...
2026-04-06 13:37:12,599 [INFO] 📡 [PNM] Calculando recursos de red con gemma2:2b...
2026-04-06 13:37:19,503 [INFO] 🔄 INICIANDO RONDA: 2 | Moderador: gemma2:2b
2026-04-06 13:37:22,113 [INFO] 📊 [DLB] Generando análisis técnico con gemma2:2b...
2026-04-06 13:37:22,113 [INFO] 📡 [PNM] Calculando recursos de red con gemma2:2b...
2026-04-06 13:37:30,347 [INFO] 🔄 INICIANDO RONDA: 3 | Moderador: gemma2:2b
2026-04-06 13:37:37,967 [INFO] ⚖️ [JUEZ] Generando respuesta consenso con llama3.3:70b...
2026-04-06 13:38:57,785 [ERROR]    ❌ Error en debate #22: [Errno 2] No such file or directory: 'C:\\Users\\Laura\\Desktop\\TFG_Laura\\03_Langgraph_Parallel\\data\\70B\\heter\\q022\\a-lagrangian-heuristic-for-satellite-range-scheduling-with-resource-constraints_salida__q08_what_interference_mitigation_techniques_are_viable_for_overl.txt'
2026-04-06 13:38:58,794 [INFO] 📁 Procesando archivo: a-novel-dual-polarized-continuous-transverse-stub-antenna-based-on-corrugated-waveguides-part-ii-experimental-demonstration_salida.txt
2026-04-06 13:38:58,796 [INFO] 👉 [23] Iniciando debate...
2026-04-06 13:38:58,797 [INFO] 🔄 INICIANDO RONDA: 0 | Moderador: llama3.3:70b
2026-04-06 13:40:00,115 [INFO] 📊 [DLB] Generando análisis técnico con deepseek-r1:70b...
2026-04-06 13:40:00,116 [INFO] 📡 [PNM] Calculando recursos de red con qwen2.5:72b...
2026-04-06 13:43:42,990 [INFO] 🔄 INICIANDO RONDA: 1 | Moderador: llama3.3:70b
2026-04-06 13:44:52,363 [INFO] 📊 [DLB] Generando análisis técnico con deepseek-r1:70b...
2026-04-06 13:44:52,363 [INFO] 📡 [PNM] Calculando recursos de red con qwen2.5:72b...
2026-04-06 13:50:54,874 [INFO] 🔄 INICIANDO RONDA: 2 | Moderador: llama3.3:70b
2026-04-06 13:52:25,724 [INFO] 📊 [DLB] Generando análisis técnico con deepseek-r1:70b...
2026-04-06 13:52:25,724 [INFO] 📡 [PNM] Calculando recursos de red con qwen2.5:72b...
2026-04-06 13:58:29,920 [INFO] 🔄 INICIANDO RONDA: 3 | Moderador: llama3.3:70b
2026-04-06 13:59:52,119 [INFO] 📊 [DLB] Generando análisis técnico con deepseek-r1:70b...
2026-04-06 13:59:52,119 [INFO] 📡 [PNM] Calculando recursos de red con qwen2.5:72b...
2026-04-06 14:05:34,205 [INFO] 🔄 INICIANDO RONDA: 4 | Moderador: llama3.3:70b
2026-04-06 14:06:53,376 [INFO] ⚖️ [JUEZ] Generando respuesta consenso con llama3.3:70b...
2026-04-06 14:08:22,313 [INFO]    ✅ Finalizado.
2026-04-06 14:08:23,314 [INFO] 👉 [24] Iniciando debate...
2026-04-06 14:08:23,314 [INFO] 🔄 INICIANDO RONDA: 0 | Moderador: llama3.3:70b
2026-04-06 14:09:30,054 [INFO] 📊 [DLB] Generando análisis técnico con deepseek-r1:70b...
2026-04-06 14:09:30,055 [INFO] 📡 [PNM] Calculando recursos de red con qwen2.5:72b...
2026-04-06 14:14:41,262 [INFO] 🔄 INICIANDO RONDA: 1 | Moderador: llama3.3:70b
2026-04-06 14:15:56,808 [INFO] 📊 [DLB] Generando análisis técnico con deepseek-r1:70b...
2026-04-06 14:15:56,808 [INFO] 📡 [PNM] Calculando recursos de red con qwen2.5:72b...
2026-04-06 14:20:50,443 [INFO] 🔄 INICIANDO RONDA: 2 | Moderador: llama3.3:70b
2026-04-06 14:22:17,288 [INFO] 📊 [DLB] Generando análisis técnico con deepseek-r1:70b...
2026-04-06 14:22:17,289 [INFO] 📡 [PNM] Calculando recursos de red con qwen2.5:72b...
2026-04-06 14:28:25,717 [INFO] 🔄 INICIANDO RONDA: 3 | Moderador: llama3.3:70b
2026-04-06 14:29:49,803 [INFO] 📊 [DLB] Generando análisis técnico con deepseek-r1:70b...
2026-04-06 14:29:49,803 [INFO] 📡 [PNM] Calculando recursos de red con qwen2.5:72b...
2026-04-06 14:35:00,943 [INFO] 🔄 INICIANDO RONDA: 4 | Moderador: llama3.3:70b
2026-04-06 14:36:26,092 [INFO] ⚖️ [JUEZ] Generando respuesta consenso con llama3.3:70b...
2026-04-06 14:37:51,402 [INFO]    ✅ Finalizado.
2026-04-06 14:37:52,417 [INFO] 👉 [25] Iniciando debate...
2026-04-06 14:37:52,417 [INFO] 🔄 INICIANDO RONDA: 0 | Moderador: llama3.3:70b
2026-04-06 14:38:53,929 [INFO] 📊 [DLB] Generando análisis técnico con deepseek-r1:70b...
2026-04-06 14:38:53,930 [INFO] 📡 [PNM] Calculando recursos de red con qwen2.5:72b...
2026-04-06 14:44:28,450 [INFO] 🔄 INICIANDO RONDA: 1 | Moderador: llama3.3:70b
2026-04-06 14:45:54,208 [INFO] 📊 [DLB] Generando análisis técnico con deepseek-r1:70b...
2026-04-06 14:45:54,209 [INFO] 📡 [PNM] Calculando recursos de red con qwen2.5:72b...
2026-04-06 14:52:23,363 [INFO] 🔄 INICIANDO RONDA: 2 | Moderador: llama3.3:70b
2026-04-06 14:53:54,115 [INFO] 📊 [DLB] Generando análisis técnico con deepseek-r1:70b...
2026-04-06 14:53:54,115 [INFO] 📡 [PNM] Calculando recursos de red con qwen2.5:72b...
2026-04-06 14:57:37,773 [INFO] 🔄 INICIANDO RONDA: 3 | Moderador: llama3.3:70b
2026-04-06 14:59:00,145 [INFO] 📊 [DLB] Generando análisis técnico con deepseek-r1:70b...
2026-04-06 14:59:00,146 [INFO] 📡 [PNM] Calculando recursos de red con qwen2.5:72b...
2026-04-06 15:03:44,918 [INFO] 🔄 INICIANDO RONDA: 4 | Moderador: llama3.3:70b
2026-04-06 15:05:04,445 [INFO] ⚖️ [JUEZ] Generando respuesta consenso con llama3.3:70b...
2026-04-06 15:06:28,797 [INFO]    ✅ Finalizado.
2026-04-06 15:06:29,802 [INFO] 👉 [26] Iniciando debate...
2026-04-06 15:06:29,805 [INFO] 🔄 INICIANDO RONDA: 0 | Moderador: llama3.3:70b
2026-04-06 15:07:31,836 [INFO] 📊 [DLB] Generando análisis técnico con deepseek-r1:70b...
2026-04-06 15:07:31,838 [INFO] 📡 [PNM] Calculando recursos de red con qwen2.5:72b...
2026-04-06 15:13:38,839 [INFO] 🔄 INICIANDO RONDA: 1 | Moderador: llama3.3:70b
2026-04-06 15:14:39,363 [INFO] 📊 [DLB] Generando análisis técnico con deepseek-r1:70b...
2026-04-06 15:14:39,363 [INFO] 📡 [PNM] Calculando recursos de red con qwen2.5:72b...
2026-04-06 15:19:25,478 [INFO] 🔄 INICIANDO RONDA: 2 | Moderador: llama3.3:70b
2026-04-06 15:20:41,249 [INFO] 📊 [DLB] Generando análisis técnico con deepseek-r1:70b...
2026-04-06 15:20:41,249 [INFO] 📡 [PNM] Calculando recursos de red con qwen2.5:72b...
2026-04-06 15:25:09,634 [INFO] 🔄 INICIANDO RONDA: 3 | Moderador: llama3.3:70b
2026-04-06 15:26:25,127 [INFO] 📊 [DLB] Generando análisis técnico con deepseek-r1:70b...
2026-04-06 15:26:25,127 [INFO] 📡 [PNM] Calculando recursos de red con qwen2.5:72b...
2026-04-06 15:30:05,010 [INFO] 🔄 INICIANDO RONDA: 4 | Moderador: llama3.3:70b
2026-04-06 15:31:29,830 [INFO] ⚖️ [JUEZ] Generando respuesta consenso con llama3.3:70b...
2026-04-06 15:32:56,811 [INFO]    ✅ Finalizado.
2026-04-06 15:32:57,820 [INFO] 👉 [27] Iniciando debate...
2026-04-06 15:32:57,820 [INFO] 🔄 INICIANDO RONDA: 0 | Moderador: llama3.3:70b
2026-04-06 15:33:57,418 [INFO] 📊 [DLB] Generando análisis técnico con deepseek-r1:70b...
2026-04-06 15:33:57,419 [INFO] 📡 [PNM] Calculando recursos de red con qwen2.5:72b...
2026-04-06 15:39:03,560 [INFO] 🔄 INICIANDO RONDA: 1 | Moderador: llama3.3:70b
2026-04-06 15:40:13,632 [INFO] 📊 [DLB] Generando análisis técnico con deepseek-r1:70b...
2026-04-06 15:40:13,632 [INFO] 📡 [PNM] Calculando recursos de red con qwen2.5:72b...
2026-04-06 15:45:04,910 [INFO] 🔄 INICIANDO RONDA: 2 | Moderador: llama3.3:70b
2026-04-06 15:46:20,038 [INFO] 📊 [DLB] Generando análisis técnico con deepseek-r1:70b...
2026-04-06 15:46:20,038 [INFO] 📡 [PNM] Calculando recursos de red con qwen2.5:72b...
2026-04-06 15:52:29,199 [INFO] 🔄 INICIANDO RONDA: 3 | Moderador: llama3.3:70b
2026-04-06 15:54:05,399 [INFO] 📊 [DLB] Generando análisis técnico con deepseek-r1:70b...
2026-04-06 15:54:05,399 [INFO] 📡 [PNM] Calculando recursos de red con qwen2.5:72b...
2026-04-06 15:58:00,574 [INFO] 🔄 INICIANDO RONDA: 4 | Moderador: llama3.3:70b
2026-04-06 15:59:35,312 [INFO] ⚖️ [JUEZ] Generando respuesta consenso con llama3.3:70b...
2026-04-06 16:01:02,078 [INFO]    ✅ Finalizado.
2026-04-06 16:01:03,090 [INFO] 📁 Procesando archivo: a-reflector-antenna-concept-robust-against-feed-failures-for-satellite-communications_salida.txt
2026-04-06 16:01:03,090 [INFO] 👉 [28] Iniciando debate...
2026-04-06 16:01:03,090 [INFO] 🔄 INICIANDO RONDA: 0 | Moderador: llama3.3:70b
2026-04-06 16:01:58,014 [INFO] 📊 [DLB] Generando análisis técnico con deepseek-r1:70b...
2026-04-06 16:01:58,021 [INFO] 📡 [PNM] Calculando recursos de red con qwen2.5:72b...
2026-04-06 16:09:25,646 [INFO] 📁 Procesando archivo: a-compact-low-noise-frontend-for-interleaved-rx-tx-arrays-at-k-ka-band_salida.txt
2026-04-06 16:09:25,646 [INFO] 📁 Procesando archivo: a-compact-lowpass-filter-for-satellite-communication-systems-based-on-transfer-function-analysis_salida.txt
2026-04-06 16:09:25,646 [INFO] 📁 Procesando archivo: a-framework-to-classify-heterogeneous-internet-traffic-with-machine-learning-and-deep-learning-techniques-for-satellite-communications_salida.txt
2026-04-06 16:09:25,646 [INFO] 📁 Procesando archivo: a-ka-band-satcom-transceiver-in-65-nm-cmos-with-high-linearity-tx-and-dual-channel-wide-dynamic-range-rx-for-terrestrial-terminal_salida.txt
2026-04-06 16:09:25,646 [INFO] 📁 Procesando archivo: a-lagrangian-heuristic-for-satellite-range-scheduling-with-resource-constraints_salida.txt
2026-04-06 16:09:25,646 [INFO] 📁 Procesando archivo: a-novel-dual-polarized-continuous-transverse-stub-antenna-based-on-corrugated-waveguides-part-ii-experimental-demonstration_salida.txt
2026-04-06 16:09:25,646 [INFO] 📁 Procesando archivo: a-reflector-antenna-concept-robust-against-feed-failures-for-satellite-communications_salida.txt
2026-04-06 16:09:25,646 [INFO] 👉 [28] Iniciando debate...
2026-04-06 16:09:25,661 [INFO] 🔄 INICIANDO RONDA: 0 | Moderador: llama3.3:70b
2026-04-06 16:10:29,667 [INFO] 📊 [DLB] Generando análisis técnico con deepseek-r1:70b...
2026-04-06 16:10:29,668 [INFO] 📡 [PNM] Calculando recursos de red con qwen2.5:72b...
2026-04-06 16:15:09,865 [INFO] 🔄 INICIANDO RONDA: 1 | Moderador: llama3.3:70b
2026-04-06 16:16:19,225 [INFO] 📊 [DLB] Generando análisis técnico con deepseek-r1:70b...
2026-04-06 16:16:19,226 [INFO] 📡 [PNM] Calculando recursos de red con qwen2.5:72b...
2026-04-06 16:19:44,817 [INFO] 🔄 INICIANDO RONDA: 2 | Moderador: llama3.3:70b
2026-04-06 16:21:01,105 [INFO] 📊 [DLB] Generando análisis técnico con deepseek-r1:70b...
2026-04-06 16:21:01,105 [INFO] 📡 [PNM] Calculando recursos de red con qwen2.5:72b...
2026-04-06 16:24:56,367 [INFO] 🔄 INICIANDO RONDA: 3 | Moderador: llama3.3:70b
2026-04-06 16:26:24,484 [INFO] 📊 [DLB] Generando análisis técnico con deepseek-r1:70b...
2026-04-06 16:26:24,484 [INFO] 📡 [PNM] Calculando recursos de red con qwen2.5:72b...
2026-04-06 16:30:05,834 [INFO] 🔄 INICIANDO RONDA: 4 | Moderador: llama3.3:70b
2026-04-06 16:31:35,528 [INFO] ⚖️ [JUEZ] Generando respuesta consenso con llama3.3:70b...
2026-04-06 16:32:51,190 [INFO]    ✅ Finalizado.
2026-04-06 16:32:52,204 [INFO] 👉 [29] Iniciando debate...
2026-04-06 16:32:52,206 [INFO] 🔄 INICIANDO RONDA: 0 | Moderador: llama3.3:70b
2026-04-06 16:33:59,986 [INFO] 📊 [DLB] Generando análisis técnico con deepseek-r1:70b...
2026-04-06 16:33:59,987 [INFO] 📡 [PNM] Calculando recursos de red con qwen2.5:72b...
2026-04-06 16:39:35,636 [INFO] 🔄 INICIANDO RONDA: 1 | Moderador: llama3.3:70b
2026-04-06 16:40:58,774 [INFO] 📊 [DLB] Generando análisis técnico con deepseek-r1:70b...
2026-04-06 16:40:58,774 [INFO] 📡 [PNM] Calculando recursos de red con qwen2.5:72b...
2026-04-06 16:44:26,042 [INFO] 🔄 INICIANDO RONDA: 2 | Moderador: llama3.3:70b
2026-04-06 16:45:58,460 [INFO] 📊 [DLB] Generando análisis técnico con deepseek-r1:70b...
2026-04-06 16:45:58,461 [INFO] 📡 [PNM] Calculando recursos de red con qwen2.5:72b...
2026-04-06 16:52:20,400 [INFO] 🔄 INICIANDO RONDA: 3 | Moderador: llama3.3:70b
2026-04-06 16:53:46,165 [INFO] 📊 [DLB] Generando análisis técnico con deepseek-r1:70b...
2026-04-06 16:53:46,165 [INFO] 📡 [PNM] Calculando recursos de red con qwen2.5:72b...
2026-04-06 16:59:33,971 [INFO] 🔄 INICIANDO RONDA: 4 | Moderador: llama3.3:70b
2026-04-06 17:01:02,639 [INFO] ⚖️ [JUEZ] Generando respuesta consenso con llama3.3:70b...
2026-04-06 17:02:19,149 [INFO]    ✅ Finalizado.
2026-04-06 17:02:20,162 [INFO] 👉 [30] Iniciando debate...
2026-04-06 17:02:20,164 [INFO] 🔄 INICIANDO RONDA: 0 | Moderador: llama3.3:70b
2026-04-06 17:03:20,191 [INFO] 📊 [DLB] Generando análisis técnico con deepseek-r1:70b...
2026-04-06 17:03:20,193 [INFO] 📡 [PNM] Calculando recursos de red con qwen2.5:72b...
2026-04-06 17:08:17,771 [INFO] 🔄 INICIANDO RONDA: 1 | Moderador: llama3.3:70b
2026-04-06 17:09:29,119 [INFO] 📊 [DLB] Generando análisis técnico con deepseek-r1:70b...
2026-04-06 17:09:29,120 [INFO] 📡 [PNM] Calculando recursos de red con qwen2.5:72b...
2026-04-06 17:15:12,794 [INFO] 🔄 INICIANDO RONDA: 2 | Moderador: llama3.3:70b
2026-04-06 17:16:35,290 [INFO] 📊 [DLB] Generando análisis técnico con deepseek-r1:70b...
2026-04-06 17:16:35,290 [INFO] 📡 [PNM] Calculando recursos de red con qwen2.5:72b...
2026-04-06 17:21:19,507 [INFO] 🔄 INICIANDO RONDA: 3 | Moderador: llama3.3:70b
2026-04-06 17:22:35,587 [INFO] 📊 [DLB] Generando análisis técnico con deepseek-r1:70b...
2026-04-06 17:22:35,587 [INFO] 📡 [PNM] Calculando recursos de red con qwen2.5:72b...
2026-04-06 17:28:26,808 [INFO] 🔄 INICIANDO RONDA: 4 | Moderador: llama3.3:70b
2026-04-06 17:30:04,897 [INFO] ⚖️ [JUEZ] Generando respuesta consenso con llama3.3:70b...
2026-04-06 17:31:19,372 [INFO]    ✅ Finalizado.
2026-04-06 17:31:20,374 [INFO] 👉 [31] Iniciando debate...
2026-04-06 17:31:20,374 [INFO] 🔄 INICIANDO RONDA: 0 | Moderador: llama3.3:70b
2026-04-06 17:32:19,133 [INFO] 📊 [DLB] Generando análisis técnico con deepseek-r1:70b...
2026-04-06 17:32:19,135 [INFO] 📡 [PNM] Calculando recursos de red con qwen2.5:72b...
2026-04-06 17:37:09,712 [INFO] 🔄 INICIANDO RONDA: 1 | Moderador: llama3.3:70b
2026-04-06 17:38:18,161 [INFO] 📊 [DLB] Generando análisis técnico con deepseek-r1:70b...
2026-04-06 17:38:18,161 [INFO] 📡 [PNM] Calculando recursos de red con qwen2.5:72b...
2026-04-06 17:44:17,666 [INFO] 🔄 INICIANDO RONDA: 2 | Moderador: llama3.3:70b
2026-04-06 17:45:41,701 [INFO] 📊 [DLB] Generando análisis técnico con deepseek-r1:70b...
2026-04-06 17:45:41,701 [INFO] 📡 [PNM] Calculando recursos de red con qwen2.5:72b...
2026-04-06 17:52:07,227 [INFO] 🔄 INICIANDO RONDA: 3 | Moderador: llama3.3:70b
2026-04-06 17:53:46,464 [INFO] 📊 [DLB] Generando análisis técnico con deepseek-r1:70b...
2026-04-06 17:53:46,465 [INFO] 📡 [PNM] Calculando recursos de red con qwen2.5:72b...
2026-04-06 17:59:57,331 [INFO] 🔄 INICIANDO RONDA: 4 | Moderador: llama3.3:70b
2026-04-06 18:02:10,974 [INFO] ⚖️ [JUEZ] Generando respuesta consenso con llama3.3:70b...
2026-04-06 18:03:35,873 [INFO]    ✅ Finalizado.
2026-04-06 18:03:36,879 [INFO] 👉 [32] Iniciando debate...
2026-04-06 18:03:36,879 [INFO] 🔄 INICIANDO RONDA: 0 | Moderador: llama3.3:70b
2026-04-06 18:04:34,707 [INFO] 📊 [DLB] Generando análisis técnico con deepseek-r1:70b...
2026-04-06 18:04:34,709 [INFO] 📡 [PNM] Calculando recursos de red con qwen2.5:72b...
2026-04-06 18:09:09,548 [INFO] 🔄 INICIANDO RONDA: 1 | Moderador: llama3.3:70b
2026-04-06 18:10:34,869 [INFO] 📊 [DLB] Generando análisis técnico con deepseek-r1:70b...
2026-04-06 18:10:34,870 [INFO] 📡 [PNM] Calculando recursos de red con qwen2.5:72b...
2026-04-06 18:16:13,967 [INFO] 🔄 INICIANDO RONDA: 2 | Moderador: llama3.3:70b
2026-04-06 18:18:00,317 [INFO] 📊 [DLB] Generando análisis técnico con deepseek-r1:70b...
2026-04-06 18:18:00,318 [INFO] 📡 [PNM] Calculando recursos de red con qwen2.5:72b...
2026-04-06 18:22:02,695 [INFO] 🔄 INICIANDO RONDA: 3 | Moderador: llama3.3:70b
2026-04-06 18:23:43,325 [INFO] 📊 [DLB] Generando análisis técnico con deepseek-r1:70b...
2026-04-06 18:23:43,325 [INFO] 📡 [PNM] Calculando recursos de red con qwen2.5:72b...
2026-04-06 18:27:31,386 [INFO] 🔄 INICIANDO RONDA: 4 | Moderador: llama3.3:70b
2026-04-06 18:29:02,204 [INFO] ⚖️ [JUEZ] Generando respuesta consenso con llama3.3:70b...
2026-04-06 18:30:18,107 [INFO]    ✅ Finalizado.
2026-04-06 18:30:19,109 [INFO] 📁 Procesando archivo: a-survey-on-communication-networks-for-electric-system-automation_salida.txt
2026-04-06 18:30:19,109 [INFO] 👉 [33] Iniciando debate...
2026-04-06 18:30:19,109 [INFO] 🔄 INICIANDO RONDA: 0 | Moderador: llama3.3:70b
2026-04-06 18:32:11,716 [INFO] 📁 Procesando archivo: a-compact-low-noise-frontend-for-interleaved-rx-tx-arrays-at-k-ka-band_salida.txt
2026-04-06 18:32:11,716 [INFO] 📁 Procesando archivo: a-compact-lowpass-filter-for-satellite-communication-systems-based-on-transfer-function-analysis_salida.txt
2026-04-06 18:32:11,716 [INFO] 📁 Procesando archivo: a-framework-to-classify-heterogeneous-internet-traffic-with-machine-learning-and-deep-learning-techniques-for-satellite-communications_salida.txt
2026-04-06 18:32:11,716 [INFO] 📁 Procesando archivo: a-ka-band-satcom-transceiver-in-65-nm-cmos-with-high-linearity-tx-and-dual-channel-wide-dynamic-range-rx-for-terrestrial-terminal_salida.txt
2026-04-06 18:32:11,716 [INFO] 📁 Procesando archivo: a-lagrangian-heuristic-for-satellite-range-scheduling-with-resource-constraints_salida.txt
2026-04-06 18:32:11,716 [INFO] 👉 [22] Iniciando debate...
2026-04-06 18:32:11,731 [INFO] 🔄 INICIANDO RONDA: 0 | Moderador: llama3.3:70b
2026-04-06 18:33:16,519 [INFO] 📊 [DLB] Generando análisis técnico con deepseek-r1:70b...
2026-04-06 18:33:16,521 [INFO] 📡 [PNM] Calculando recursos de red con qwen2.5:72b...
2026-04-06 18:36:58,302 [INFO] 🔄 INICIANDO RONDA: 1 | Moderador: llama3.3:70b
2026-04-06 18:38:12,568 [INFO] 📊 [DLB] Generando análisis técnico con deepseek-r1:70b...
2026-04-06 18:38:12,568 [INFO] 📡 [PNM] Calculando recursos de red con qwen2.5:72b...
2026-04-06 18:43:06,917 [INFO] 🔄 INICIANDO RONDA: 2 | Moderador: llama3.3:70b
2026-04-06 18:44:26,038 [INFO] 📊 [DLB] Generando análisis técnico con deepseek-r1:70b...
2026-04-06 18:44:26,038 [INFO] 📡 [PNM] Calculando recursos de red con qwen2.5:72b...
2026-04-06 18:50:37,685 [INFO] 🔄 INICIANDO RONDA: 3 | Moderador: llama3.3:70b
2026-04-06 18:51:58,010 [INFO] 📊 [DLB] Generando análisis técnico con deepseek-r1:70b...
2026-04-06 18:51:58,010 [INFO] 📡 [PNM] Calculando recursos de red con qwen2.5:72b...
2026-04-06 18:58:07,100 [INFO] 🔄 INICIANDO RONDA: 4 | Moderador: llama3.3:70b
2026-04-06 18:59:36,336 [INFO] ⚖️ [JUEZ] Generando respuesta consenso con llama3.3:70b...
2026-04-06 19:00:47,816 [INFO]    ✅ Finalizado.
2026-04-06 19:00:48,831 [INFO] 📁 Procesando archivo: a-novel-dual-polarized-continuous-transverse-stub-antenna-based-on-corrugated-waveguides-part-ii-experimental-demonstration_salida.txt
2026-04-06 19:00:48,831 [INFO] 👉 [23] Iniciando debate...
2026-04-06 19:00:48,831 [INFO] 🔄 INICIANDO RONDA: 0 | Moderador: llama3.3:70b
2026-04-06 20:17:41,272 [INFO] 📁 Procesando archivo: a-compact-low-noise-frontend-for-interleaved-rx-tx-arrays-at-k-ka-band_salida.txt
2026-04-06 20:17:41,288 [INFO] 📁 Procesando archivo: a-compact-lowpass-filter-for-satellite-communication-systems-based-on-transfer-function-analysis_salida.txt
2026-04-06 20:17:41,288 [INFO] 📁 Procesando archivo: a-framework-to-classify-heterogeneous-internet-traffic-with-machine-learning-and-deep-learning-techniques-for-satellite-communications_salida.txt
2026-04-06 20:17:41,303 [INFO] 📁 Procesando archivo: a-ka-band-satcom-transceiver-in-65-nm-cmos-with-high-linearity-tx-and-dual-channel-wide-dynamic-range-rx-for-terrestrial-terminal_salida.txt
2026-04-06 20:17:41,303 [INFO] 📁 Procesando archivo: a-lagrangian-heuristic-for-satellite-range-scheduling-with-resource-constraints_salida.txt
2026-04-06 20:17:41,319 [INFO] 📁 Procesando archivo: a-novel-dual-polarized-continuous-transverse-stub-antenna-based-on-corrugated-waveguides-part-ii-experimental-demonstration_salida.txt
2026-04-06 20:17:41,319 [INFO] 📁 Procesando archivo: a-reflector-antenna-concept-robust-against-feed-failures-for-satellite-communications_salida.txt
2026-04-06 20:17:41,334 [INFO] 📁 Procesando archivo: a-survey-on-communication-networks-for-electric-system-automation_salida.txt
2026-04-06 20:17:41,334 [INFO] 👉 [33] Iniciando debate...
2026-04-06 20:17:41,381 [INFO] 🔄 INICIANDO RONDA: 0 | Moderador: llama3.3:70b
2026-04-06 20:18:52,593 [INFO] 📊 [DLB] Generando análisis técnico con deepseek-r1:70b...
2026-04-06 20:18:52,595 [INFO] 📡 [PNM] Calculando recursos de red con qwen2.5:72b...
2026-04-06 20:22:24,734 [INFO] 🔄 INICIANDO RONDA: 1 | Moderador: llama3.3:70b
2026-04-06 20:23:34,367 [INFO] 📊 [DLB] Generando análisis técnico con deepseek-r1:70b...
2026-04-06 20:23:34,367 [INFO] 📡 [PNM] Calculando recursos de red con qwen2.5:72b...
2026-04-06 20:28:23,870 [INFO] 🔄 INICIANDO RONDA: 2 | Moderador: llama3.3:70b
2026-04-06 20:29:41,255 [INFO] 📊 [DLB] Generando análisis técnico con deepseek-r1:70b...
2026-04-06 20:29:41,255 [INFO] 📡 [PNM] Calculando recursos de red con qwen2.5:72b...
2026-04-06 20:35:36,126 [INFO] 🔄 INICIANDO RONDA: 3 | Moderador: llama3.3:70b
2026-04-06 20:37:12,062 [INFO] 📊 [DLB] Generando análisis técnico con deepseek-r1:70b...
2026-04-06 20:37:12,062 [INFO] 📡 [PNM] Calculando recursos de red con qwen2.5:72b...
2026-04-06 20:41:04,973 [INFO] 🔄 INICIANDO RONDA: 4 | Moderador: llama3.3:70b
2026-04-06 20:42:35,461 [INFO] ⚖️ [JUEZ] Generando respuesta consenso con llama3.3:70b...
2026-04-06 20:43:51,059 [INFO]    ✅ Finalizado.
2026-04-06 20:43:52,073 [INFO] 👉 [34] Iniciando debate...
2026-04-06 20:43:52,074 [INFO] 🔄 INICIANDO RONDA: 0 | Moderador: llama3.3:70b
2026-04-06 20:44:53,315 [INFO] 📊 [DLB] Generando análisis técnico con deepseek-r1:70b...
2026-04-06 20:44:53,317 [INFO] 📡 [PNM] Calculando recursos de red con qwen2.5:72b...
2026-04-06 20:50:40,438 [INFO] 🔄 INICIANDO RONDA: 1 | Moderador: llama3.3:70b
2026-04-06 20:51:59,827 [INFO] 📊 [DLB] Generando análisis técnico con deepseek-r1:70b...
2026-04-06 20:51:59,827 [INFO] 📡 [PNM] Calculando recursos de red con qwen2.5:72b...
2026-04-06 20:56:17,373 [INFO] 🔄 INICIANDO RONDA: 2 | Moderador: llama3.3:70b
2026-04-06 20:57:37,678 [INFO] 📊 [DLB] Generando análisis técnico con deepseek-r1:70b...
2026-04-06 20:57:37,678 [INFO] 📡 [PNM] Calculando recursos de red con qwen2.5:72b...
2026-04-06 21:03:10,651 [INFO] 🔄 INICIANDO RONDA: 3 | Moderador: llama3.3:70b
2026-04-06 21:04:33,512 [INFO] 📊 [DLB] Generando análisis técnico con deepseek-r1:70b...
2026-04-06 21:04:33,512 [INFO] 📡 [PNM] Calculando recursos de red con qwen2.5:72b...
2026-04-06 21:10:12,658 [INFO] 🔄 INICIANDO RONDA: 4 | Moderador: llama3.3:70b
2026-04-06 21:11:34,880 [INFO] ⚖️ [JUEZ] Generando respuesta consenso con llama3.3:70b...
2026-04-06 21:12:50,183 [INFO]    ✅ Finalizado.
2026-04-06 21:12:51,198 [INFO] 👉 [35] Iniciando debate...
2026-04-06 21:12:51,199 [INFO] 🔄 INICIANDO RONDA: 0 | Moderador: llama3.3:70b
2026-04-06 21:13:57,805 [INFO] 📊 [DLB] Generando análisis técnico con deepseek-r1:70b...
2026-04-06 21:13:57,807 [INFO] 📡 [PNM] Calculando recursos de red con qwen2.5:72b...
2026-04-06 21:19:58,930 [INFO] 🔄 INICIANDO RONDA: 1 | Moderador: llama3.3:70b
2026-04-06 21:21:01,914 [INFO] 📊 [DLB] Generando análisis técnico con deepseek-r1:70b...
2026-04-06 21:21:01,915 [INFO] 📡 [PNM] Calculando recursos de red con qwen2.5:72b...
2026-04-06 21:26:40,091 [INFO] 🔄 INICIANDO RONDA: 2 | Moderador: llama3.3:70b
2026-04-06 21:28:02,471 [INFO] 📊 [DLB] Generando análisis técnico con deepseek-r1:70b...
2026-04-06 21:28:02,471 [INFO] 📡 [PNM] Calculando recursos de red con qwen2.5:72b...
2026-04-06 21:33:15,856 [INFO] 🔄 INICIANDO RONDA: 3 | Moderador: llama3.3:70b
2026-04-06 21:34:45,639 [INFO] 📊 [DLB] Generando análisis técnico con deepseek-r1:70b...
2026-04-06 21:34:45,639 [INFO] 📡 [PNM] Calculando recursos de red con qwen2.5:72b...
2026-04-06 21:41:04,327 [INFO] 🔄 INICIANDO RONDA: 4 | Moderador: llama3.3:70b
2026-04-06 21:42:40,205 [INFO] ⚖️ [JUEZ] Generando respuesta consenso con llama3.3:70b...
2026-04-06 21:43:55,389 [INFO]    ✅ Finalizado.
2026-04-06 21:43:56,393 [INFO] 👉 [36] Iniciando debate...
2026-04-06 21:43:56,393 [INFO] 🔄 INICIANDO RONDA: 0 | Moderador: llama3.3:70b
2026-04-06 21:44:58,584 [INFO] 📊 [DLB] Generando análisis técnico con deepseek-r1:70b...
2026-04-06 21:44:58,585 [INFO] 📡 [PNM] Calculando recursos de red con qwen2.5:72b...
2026-04-06 21:48:47,689 [INFO] 🔄 INICIANDO RONDA: 1 | Moderador: llama3.3:70b
2026-04-06 21:49:54,286 [INFO] 📊 [DLB] Generando análisis técnico con deepseek-r1:70b...
2026-04-06 21:49:54,286 [INFO] 📡 [PNM] Calculando recursos de red con qwen2.5:72b...
2026-04-06 21:53:54,887 [INFO] 🔄 INICIANDO RONDA: 2 | Moderador: llama3.3:70b
2026-04-06 21:55:19,042 [INFO] 📊 [DLB] Generando análisis técnico con deepseek-r1:70b...
2026-04-06 21:55:19,042 [INFO] 📡 [PNM] Calculando recursos de red con qwen2.5:72b...
2026-04-06 22:01:48,679 [INFO] 🔄 INICIANDO RONDA: 3 | Moderador: llama3.3:70b
2026-04-06 22:02:01,422 [INFO] 📊 [DLB] Generando análisis técnico con deepseek-r1:70b...
2026-04-06 22:02:01,422 [INFO] 📡 [PNM] Calculando recursos de red con qwen2.5:72b...
2026-04-06 23:05:01,315 [INFO] 📁 Procesando archivo: a-compact-low-noise-frontend-for-interleaved-rx-tx-arrays-at-k-ka-band_salida.txt
2026-04-06 23:05:01,331 [INFO] 📁 Procesando archivo: a-compact-lowpass-filter-for-satellite-communication-systems-based-on-transfer-function-analysis_salida.txt
2026-04-06 23:05:01,346 [INFO] 📁 Procesando archivo: a-framework-to-classify-heterogeneous-internet-traffic-with-machine-learning-and-deep-learning-techniques-for-satellite-communications_salida.txt
2026-04-06 23:05:01,346 [INFO] 📁 Procesando archivo: a-ka-band-satcom-transceiver-in-65-nm-cmos-with-high-linearity-tx-and-dual-channel-wide-dynamic-range-rx-for-terrestrial-terminal_salida.txt
2026-04-06 23:05:01,362 [INFO] 📁 Procesando archivo: a-lagrangian-heuristic-for-satellite-range-scheduling-with-resource-constraints_salida.txt
2026-04-06 23:05:01,362 [INFO] 📁 Procesando archivo: a-novel-dual-polarized-continuous-transverse-stub-antenna-based-on-corrugated-waveguides-part-ii-experimental-demonstration_salida.txt
2026-04-06 23:05:01,377 [INFO] 📁 Procesando archivo: a-reflector-antenna-concept-robust-against-feed-failures-for-satellite-communications_salida.txt
2026-04-06 23:05:01,393 [INFO] 📁 Procesando archivo: a-survey-on-communication-networks-for-electric-system-automation_salida.txt
2026-04-06 23:05:01,393 [INFO] 👉 [36] Iniciando debate...
2026-04-06 23:05:01,424 [INFO] 🔄 INICIANDO RONDA: 0 | Moderador: llama3.3:70b
2026-04-06 23:05:57,225 [INFO] 📊 [DLB] Generando análisis técnico con deepseek-r1:70b...
2026-04-06 23:05:57,226 [INFO] 📡 [PNM] Calculando recursos de red con qwen2.5:72b...
2026-04-06 23:09:53,477 [INFO] 🔄 INICIANDO RONDA: 1 | Moderador: llama3.3:70b
2026-04-06 23:11:04,831 [INFO] 📊 [DLB] Generando análisis técnico con deepseek-r1:70b...
2026-04-06 23:11:04,831 [INFO] 📡 [PNM] Calculando recursos de red con qwen2.5:72b...
2026-04-06 23:15:13,026 [INFO] 🔄 INICIANDO RONDA: 2 | Moderador: llama3.3:70b
2026-04-06 23:16:36,458 [INFO] 📊 [DLB] Generando análisis técnico con deepseek-r1:70b...
2026-04-06 23:16:36,458 [INFO] 📡 [PNM] Calculando recursos de red con qwen2.5:72b...
2026-04-06 23:23:01,343 [INFO] 🔄 INICIANDO RONDA: 3 | Moderador: llama3.3:70b
2026-04-06 23:24:23,114 [INFO] 📊 [DLB] Generando análisis técnico con deepseek-r1:70b...
2026-04-06 23:24:23,114 [INFO] 📡 [PNM] Calculando recursos de red con qwen2.5:72b...
2026-04-06 23:29:51,506 [INFO] 🔄 INICIANDO RONDA: 4 | Moderador: llama3.3:70b
2026-04-06 23:31:33,237 [INFO] ⚖️ [JUEZ] Generando respuesta consenso con llama3.3:70b...
2026-04-06 23:32:46,458 [INFO]    ✅ Finalizado.
2026-04-06 23:32:47,469 [INFO] 👉 [37] Iniciando debate...
2026-04-06 23:32:47,472 [INFO] 🔄 INICIANDO RONDA: 0 | Moderador: llama3.3:70b
2026-04-06 23:33:49,851 [INFO] 📊 [DLB] Generando análisis técnico con deepseek-r1:70b...
2026-04-06 23:33:49,852 [INFO] 📡 [PNM] Calculando recursos de red con qwen2.5:72b...
2026-04-06 23:39:02,224 [INFO] 🔄 INICIANDO RONDA: 1 | Moderador: llama3.3:70b
2026-04-06 23:40:17,486 [INFO] 📊 [DLB] Generando análisis técnico con deepseek-r1:70b...
2026-04-06 23:40:17,486 [INFO] 📡 [PNM] Calculando recursos de red con qwen2.5:72b...
2026-04-06 23:45:01,249 [INFO] 🔄 INICIANDO RONDA: 2 | Moderador: llama3.3:70b
2026-04-06 23:46:16,989 [INFO] 📊 [DLB] Generando análisis técnico con deepseek-r1:70b...
2026-04-06 23:46:16,989 [INFO] 📡 [PNM] Calculando recursos de red con qwen2.5:72b...
2026-04-06 23:50:13,779 [INFO] 🔄 INICIANDO RONDA: 3 | Moderador: llama3.3:70b
2026-04-06 23:51:31,382 [INFO] 📊 [DLB] Generando análisis técnico con deepseek-r1:70b...
2026-04-06 23:51:31,383 [INFO] 📡 [PNM] Calculando recursos de red con qwen2.5:72b...
2026-04-06 23:56:58,300 [INFO] 🔄 INICIANDO RONDA: 4 | Moderador: llama3.3:70b
2026-04-06 23:58:28,673 [INFO] ⚖️ [JUEZ] Generando respuesta consenso con llama3.3:70b...
2026-04-06 23:59:44,650 [INFO]    ✅ Finalizado.
2026-04-06 23:59:45,664 [INFO] 👉 [38] Iniciando debate...
2026-04-06 23:59:45,664 [INFO] 🔄 INICIANDO RONDA: 0 | Moderador: llama3.3:70b
2026-04-07 00:00:44,970 [INFO] 📊 [DLB] Generando análisis técnico con deepseek-r1:70b...
2026-04-07 00:00:44,972 [INFO] 📡 [PNM] Calculando recursos de red con qwen2.5:72b...
2026-04-07 00:04:27,283 [INFO] 🔄 INICIANDO RONDA: 1 | Moderador: llama3.3:70b
2026-04-07 08:40:32,203 [INFO] 📁 Procesando archivo: a-compact-low-noise-frontend-for-interleaved-rx-tx-arrays-at-k-ka-band_salida.txt
2026-04-07 08:40:32,219 [INFO] 📁 Procesando archivo: a-compact-lowpass-filter-for-satellite-communication-systems-based-on-transfer-function-analysis_salida.txt
2026-04-07 08:40:32,219 [INFO] 📁 Procesando archivo: a-framework-to-classify-heterogeneous-internet-traffic-with-machine-learning-and-deep-learning-techniques-for-satellite-communications_salida.txt
2026-04-07 08:40:32,235 [INFO] 📁 Procesando archivo: a-ka-band-satcom-transceiver-in-65-nm-cmos-with-high-linearity-tx-and-dual-channel-wide-dynamic-range-rx-for-terrestrial-terminal_salida.txt
2026-04-07 08:40:32,235 [INFO] 📁 Procesando archivo: a-lagrangian-heuristic-for-satellite-range-scheduling-with-resource-constraints_salida.txt
2026-04-07 08:40:32,250 [INFO] 📁 Procesando archivo: a-novel-dual-polarized-continuous-transverse-stub-antenna-based-on-corrugated-waveguides-part-ii-experimental-demonstration_salida.txt
2026-04-07 08:40:32,250 [INFO] 📁 Procesando archivo: a-reflector-antenna-concept-robust-against-feed-failures-for-satellite-communications_salida.txt
2026-04-07 08:40:32,266 [INFO] 📁 Procesando archivo: a-survey-on-communication-networks-for-electric-system-automation_salida.txt
2026-04-07 08:40:32,266 [INFO] 👉 [38] Iniciando debate...
2026-04-07 08:40:32,297 [INFO] 🔄 INICIANDO RONDA: 0 | Moderador: llama3.3:70b
2026-04-07 08:41:29,394 [INFO] 📊 [DLB] Generando análisis técnico con deepseek-r1:70b...
2026-04-07 08:41:29,396 [INFO] 📡 [PNM] Calculando recursos de red con qwen2.5:72b...
2026-04-07 08:44:29,464 [INFO] 🔄 INICIANDO RONDA: 1 | Moderador: llama3.3:70b
2026-04-07 08:45:34,118 [INFO] 📊 [DLB] Generando análisis técnico con deepseek-r1:70b...
2026-04-07 08:45:34,119 [INFO] 📡 [PNM] Calculando recursos de red con qwen2.5:72b...
2026-04-07 08:51:16,584 [INFO] 🔄 INICIANDO RONDA: 2 | Moderador: llama3.3:70b
2026-04-07 08:52:56,177 [INFO] 📊 [DLB] Generando análisis técnico con deepseek-r1:70b...
2026-04-07 08:52:56,177 [INFO] 📡 [PNM] Calculando recursos de red con qwen2.5:72b...
2026-04-07 08:59:11,445 [INFO] 🔄 INICIANDO RONDA: 3 | Moderador: llama3.3:70b
2026-04-07 09:00:49,237 [INFO] 📊 [DLB] Generando análisis técnico con deepseek-r1:70b...
2026-04-07 09:00:49,237 [INFO] 📡 [PNM] Calculando recursos de red con qwen2.5:72b...
2026-04-07 09:06:02,890 [INFO] 🔄 INICIANDO RONDA: 4 | Moderador: llama3.3:70b
2026-04-07 09:07:40,433 [INFO] ⚖️ [JUEZ] Generando respuesta consenso con llama3.3:70b...
2026-04-07 09:08:52,456 [INFO]    ✅ Finalizado.
2026-04-07 09:08:53,456 [INFO] 👉 [39] Iniciando debate...
2026-04-07 09:08:53,458 [INFO] 🔄 INICIANDO RONDA: 0 | Moderador: llama3.3:70b
2026-04-07 09:09:53,197 [INFO] 📊 [DLB] Generando análisis técnico con deepseek-r1:70b...
2026-04-07 09:09:53,199 [INFO] 📡 [PNM] Calculando recursos de red con qwen2.5:72b...
2026-04-07 09:13:18,273 [INFO] 🔄 INICIANDO RONDA: 1 | Moderador: llama3.3:70b
2026-04-07 09:14:33,837 [INFO] 📊 [DLB] Generando análisis técnico con deepseek-r1:70b...
2026-04-07 09:14:33,838 [INFO] 📡 [PNM] Calculando recursos de red con qwen2.5:72b...
2026-04-07 09:18:10,080 [INFO] 🔄 INICIANDO RONDA: 2 | Moderador: llama3.3:70b
2026-04-07 09:19:33,315 [INFO] 📊 [DLB] Generando análisis técnico con deepseek-r1:70b...
2026-04-07 09:19:33,315 [INFO] 📡 [PNM] Calculando recursos de red con qwen2.5:72b...
2026-04-07 09:23:37,601 [INFO] 🔄 INICIANDO RONDA: 3 | Moderador: llama3.3:70b
2026-04-07 09:25:19,405 [INFO] 📊 [DLB] Generando análisis técnico con deepseek-r1:70b...
2026-04-07 09:25:19,405 [INFO] 📡 [PNM] Calculando recursos de red con qwen2.5:72b...
2026-04-07 09:31:37,702 [INFO] 🔄 INICIANDO RONDA: 4 | Moderador: llama3.3:70b
2026-04-07 09:33:40,780 [INFO] ⚖️ [JUEZ] Generando respuesta consenso con llama3.3:70b...
2026-04-07 09:34:58,839 [INFO]    ✅ Finalizado.
2026-04-07 09:34:59,844 [INFO] 📁 Procesando archivo: a-wideband-high-gain-high-efficiency-hybrid-integrated-plate-array-antenna-for-v-band-inter-satellite-links_salida.txt
2026-04-07 09:34:59,844 [INFO] 👉 [40] Iniciando debate...
2026-04-07 09:34:59,844 [INFO] 🔄 INICIANDO RONDA: 0 | Moderador: llama3.3:70b
2026-04-07 09:36:14,608 [INFO] 📊 [DLB] Generando análisis técnico con deepseek-r1:70b...
2026-04-07 09:36:14,609 [INFO] 📡 [PNM] Calculando recursos de red con qwen2.5:72b...
2026-04-07 09:42:22,874 [INFO] 🔄 INICIANDO RONDA: 1 | Moderador: llama3.3:70b
2026-04-07 09:43:32,224 [INFO] 📊 [DLB] Generando análisis técnico con deepseek-r1:70b...
2026-04-07 09:43:32,224 [INFO] 📡 [PNM] Calculando recursos de red con qwen2.5:72b...
2026-04-07 09:47:55,881 [INFO] 🔄 INICIANDO RONDA: 2 | Moderador: llama3.3:70b
2026-04-07 09:49:19,464 [INFO] 📊 [DLB] Generando análisis técnico con deepseek-r1:70b...
2026-04-07 09:49:19,464 [INFO] 📡 [PNM] Calculando recursos de red con qwen2.5:72b...
2026-04-07 09:55:46,127 [INFO] 🔄 INICIANDO RONDA: 3 | Moderador: llama3.3:70b
2026-04-07 09:57:07,903 [INFO] 📊 [DLB] Generando análisis técnico con deepseek-r1:70b...
2026-04-07 09:57:07,903 [INFO] 📡 [PNM] Calculando recursos de red con qwen2.5:72b...
2026-04-07 10:02:51,097 [INFO] 🔄 INICIANDO RONDA: 4 | Moderador: llama3.3:70b
2026-04-07 10:04:17,367 [INFO] ⚖️ [JUEZ] Generando respuesta consenso con llama3.3:70b...
2026-04-07 10:05:33,140 [INFO]    ✅ Finalizado.
2026-04-07 10:05:34,150 [INFO] 👉 [41] Iniciando debate...
2026-04-07 10:05:34,150 [INFO] 🔄 INICIANDO RONDA: 0 | Moderador: llama3.3:70b
2026-04-07 10:06:34,281 [INFO] 📊 [DLB] Generando análisis técnico con deepseek-r1:70b...
2026-04-07 10:06:34,283 [INFO] 📡 [PNM] Calculando recursos de red con qwen2.5:72b...
2026-04-07 10:12:45,695 [INFO] 🔄 INICIANDO RONDA: 1 | Moderador: llama3.3:70b
2026-04-07 10:13:50,678 [INFO] 📊 [DLB] Generando análisis técnico con deepseek-r1:70b...
2026-04-07 10:13:50,678 [INFO] 📡 [PNM] Calculando recursos de red con qwen2.5:72b...
2026-04-07 10:19:54,889 [INFO] 🔄 INICIANDO RONDA: 2 | Moderador: llama3.3:70b
2026-04-07 10:21:16,059 [INFO] 📊 [DLB] Generando análisis técnico con deepseek-r1:70b...
2026-04-07 10:21:16,060 [INFO] 📡 [PNM] Calculando recursos de red con qwen2.5:72b...
2026-04-07 10:25:23,635 [INFO] 🔄 INICIANDO RONDA: 3 | Moderador: llama3.3:70b
2026-04-07 10:26:40,241 [INFO] 📊 [DLB] Generando análisis técnico con deepseek-r1:70b...
2026-04-07 10:26:40,242 [INFO] 📡 [PNM] Calculando recursos de red con qwen2.5:72b...
2026-04-07 10:32:58,938 [INFO] 🔄 INICIANDO RONDA: 4 | Moderador: llama3.3:70b
2026-04-07 10:34:19,296 [INFO] ⚖️ [JUEZ] Generando respuesta consenso con llama3.3:70b...
2026-04-07 10:35:35,665 [INFO]    ✅ Finalizado.
2026-04-07 10:35:36,678 [INFO] 👉 [42] Iniciando debate...
2026-04-07 10:35:36,680 [INFO] 🔄 INICIANDO RONDA: 0 | Moderador: llama3.3:70b
2026-04-07 10:36:37,289 [INFO] 📊 [DLB] Generando análisis técnico con deepseek-r1:70b...
2026-04-07 10:36:37,291 [INFO] 📡 [PNM] Calculando recursos de red con qwen2.5:72b...
2026-04-07 10:42:19,359 [INFO] 🔄 INICIANDO RONDA: 1 | Moderador: llama3.3:70b
2026-04-07 10:43:35,361 [INFO] 📊 [DLB] Generando análisis técnico con deepseek-r1:70b...
2026-04-07 10:43:35,362 [INFO] 📡 [PNM] Calculando recursos de red con qwen2.5:72b...
2026-04-07 10:49:46,801 [INFO] 🔄 INICIANDO RONDA: 2 | Moderador: llama3.3:70b
2026-04-07 10:51:21,723 [INFO] 📊 [DLB] Generando análisis técnico con deepseek-r1:70b...
2026-04-07 10:51:21,723 [INFO] 📡 [PNM] Calculando recursos de red con qwen2.5:72b...
2026-04-07 10:56:45,642 [INFO] 🔄 INICIANDO RONDA: 3 | Moderador: llama3.3:70b
2026-04-07 10:58:32,976 [INFO] 📊 [DLB] Generando análisis técnico con deepseek-r1:70b...
2026-04-07 10:58:32,976 [INFO] 📡 [PNM] Calculando recursos de red con qwen2.5:72b...
2026-04-07 11:04:21,047 [INFO] 🔄 INICIANDO RONDA: 4 | Moderador: llama3.3:70b
2026-04-07 11:06:20,644 [INFO] ⚖️ [JUEZ] Generando respuesta consenso con llama3.3:70b...
2026-04-07 11:07:44,636 [INFO]    ✅ Finalizado.
2026-04-07 11:07:45,647 [INFO] 👉 [43] Iniciando debate...
2026-04-07 11:07:45,649 [INFO] 🔄 INICIANDO RONDA: 0 | Moderador: llama3.3:70b
2026-04-07 11:08:45,575 [INFO] 📊 [DLB] Generando análisis técnico con deepseek-r1:70b...
2026-04-07 11:08:45,577 [INFO] 📡 [PNM] Calculando recursos de red con qwen2.5:72b...
2026-04-07 11:12:15,115 [INFO] 🔄 INICIANDO RONDA: 1 | Moderador: llama3.3:70b
2026-04-07 11:13:25,159 [INFO] 📊 [DLB] Generando análisis técnico con deepseek-r1:70b...
2026-04-07 11:13:25,159 [INFO] 📡 [PNM] Calculando recursos de red con qwen2.5:72b...
2026-04-07 11:18:43,121 [INFO] 🔄 INICIANDO RONDA: 2 | Moderador: llama3.3:70b
2026-04-07 11:20:17,858 [INFO] 📊 [DLB] Generando análisis técnico con deepseek-r1:70b...
2026-04-07 11:20:17,859 [INFO] 📡 [PNM] Calculando recursos de red con qwen2.5:72b...
2026-04-07 11:23:13,606 [INFO] 🔄 INICIANDO RONDA: 3 | Moderador: llama3.3:70b
2026-04-07 11:24:33,339 [INFO] 📊 [DLB] Generando análisis técnico con deepseek-r1:70b...
2026-04-07 11:24:33,339 [INFO] 📡 [PNM] Calculando recursos de red con qwen2.5:72b...
2026-04-07 11:30:48,024 [INFO] 🔄 INICIANDO RONDA: 4 | Moderador: llama3.3:70b
2026-04-07 11:32:26,862 [INFO] ⚖️ [JUEZ] Generando respuesta consenso con llama3.3:70b...
2026-04-07 11:33:42,885 [INFO]    ✅ Finalizado.
2026-04-07 11:33:43,895 [INFO] 👉 [44] Iniciando debate...
2026-04-07 11:33:43,897 [INFO] 🔄 INICIANDO RONDA: 0 | Moderador: llama3.3:70b
2026-04-07 11:34:44,523 [INFO] 📊 [DLB] Generando análisis técnico con deepseek-r1:70b...
2026-04-07 11:34:44,524 [INFO] 📡 [PNM] Calculando recursos de red con qwen2.5:72b...
2026-04-07 11:39:14,621 [INFO] 🔄 INICIANDO RONDA: 1 | Moderador: llama3.3:70b
2026-04-07 11:40:19,945 [INFO] 📊 [DLB] Generando análisis técnico con deepseek-r1:70b...
2026-04-07 11:40:19,946 [INFO] 📡 [PNM] Calculando recursos de red con qwen2.5:72b...
2026-04-07 11:45:44,075 [INFO] 🔄 INICIANDO RONDA: 2 | Moderador: llama3.3:70b
2026-04-07 11:47:03,469 [INFO] 📊 [DLB] Generando análisis técnico con deepseek-r1:70b...
2026-04-07 11:47:03,469 [INFO] 📡 [PNM] Calculando recursos de red con qwen2.5:72b...
2026-04-07 11:51:06,714 [INFO] 🔄 INICIANDO RONDA: 3 | Moderador: llama3.3:70b
2026-04-07 11:52:24,427 [INFO] 📊 [DLB] Generando análisis técnico con deepseek-r1:70b...
2026-04-07 11:52:24,427 [INFO] 📡 [PNM] Calculando recursos de red con qwen2.5:72b...
2026-04-07 11:58:47,712 [INFO] 🔄 INICIANDO RONDA: 4 | Moderador: llama3.3:70b
2026-04-07 12:00:00,430 [INFO] ⚖️ [JUEZ] Generando respuesta consenso con llama3.3:70b...
2026-04-07 12:01:14,582 [INFO]    ✅ Finalizado.
2026-04-07 12:01:15,590 [INFO] 👉 [45] Iniciando debate...
2026-04-07 12:01:15,590 [INFO] 🔄 INICIANDO RONDA: 0 | Moderador: llama3.3:70b
2026-04-07 12:02:12,716 [INFO] 📊 [DLB] Generando análisis técnico con deepseek-r1:70b...
2026-04-07 12:02:12,718 [INFO] 📡 [PNM] Calculando recursos de red con qwen2.5:72b...
2026-04-07 12:08:12,221 [INFO] 🔄 INICIANDO RONDA: 1 | Moderador: llama3.3:70b
2026-04-07 12:09:24,408 [INFO] 📊 [DLB] Generando análisis técnico con deepseek-r1:70b...
2026-04-07 12:09:24,409 [INFO] 📡 [PNM] Calculando recursos de red con qwen2.5:72b...
2026-04-07 12:14:07,806 [INFO] 🔄 INICIANDO RONDA: 2 | Moderador: llama3.3:70b
2026-04-07 12:15:31,512 [INFO] 📊 [DLB] Generando análisis técnico con deepseek-r1:70b...
2026-04-07 12:15:31,513 [INFO] 📡 [PNM] Calculando recursos de red con qwen2.5:72b...
2026-04-07 12:20:35,415 [INFO] 🔄 INICIANDO RONDA: 3 | Moderador: llama3.3:70b
2026-04-07 12:21:59,576 [INFO] 📊 [DLB] Generando análisis técnico con deepseek-r1:70b...
2026-04-07 12:21:59,576 [INFO] 📡 [PNM] Calculando recursos de red con qwen2.5:72b...
2026-04-07 12:26:15,026 [INFO] 🔄 INICIANDO RONDA: 4 | Moderador: llama3.3:70b
2026-04-07 12:27:38,320 [INFO] ⚖️ [JUEZ] Generando respuesta consenso con llama3.3:70b...
2026-04-07 12:28:54,305 [INFO]    ✅ Finalizado.
2026-04-07 12:28:55,315 [INFO] 👉 [46] Iniciando debate...
2026-04-07 12:28:55,316 [INFO] 🔄 INICIANDO RONDA: 0 | Moderador: llama3.3:70b
2026-04-07 12:29:55,950 [INFO] 📊 [DLB] Generando análisis técnico con deepseek-r1:70b...
2026-04-07 12:29:55,952 [INFO] 📡 [PNM] Calculando recursos de red con qwen2.5:72b...
2026-04-07 12:33:10,633 [INFO] 🔄 INICIANDO RONDA: 1 | Moderador: llama3.3:70b
2026-04-07 12:34:23,718 [INFO] 📊 [DLB] Generando análisis técnico con deepseek-r1:70b...
2026-04-07 12:34:23,719 [INFO] 📡 [PNM] Calculando recursos de red con qwen2.5:72b...
2026-04-08 08:05:03,427 [INFO] 📁 Procesando archivo: a-compact-low-noise-frontend-for-interleaved-rx-tx-arrays-at-k-ka-band_salida.txt
2026-04-08 08:05:03,427 [INFO] 📁 Procesando archivo: a-compact-lowpass-filter-for-satellite-communication-systems-based-on-transfer-function-analysis_salida.txt
2026-04-08 08:05:03,442 [INFO] 📁 Procesando archivo: a-framework-to-classify-heterogeneous-internet-traffic-with-machine-learning-and-deep-learning-techniques-for-satellite-communications_salida.txt
2026-04-08 08:05:03,442 [INFO] 📁 Procesando archivo: a-ka-band-satcom-transceiver-in-65-nm-cmos-with-high-linearity-tx-and-dual-channel-wide-dynamic-range-rx-for-terrestrial-terminal_salida.txt
2026-04-08 08:05:03,458 [INFO] 📁 Procesando archivo: a-lagrangian-heuristic-for-satellite-range-scheduling-with-resource-constraints_salida.txt
2026-04-08 08:05:03,458 [INFO] 📁 Procesando archivo: a-novel-dual-polarized-continuous-transverse-stub-antenna-based-on-corrugated-waveguides-part-ii-experimental-demonstration_salida.txt
2026-04-08 08:05:03,474 [INFO] 📁 Procesando archivo: a-reflector-antenna-concept-robust-against-feed-failures-for-satellite-communications_salida.txt
2026-04-08 08:05:03,474 [INFO] 📁 Procesando archivo: a-survey-on-communication-networks-for-electric-system-automation_salida.txt
2026-04-08 08:05:03,489 [INFO] 📁 Procesando archivo: a-wideband-high-gain-high-efficiency-hybrid-integrated-plate-array-antenna-for-v-band-inter-satellite-links_salida.txt
2026-04-08 08:05:03,489 [INFO] 👉 [46] Iniciando debate...
2026-04-08 08:05:03,536 [INFO] 🔄 INICIANDO RONDA: 0 | Moderador: llama3.3:70b
2026-04-08 08:05:58,672 [INFO] 📊 [DLB] Generando análisis técnico con deepseek-r1:70b...
2026-04-08 08:05:58,674 [INFO] 📡 [PNM] Calculando recursos de red con qwen2.5:72b...
2026-04-08 08:10:28,623 [INFO] 🔄 INICIANDO RONDA: 1 | Moderador: llama3.3:70b
2026-04-08 08:11:37,296 [INFO] 📊 [DLB] Generando análisis técnico con deepseek-r1:70b...
2026-04-08 08:11:37,297 [INFO] 📡 [PNM] Calculando recursos de red con qwen2.5:72b...
2026-04-08 08:14:53,875 [INFO] 🔄 INICIANDO RONDA: 2 | Moderador: llama3.3:70b
2026-04-08 08:16:18,110 [INFO] 📊 [DLB] Generando análisis técnico con deepseek-r1:70b...
2026-04-08 08:16:18,111 [INFO] 📡 [PNM] Calculando recursos de red con qwen2.5:72b...
2026-04-08 08:22:23,336 [INFO] 🔄 INICIANDO RONDA: 3 | Moderador: llama3.3:70b
2026-04-08 08:24:06,204 [INFO] 📊 [DLB] Generando análisis técnico con deepseek-r1:70b...
2026-04-08 08:24:06,204 [INFO] 📡 [PNM] Calculando recursos de red con qwen2.5:72b...
2026-04-08 08:30:15,799 [INFO] 🔄 INICIANDO RONDA: 4 | Moderador: llama3.3:70b
2026-04-08 08:31:46,861 [INFO] ⚖️ [JUEZ] Generando respuesta consenso con llama3.3:70b...
2026-04-08 08:33:16,038 [INFO]    ✅ Finalizado.
2026-04-08 08:33:17,051 [INFO] 📁 Procesando archivo: aeronautical-ad-hoc-networking-for-the-internet-above-the-clouds_salida.txt
2026-04-08 08:33:17,051 [INFO] 👉 [47] Iniciando debate...
2026-04-08 08:33:17,051 [INFO] 🔄 INICIANDO RONDA: 0 | Moderador: llama3.3:70b
2026-04-08 08:34:11,303 [INFO] 📊 [DLB] Generando análisis técnico con deepseek-r1:70b...
2026-04-08 08:34:11,305 [INFO] 📡 [PNM] Calculando recursos de red con qwen2.5:72b...
2026-04-08 08:37:39,733 [INFO] 🔄 INICIANDO RONDA: 1 | Moderador: llama3.3:70b
2026-04-08 08:38:43,199 [INFO] 📊 [DLB] Generando análisis técnico con deepseek-r1:70b...
2026-04-08 08:38:43,200 [INFO] 📡 [PNM] Calculando recursos de red con qwen2.5:72b...
2026-04-08 08:44:39,828 [INFO] 🔄 INICIANDO RONDA: 2 | Moderador: llama3.3:70b
2026-04-08 08:45:49,250 [INFO] 📊 [DLB] Generando análisis técnico con deepseek-r1:70b...
2026-04-08 08:45:49,250 [INFO] 📡 [PNM] Calculando recursos de red con qwen2.5:72b...
2026-04-08 08:51:07,211 [INFO] 🔄 INICIANDO RONDA: 3 | Moderador: llama3.3:70b
2026-04-08 08:52:33,751 [INFO] 📊 [DLB] Generando análisis técnico con deepseek-r1:70b...
2026-04-08 08:52:33,751 [INFO] 📡 [PNM] Calculando recursos de red con qwen2.5:72b...
2026-04-08 08:57:46,799 [INFO] 🔄 INICIANDO RONDA: 4 | Moderador: llama3.3:70b
2026-04-08 08:59:23,552 [INFO] ⚖️ [JUEZ] Generando respuesta consenso con llama3.3:70b...
2026-04-08 09:00:46,758 [INFO]    ✅ Finalizado.
2026-04-08 09:00:47,772 [INFO] 👉 [48] Iniciando debate...
2026-04-08 09:00:47,772 [INFO] 🔄 INICIANDO RONDA: 0 | Moderador: llama3.3:70b
2026-04-08 09:01:48,464 [INFO] 📊 [DLB] Generando análisis técnico con deepseek-r1:70b...
2026-04-08 09:01:48,465 [INFO] 📡 [PNM] Calculando recursos de red con qwen2.5:72b...
2026-04-08 09:06:11,224 [INFO] 🔄 INICIANDO RONDA: 1 | Moderador: llama3.3:70b
2026-04-08 09:07:15,214 [INFO] 📊 [DLB] Generando análisis técnico con deepseek-r1:70b...
2026-04-08 09:07:15,214 [INFO] 📡 [PNM] Calculando recursos de red con qwen2.5:72b...
2026-04-08 09:12:12,156 [INFO] 🔄 INICIANDO RONDA: 2 | Moderador: llama3.3:70b
2026-04-08 09:13:26,504 [INFO] 📊 [DLB] Generando análisis técnico con deepseek-r1:70b...
2026-04-08 09:13:26,505 [INFO] 📡 [PNM] Calculando recursos de red con qwen2.5:72b...
2026-04-08 09:17:11,875 [INFO] 🔄 INICIANDO RONDA: 3 | Moderador: llama3.3:70b
2026-04-08 09:18:25,729 [INFO] 📊 [DLB] Generando análisis técnico con deepseek-r1:70b...
2026-04-08 09:18:25,729 [INFO] 📡 [PNM] Calculando recursos de red con qwen2.5:72b...
2026-04-08 09:21:39,622 [INFO] 🔄 INICIANDO RONDA: 4 | Moderador: llama3.3:70b
2026-04-08 09:23:01,502 [INFO] ⚖️ [JUEZ] Generando respuesta consenso con llama3.3:70b...
2026-04-08 09:24:18,153 [INFO]    ✅ Finalizado.
2026-04-08 09:24:19,161 [INFO] 👉 [49] Iniciando debate...
2026-04-08 09:24:19,163 [INFO] 🔄 INICIANDO RONDA: 0 | Moderador: llama3.3:70b
2026-04-08 09:25:19,562 [INFO] 📊 [DLB] Generando análisis técnico con deepseek-r1:70b...
2026-04-08 09:25:19,564 [INFO] 📡 [PNM] Calculando recursos de red con qwen2.5:72b...
2026-04-08 09:29:06,496 [INFO] 🔄 INICIANDO RONDA: 1 | Moderador: llama3.3:70b
2026-04-08 09:30:12,895 [INFO] 📊 [DLB] Generando análisis técnico con deepseek-r1:70b...
2026-04-08 09:30:12,896 [INFO] 📡 [PNM] Calculando recursos de red con qwen2.5:72b...
2026-04-08 09:36:09,001 [INFO] 🔄 INICIANDO RONDA: 2 | Moderador: llama3.3:70b
2026-04-08 09:37:23,688 [INFO] 📊 [DLB] Generando análisis técnico con deepseek-r1:70b...
2026-04-08 09:37:23,689 [INFO] 📡 [PNM] Calculando recursos de red con qwen2.5:72b...
2026-04-08 09:43:45,461 [INFO] 🔄 INICIANDO RONDA: 3 | Moderador: llama3.3:70b
2026-04-08 09:45:00,534 [INFO] 📊 [DLB] Generando análisis técnico con deepseek-r1:70b...
2026-04-08 09:45:00,534 [INFO] 📡 [PNM] Calculando recursos de red con qwen2.5:72b...
2026-04-08 09:50:11,191 [INFO] 🔄 INICIANDO RONDA: 4 | Moderador: llama3.3:70b
2026-04-08 09:51:29,685 [INFO] ⚖️ [JUEZ] Generando respuesta consenso con llama3.3:70b...
2026-04-08 09:52:54,579 [INFO]    ✅ Finalizado.
2026-04-08 09:52:55,584 [INFO] 👉 [50] Iniciando debate...
2026-04-08 09:52:55,584 [INFO] 🔄 INICIANDO RONDA: 0 | Moderador: llama3.3:70b
2026-04-08 09:54:01,997 [INFO] 📊 [DLB] Generando análisis técnico con deepseek-r1:70b...
2026-04-08 09:54:01,999 [INFO] 📡 [PNM] Calculando recursos de red con qwen2.5:72b...
2026-04-08 09:58:00,737 [INFO] 🔄 INICIANDO RONDA: 1 | Moderador: llama3.3:70b
2026-04-08 09:59:08,607 [INFO] 📊 [DLB] Generando análisis técnico con deepseek-r1:70b...
2026-04-08 09:59:08,607 [INFO] 📡 [PNM] Calculando recursos de red con qwen2.5:72b...
2026-04-08 10:03:53,806 [INFO] 🔄 INICIANDO RONDA: 2 | Moderador: llama3.3:70b
2026-04-08 10:05:13,801 [INFO] 📊 [DLB] Generando análisis técnico con deepseek-r1:70b...
2026-04-08 10:05:13,802 [INFO] 📡 [PNM] Calculando recursos de red con qwen2.5:72b...
2026-04-08 10:11:27,041 [INFO] 🔄 INICIANDO RONDA: 3 | Moderador: llama3.3:70b
2026-04-08 10:12:45,135 [INFO] 📊 [DLB] Generando análisis técnico con deepseek-r1:70b...
2026-04-08 10:12:45,135 [INFO] 📡 [PNM] Calculando recursos de red con qwen2.5:72b...
2026-04-08 10:16:46,361 [INFO] 🔄 INICIANDO RONDA: 4 | Moderador: llama3.3:70b
2026-04-08 10:18:05,350 [INFO] ⚖️ [JUEZ] Generando respuesta consenso con llama3.3:70b...
2026-04-08 10:19:27,355 [INFO]    ✅ Finalizado.
2026-04-08 10:19:28,370 [INFO] 👉 [51] Iniciando debate...
2026-04-08 10:19:28,370 [INFO] 🔄 INICIANDO RONDA: 0 | Moderador: llama3.3:70b
2026-04-08 10:44:10,896 [INFO] 📁 Procesando archivo: a-compact-low-noise-frontend-for-interleaved-rx-tx-arrays-at-k-ka-band_salida.txt
2026-04-08 10:44:10,912 [INFO] 👉 [1] Iniciando debate...
2026-04-08 10:44:10,943 [INFO] 🔄 INICIANDO RONDA: 0 | Moderador: llama3.1:8b
2026-04-08 10:44:23,249 [INFO] 📊 [DLB] Generando análisis técnico con llama3.1:8b...
2026-04-08 10:44:23,249 [INFO] 📡 [PNM] Calculando recursos de red con llama3.1:8b...
2026-04-08 10:44:33,830 [INFO] 🔄 INICIANDO RONDA: 1 | Moderador: llama3.1:8b
2026-04-08 10:44:39,911 [INFO] 📊 [DLB] Generando análisis técnico con llama3.1:8b...
2026-04-08 10:44:39,911 [INFO] 📡 [PNM] Calculando recursos de red con llama3.1:8b...
2026-04-08 10:44:51,285 [INFO] 🔄 INICIANDO RONDA: 2 | Moderador: llama3.1:8b
2026-04-08 10:45:01,552 [INFO] 📊 [DLB] Generando análisis técnico con llama3.1:8b...
2026-04-08 10:45:01,552 [INFO] 📡 [PNM] Calculando recursos de red con llama3.1:8b...
2026-04-08 10:45:13,918 [INFO] 🔄 INICIANDO RONDA: 3 | Moderador: llama3.1:8b
2026-04-08 10:45:25,976 [INFO] 📊 [DLB] Generando análisis técnico con llama3.1:8b...
2026-04-08 10:45:25,976 [INFO] 📡 [PNM] Calculando recursos de red con llama3.1:8b...
2026-04-08 10:45:40,699 [INFO] 🔄 INICIANDO RONDA: 4 | Moderador: llama3.1:8b
2026-04-08 10:45:54,389 [INFO] ⚖️ [JUEZ] Generando respuesta consenso con llama3.1:8b...
2026-04-08 10:46:03,383 [INFO]    ✅ Finalizado.
2026-04-08 10:46:04,383 [INFO] 📁 Procesando archivo: a-compact-lowpass-filter-for-satellite-communication-systems-based-on-transfer-function-analysis_salida.txt
2026-04-08 10:46:04,383 [INFO] 👉 [2] Iniciando debate...
2026-04-08 10:46:04,383 [INFO] 🔄 INICIANDO RONDA: 0 | Moderador: llama3.1:8b
2026-04-08 10:46:12,360 [INFO] 📊 [DLB] Generando análisis técnico con llama3.1:8b...
2026-04-08 10:46:12,360 [INFO] 📡 [PNM] Calculando recursos de red con llama3.1:8b...
2026-04-08 10:46:22,561 [INFO] 🔄 INICIANDO RONDA: 1 | Moderador: llama3.1:8b
2026-04-08 10:46:27,721 [INFO] 📊 [DLB] Generando análisis técnico con llama3.1:8b...
2026-04-08 10:46:27,721 [INFO] 📡 [PNM] Calculando recursos de red con llama3.1:8b...
2026-04-08 10:46:38,820 [INFO] 🔄 INICIANDO RONDA: 2 | Moderador: llama3.1:8b
2026-04-08 10:46:47,406 [INFO] 📊 [DLB] Generando análisis técnico con llama3.1:8b...
2026-04-08 10:46:47,406 [INFO] 📡 [PNM] Calculando recursos de red con llama3.1:8b...
2026-04-08 10:47:00,924 [INFO] 🔄 INICIANDO RONDA: 3 | Moderador: llama3.1:8b
2026-04-08 10:47:12,059 [INFO] 📊 [DLB] Generando análisis técnico con llama3.1:8b...
2026-04-08 10:47:12,059 [INFO] 📡 [PNM] Calculando recursos de red con llama3.1:8b...
2026-04-08 10:47:28,100 [INFO] 🔄 INICIANDO RONDA: 4 | Moderador: llama3.1:8b
2026-04-08 10:47:42,204 [INFO] ⚖️ [JUEZ] Generando respuesta consenso con llama3.1:8b...
2026-04-08 10:47:51,853 [INFO]    ✅ Finalizado.
2026-04-08 10:47:52,858 [INFO] 👉 [3] Iniciando debate...
2026-04-08 10:47:52,858 [INFO] 🔄 INICIANDO RONDA: 0 | Moderador: llama3.1:8b
2026-04-08 10:48:00,952 [INFO] 📊 [DLB] Generando análisis técnico con llama3.1:8b...
2026-04-08 10:48:00,952 [INFO] 📡 [PNM] Calculando recursos de red con llama3.1:8b...
2026-04-08 10:48:13,458 [INFO] 🔄 INICIANDO RONDA: 1 | Moderador: llama3.1:8b
2026-04-08 10:48:22,192 [INFO] 📊 [DLB] Generando análisis técnico con llama3.1:8b...
2026-04-08 10:48:22,192 [INFO] 📡 [PNM] Calculando recursos de red con llama3.1:8b...
2026-04-08 10:48:37,066 [INFO] 🔄 INICIANDO RONDA: 2 | Moderador: llama3.1:8b
2026-04-08 10:48:47,825 [INFO] 📊 [DLB] Generando análisis técnico con llama3.1:8b...
2026-04-08 10:48:47,825 [INFO] 📡 [PNM] Calculando recursos de red con llama3.1:8b...
2026-04-08 10:49:01,411 [INFO] 🔄 INICIANDO RONDA: 3 | Moderador: llama3.1:8b
2026-04-08 10:49:12,420 [INFO] 📊 [DLB] Generando análisis técnico con llama3.1:8b...
2026-04-08 10:49:12,420 [INFO] 📡 [PNM] Calculando recursos de red con llama3.1:8b...
2026-04-08 10:49:25,401 [INFO] 🔄 INICIANDO RONDA: 4 | Moderador: llama3.1:8b
2026-04-08 10:49:36,968 [INFO] ⚖️ [JUEZ] Generando respuesta consenso con llama3.1:8b...
2026-04-08 10:49:46,390 [INFO]    ✅ Finalizado.
2026-04-08 10:49:47,404 [INFO] 👉 [4] Iniciando debate...
2026-04-08 10:49:47,404 [INFO] 🔄 INICIANDO RONDA: 0 | Moderador: llama3.1:8b
2026-04-08 10:49:53,773 [INFO] 📊 [DLB] Generando análisis técnico con llama3.1:8b...
2026-04-08 10:49:53,773 [INFO] 📡 [PNM] Calculando recursos de red con llama3.1:8b...
2026-04-08 10:50:06,812 [INFO] 🔄 INICIANDO RONDA: 1 | Moderador: llama3.1:8b
2026-04-08 10:50:14,284 [INFO] 📊 [DLB] Generando análisis técnico con llama3.1:8b...
2026-04-08 10:50:14,284 [INFO] 📡 [PNM] Calculando recursos de red con llama3.1:8b...
2026-04-08 10:50:26,727 [INFO] 🔄 INICIANDO RONDA: 2 | Moderador: llama3.1:8b
2026-04-08 10:50:36,434 [INFO] 📊 [DLB] Generando análisis técnico con llama3.1:8b...
2026-04-08 10:50:36,434 [INFO] 📡 [PNM] Calculando recursos de red con llama3.1:8b...
2026-04-08 10:50:49,121 [INFO] 🔄 INICIANDO RONDA: 3 | Moderador: llama3.1:8b
2026-04-08 10:50:57,899 [INFO] 📊 [DLB] Generando análisis técnico con llama3.1:8b...
2026-04-08 10:50:57,899 [INFO] 📡 [PNM] Calculando recursos de red con llama3.1:8b...
2026-04-08 10:51:16,717 [INFO] 🔄 INICIANDO RONDA: 4 | Moderador: llama3.1:8b
2026-04-08 10:51:27,808 [INFO] ⚖️ [JUEZ] Generando respuesta consenso con llama3.1:8b...
2026-04-08 10:51:37,761 [INFO]    ✅ Finalizado.
2026-04-08 10:51:38,761 [INFO] 👉 [5] Iniciando debate...
2026-04-08 10:51:38,761 [INFO] 🔄 INICIANDO RONDA: 0 | Moderador: llama3.1:8b
2026-04-08 10:51:46,866 [INFO] 📊 [DLB] Generando análisis técnico con llama3.1:8b...
2026-04-08 10:51:46,866 [INFO] 📡 [PNM] Calculando recursos de red con llama3.1:8b...
2026-04-08 10:51:59,084 [INFO] 🔄 INICIANDO RONDA: 1 | Moderador: llama3.1:8b
2026-04-08 10:52:04,633 [INFO] 📊 [DLB] Generando análisis técnico con llama3.1:8b...
2026-04-08 10:52:04,633 [INFO] 📡 [PNM] Calculando recursos de red con llama3.1:8b...
2026-04-08 10:52:17,183 [INFO] 🔄 INICIANDO RONDA: 2 | Moderador: llama3.1:8b
2026-04-08 10:52:24,276 [INFO] 📊 [DLB] Generando análisis técnico con llama3.1:8b...
2026-04-08 10:52:24,276 [INFO] 📡 [PNM] Calculando recursos de red con llama3.1:8b...
2026-04-08 10:52:36,740 [INFO] 🔄 INICIANDO RONDA: 3 | Moderador: llama3.1:8b
2026-04-08 10:52:45,345 [INFO] 📊 [DLB] Generando análisis técnico con llama3.1:8b...
2026-04-08 10:52:45,345 [INFO] 📡 [PNM] Calculando recursos de red con llama3.1:8b...
2026-04-08 10:52:58,456 [INFO] 🔄 INICIANDO RONDA: 4 | Moderador: llama3.1:8b
2026-04-08 10:53:08,555 [INFO] ⚖️ [JUEZ] Generando respuesta consenso con llama3.1:8b...
2026-04-08 10:53:16,072 [INFO]    ✅ Finalizado.
2026-04-08 10:53:17,087 [INFO] 📁 Procesando archivo: a-framework-to-classify-heterogeneous-internet-traffic-with-machine-learning-and-deep-learning-techniques-for-satellite-communications_salida.txt
2026-04-08 10:53:17,087 [INFO] 👉 [6] Iniciando debate...
2026-04-08 10:53:17,087 [INFO] 🔄 INICIANDO RONDA: 0 | Moderador: llama3.1:8b
2026-04-08 10:53:24,080 [INFO] 📊 [DLB] Generando análisis técnico con llama3.1:8b...
2026-04-08 10:53:24,080 [INFO] 📡 [PNM] Calculando recursos de red con llama3.1:8b...
2026-04-08 10:53:37,408 [INFO] 🔄 INICIANDO RONDA: 1 | Moderador: llama3.1:8b
2026-04-08 10:53:45,556 [INFO] 📊 [DLB] Generando análisis técnico con llama3.1:8b...
2026-04-08 10:53:45,556 [INFO] 📡 [PNM] Calculando recursos de red con llama3.1:8b...
2026-04-08 10:53:59,932 [INFO] 🔄 INICIANDO RONDA: 2 | Moderador: llama3.1:8b
2026-04-08 10:54:09,212 [INFO] 📊 [DLB] Generando análisis técnico con llama3.1:8b...
2026-04-08 10:54:09,212 [INFO] 📡 [PNM] Calculando recursos de red con llama3.1:8b...
2026-04-08 10:54:22,408 [INFO] 🔄 INICIANDO RONDA: 3 | Moderador: llama3.1:8b
2026-04-08 10:54:31,644 [INFO] 📊 [DLB] Generando análisis técnico con llama3.1:8b...
2026-04-08 10:54:31,644 [INFO] 📡 [PNM] Calculando recursos de red con llama3.1:8b...
2026-04-08 10:54:45,514 [INFO] 🔄 INICIANDO RONDA: 4 | Moderador: llama3.1:8b
2026-04-08 10:54:55,631 [INFO] ⚖️ [JUEZ] Generando respuesta consenso con llama3.1:8b...
2026-04-08 10:55:04,556 [INFO]    ✅ Finalizado.
2026-04-08 10:55:05,556 [INFO] 👉 [7] Iniciando debate...
2026-04-08 10:55:05,556 [INFO] 🔄 INICIANDO RONDA: 0 | Moderador: llama3.1:8b
2026-04-08 10:55:12,392 [INFO] 📊 [DLB] Generando análisis técnico con llama3.1:8b...
2026-04-08 10:55:12,392 [INFO] 📡 [PNM] Calculando recursos de red con llama3.1:8b...
2026-04-08 10:55:23,770 [INFO] 🔄 INICIANDO RONDA: 1 | Moderador: llama3.1:8b
2026-04-08 10:55:31,456 [INFO] 📊 [DLB] Generando análisis técnico con llama3.1:8b...
2026-04-08 10:55:31,456 [INFO] 📡 [PNM] Calculando recursos de red con llama3.1:8b...
2026-04-08 10:55:43,657 [INFO] 🔄 INICIANDO RONDA: 2 | Moderador: llama3.1:8b
2026-04-08 10:55:54,377 [INFO] 📊 [DLB] Generando análisis técnico con llama3.1:8b...
2026-04-08 10:55:54,377 [INFO] 📡 [PNM] Calculando recursos de red con llama3.1:8b...
2026-04-08 10:56:09,330 [INFO] 🔄 INICIANDO RONDA: 3 | Moderador: llama3.1:8b
2026-04-08 10:56:21,110 [INFO] 📊 [DLB] Generando análisis técnico con llama3.1:8b...
2026-04-08 10:56:21,110 [INFO] 📡 [PNM] Calculando recursos de red con llama3.1:8b...
2026-04-08 10:56:37,666 [INFO] 🔄 INICIANDO RONDA: 4 | Moderador: llama3.1:8b
2026-04-08 10:56:48,573 [INFO] ⚖️ [JUEZ] Generando respuesta consenso con llama3.1:8b...
2026-04-08 10:56:57,660 [INFO]    ✅ Finalizado.
2026-04-08 10:56:58,660 [INFO] 👉 [8] Iniciando debate...
2026-04-08 10:56:58,660 [INFO] 🔄 INICIANDO RONDA: 0 | Moderador: llama3.1:8b
2026-04-08 10:57:07,030 [INFO] 📊 [DLB] Generando análisis técnico con llama3.1:8b...
2026-04-08 10:57:07,030 [INFO] 📡 [PNM] Calculando recursos de red con llama3.1:8b...
2026-04-08 10:57:17,499 [INFO] 🔄 INICIANDO RONDA: 1 | Moderador: llama3.1:8b
2026-04-08 10:57:24,019 [INFO] 📊 [DLB] Generando análisis técnico con llama3.1:8b...
2026-04-08 10:57:24,019 [INFO] 📡 [PNM] Calculando recursos de red con llama3.1:8b...
2026-04-08 10:57:33,967 [INFO] 🔄 INICIANDO RONDA: 2 | Moderador: llama3.1:8b
2026-04-08 10:57:42,713 [INFO] 📊 [DLB] Generando análisis técnico con llama3.1:8b...
2026-04-08 10:57:42,713 [INFO] 📡 [PNM] Calculando recursos de red con llama3.1:8b...
2026-04-08 10:57:55,293 [INFO] 🔄 INICIANDO RONDA: 3 | Moderador: llama3.1:8b
2026-04-08 10:58:03,732 [INFO] 📊 [DLB] Generando análisis técnico con llama3.1:8b...
2026-04-08 10:58:03,732 [INFO] 📡 [PNM] Calculando recursos de red con llama3.1:8b...
2026-04-08 10:58:15,212 [INFO] 🔄 INICIANDO RONDA: 4 | Moderador: llama3.1:8b
2026-04-08 10:58:27,331 [INFO] ⚖️ [JUEZ] Generando respuesta consenso con llama3.1:8b...
2026-04-08 10:58:36,042 [INFO]    ✅ Finalizado.
2026-04-08 10:58:37,053 [INFO] 👉 [9] Iniciando debate...
2026-04-08 10:58:37,053 [INFO] 🔄 INICIANDO RONDA: 0 | Moderador: llama3.1:8b
2026-04-08 10:58:45,484 [INFO] 📊 [DLB] Generando análisis técnico con llama3.1:8b...
2026-04-08 10:58:45,484 [INFO] 📡 [PNM] Calculando recursos de red con llama3.1:8b...
2026-04-08 10:58:56,401 [INFO] 🔄 INICIANDO RONDA: 1 | Moderador: llama3.1:8b
2026-04-08 10:59:03,211 [INFO] 📊 [DLB] Generando análisis técnico con llama3.1:8b...
2026-04-08 10:59:03,211 [INFO] 📡 [PNM] Calculando recursos de red con llama3.1:8b...
2026-04-08 10:59:18,693 [INFO] 🔄 INICIANDO RONDA: 2 | Moderador: llama3.1:8b
2026-04-08 10:59:27,403 [INFO] 📊 [DLB] Generando análisis técnico con llama3.1:8b...
2026-04-08 10:59:27,403 [INFO] 📡 [PNM] Calculando recursos de red con llama3.1:8b...
2026-04-08 10:59:46,507 [INFO] 🔄 INICIANDO RONDA: 3 | Moderador: llama3.1:8b
2026-04-08 10:59:56,553 [INFO] 📊 [DLB] Generando análisis técnico con llama3.1:8b...
2026-04-08 10:59:56,553 [INFO] 📡 [PNM] Calculando recursos de red con llama3.1:8b...
2026-04-08 11:00:14,954 [INFO] 🔄 INICIANDO RONDA: 4 | Moderador: llama3.1:8b
2026-04-08 11:00:24,622 [INFO] ⚖️ [JUEZ] Generando respuesta consenso con llama3.1:8b...
2026-04-08 11:00:34,648 [INFO]    ✅ Finalizado.
2026-04-08 11:00:35,649 [INFO] 👉 [10] Iniciando debate...
2026-04-08 11:00:35,649 [INFO] 🔄 INICIANDO RONDA: 0 | Moderador: llama3.1:8b
2026-04-08 11:00:43,603 [INFO] 📊 [DLB] Generando análisis técnico con llama3.1:8b...
2026-04-08 11:00:43,603 [INFO] 📡 [PNM] Calculando recursos de red con llama3.1:8b...
2026-04-08 11:00:55,162 [INFO] 🔄 INICIANDO RONDA: 1 | Moderador: llama3.1:8b
2026-04-08 11:01:04,722 [INFO] 📊 [DLB] Generando análisis técnico con llama3.1:8b...
2026-04-08 11:01:04,722 [INFO] 📡 [PNM] Calculando recursos de red con llama3.1:8b...
2026-04-08 11:01:21,367 [INFO] 🔄 INICIANDO RONDA: 2 | Moderador: llama3.1:8b
2026-04-08 11:01:31,349 [INFO] 📊 [DLB] Generando análisis técnico con llama3.1:8b...
2026-04-08 11:01:31,349 [INFO] 📡 [PNM] Calculando recursos de red con llama3.1:8b...
2026-04-08 11:01:44,343 [INFO] 🔄 INICIANDO RONDA: 3 | Moderador: llama3.1:8b
2026-04-08 11:01:54,323 [INFO] 📊 [DLB] Generando análisis técnico con llama3.1:8b...
2026-04-08 11:01:54,323 [INFO] 📡 [PNM] Calculando recursos de red con llama3.1:8b...
2026-04-08 11:02:08,321 [INFO] 🔄 INICIANDO RONDA: 4 | Moderador: llama3.1:8b
2026-04-08 11:02:19,602 [INFO] ⚖️ [JUEZ] Generando respuesta consenso con llama3.1:8b...
2026-04-08 11:02:29,720 [INFO]    ✅ Finalizado.
2026-04-08 11:02:30,729 [INFO] 👉 [11] Iniciando debate...
2026-04-08 11:02:30,729 [INFO] 🔄 INICIANDO RONDA: 0 | Moderador: llama3.1:8b
2026-04-08 11:02:36,386 [INFO] 📊 [DLB] Generando análisis técnico con llama3.1:8b...
2026-04-08 11:02:36,386 [INFO] 📡 [PNM] Calculando recursos de red con llama3.1:8b...
2026-04-08 11:02:45,939 [INFO] 🔄 INICIANDO RONDA: 1 | Moderador: llama3.1:8b
2026-04-08 11:02:51,057 [INFO] 📊 [DLB] Generando análisis técnico con llama3.1:8b...
2026-04-08 11:02:51,057 [INFO] 📡 [PNM] Calculando recursos de red con llama3.1:8b...
2026-04-08 11:03:02,404 [INFO] 🔄 INICIANDO RONDA: 2 | Moderador: llama3.1:8b
2026-04-08 11:03:10,760 [INFO] 📊 [DLB] Generando análisis técnico con llama3.1:8b...
2026-04-08 11:03:10,760 [INFO] 📡 [PNM] Calculando recursos de red con llama3.1:8b...
2026-04-08 11:03:26,677 [INFO] 🔄 INICIANDO RONDA: 3 | Moderador: llama3.1:8b
2026-04-08 11:03:35,796 [INFO] 📊 [DLB] Generando análisis técnico con llama3.1:8b...
2026-04-08 11:03:35,796 [INFO] 📡 [PNM] Calculando recursos de red con llama3.1:8b...
2026-04-08 11:03:49,685 [INFO] 🔄 INICIANDO RONDA: 4 | Moderador: llama3.1:8b
2026-04-08 11:04:00,904 [INFO] ⚖️ [JUEZ] Generando respuesta consenso con llama3.1:8b...
2026-04-08 11:04:08,822 [INFO]    ✅ Finalizado.
2026-04-08 11:04:09,825 [INFO] 👉 [12] Iniciando debate...
2026-04-08 11:04:09,825 [INFO] 🔄 INICIANDO RONDA: 0 | Moderador: llama3.1:8b
2026-04-08 11:04:16,883 [INFO] 📊 [DLB] Generando análisis técnico con llama3.1:8b...
2026-04-08 11:04:16,883 [INFO] 📡 [PNM] Calculando recursos de red con llama3.1:8b...
2026-04-08 11:04:27,372 [INFO] 🔄 INICIANDO RONDA: 1 | Moderador: llama3.1:8b
2026-04-08 11:04:32,111 [INFO] 📊 [DLB] Generando análisis técnico con llama3.1:8b...
2026-04-08 11:04:32,111 [INFO] 📡 [PNM] Calculando recursos de red con llama3.1:8b...
2026-04-08 11:04:44,874 [INFO] 🔄 INICIANDO RONDA: 2 | Moderador: llama3.1:8b
2026-04-08 11:04:51,867 [INFO] 📊 [DLB] Generando análisis técnico con llama3.1:8b...
2026-04-08 11:04:51,867 [INFO] 📡 [PNM] Calculando recursos de red con llama3.1:8b...
2026-04-08 11:05:06,995 [INFO] 🔄 INICIANDO RONDA: 3 | Moderador: llama3.1:8b
2026-04-08 11:05:14,430 [INFO] 📊 [DLB] Generando análisis técnico con llama3.1:8b...
2026-04-08 11:05:14,430 [INFO] 📡 [PNM] Calculando recursos de red con llama3.1:8b...
2026-04-08 11:05:32,831 [INFO] 🔄 INICIANDO RONDA: 4 | Moderador: llama3.1:8b
2026-04-08 11:05:41,988 [INFO] ⚖️ [JUEZ] Generando respuesta consenso con llama3.1:8b...
2026-04-08 11:05:49,920 [INFO]    ✅ Finalizado.
2026-04-08 11:05:50,927 [INFO] 📁 Procesando archivo: a-ka-band-satcom-transceiver-in-65-nm-cmos-with-high-linearity-tx-and-dual-channel-wide-dynamic-range-rx-for-terrestrial-terminal_salida.txt
2026-04-08 11:05:50,927 [INFO] 👉 [13] Iniciando debate...
2026-04-08 11:05:50,927 [INFO] 🔄 INICIANDO RONDA: 0 | Moderador: llama3.1:8b
2026-04-08 11:05:58,187 [INFO] 📊 [DLB] Generando análisis técnico con llama3.1:8b...
2026-04-08 11:05:58,187 [INFO] 📡 [PNM] Calculando recursos de red con llama3.1:8b...
2026-04-08 11:06:12,744 [INFO] 🔄 INICIANDO RONDA: 1 | Moderador: llama3.1:8b
2026-04-08 11:06:18,985 [INFO] 📊 [DLB] Generando análisis técnico con llama3.1:8b...
2026-04-08 11:06:18,985 [INFO] 📡 [PNM] Calculando recursos de red con llama3.1:8b...
2026-04-08 11:06:31,834 [INFO] 🔄 INICIANDO RONDA: 2 | Moderador: llama3.1:8b
2026-04-08 11:06:40,225 [INFO] 📊 [DLB] Generando análisis técnico con llama3.1:8b...
2026-04-08 11:06:40,225 [INFO] 📡 [PNM] Calculando recursos de red con llama3.1:8b...
2026-04-08 11:06:54,494 [INFO] 🔄 INICIANDO RONDA: 3 | Moderador: llama3.1:8b
2026-04-08 11:07:07,150 [INFO] 📊 [DLB] Generando análisis técnico con llama3.1:8b...
2026-04-08 11:07:07,150 [INFO] 📡 [PNM] Calculando recursos de red con llama3.1:8b...
2026-04-08 11:07:22,553 [INFO] 🔄 INICIANDO RONDA: 4 | Moderador: llama3.1:8b
2026-04-08 11:07:32,549 [INFO] ⚖️ [JUEZ] Generando respuesta consenso con llama3.1:8b...
2026-04-08 11:07:41,711 [INFO]    ✅ Finalizado.
2026-04-08 11:07:42,711 [INFO] 👉 [14] Iniciando debate...
2026-04-08 11:07:42,711 [INFO] 🔄 INICIANDO RONDA: 0 | Moderador: llama3.1:8b
2026-04-08 11:07:49,454 [INFO] 📊 [DLB] Generando análisis técnico con llama3.1:8b...
2026-04-08 11:07:49,454 [INFO] 📡 [PNM] Calculando recursos de red con llama3.1:8b...
2026-04-08 11:08:01,157 [INFO] 🔄 INICIANDO RONDA: 1 | Moderador: llama3.1:8b
2026-04-08 11:08:07,693 [INFO] 📊 [DLB] Generando análisis técnico con llama3.1:8b...
2026-04-08 11:08:07,693 [INFO] 📡 [PNM] Calculando recursos de red con llama3.1:8b...
2026-04-08 11:08:25,200 [INFO] 🔄 INICIANDO RONDA: 2 | Moderador: llama3.1:8b
2026-04-08 11:08:34,593 [INFO] 📊 [DLB] Generando análisis técnico con llama3.1:8b...
2026-04-08 11:08:34,593 [INFO] 📡 [PNM] Calculando recursos de red con llama3.1:8b...
2026-04-08 11:08:47,530 [INFO] 🔄 INICIANDO RONDA: 3 | Moderador: llama3.1:8b
2026-04-08 11:08:56,756 [INFO] 📊 [DLB] Generando análisis técnico con llama3.1:8b...
2026-04-08 11:08:56,756 [INFO] 📡 [PNM] Calculando recursos de red con llama3.1:8b...
2026-04-08 11:09:11,307 [INFO] 🔄 INICIANDO RONDA: 4 | Moderador: llama3.1:8b
2026-04-08 11:09:22,342 [INFO] ⚖️ [JUEZ] Generando respuesta consenso con llama3.1:8b...
2026-04-08 11:09:33,139 [INFO]    ✅ Finalizado.
2026-04-08 11:09:34,148 [INFO] 📁 Procesando archivo: a-lagrangian-heuristic-for-satellite-range-scheduling-with-resource-constraints_salida.txt
2026-04-08 11:09:34,163 [INFO] 👉 [15] Iniciando debate...
2026-04-08 11:09:34,163 [INFO] 🔄 INICIANDO RONDA: 0 | Moderador: llama3.1:8b
2026-04-08 11:09:41,305 [INFO] 📊 [DLB] Generando análisis técnico con llama3.1:8b...
2026-04-08 11:09:41,305 [INFO] 📡 [PNM] Calculando recursos de red con llama3.1:8b...
2026-04-08 11:09:52,802 [INFO] 🔄 INICIANDO RONDA: 1 | Moderador: llama3.1:8b
2026-04-08 11:10:01,059 [INFO] 📊 [DLB] Generando análisis técnico con llama3.1:8b...
2026-04-08 11:10:01,059 [INFO] 📡 [PNM] Calculando recursos de red con llama3.1:8b...
2026-04-08 11:10:16,261 [INFO] 🔄 INICIANDO RONDA: 2 | Moderador: llama3.1:8b
2026-04-08 11:10:25,720 [INFO] 📊 [DLB] Generando análisis técnico con llama3.1:8b...
2026-04-08 11:10:25,720 [INFO] 📡 [PNM] Calculando recursos de red con llama3.1:8b...
2026-04-08 11:10:42,643 [INFO] 🔄 INICIANDO RONDA: 3 | Moderador: llama3.1:8b
2026-04-08 11:10:56,964 [INFO] 📊 [DLB] Generando análisis técnico con llama3.1:8b...
2026-04-08 11:10:56,964 [INFO] 📡 [PNM] Calculando recursos de red con llama3.1:8b...
2026-04-08 11:11:15,174 [INFO] 🔄 INICIANDO RONDA: 4 | Moderador: llama3.1:8b
2026-04-08 11:11:29,901 [INFO] ⚖️ [JUEZ] Generando respuesta consenso con llama3.1:8b...
2026-04-08 11:11:40,638 [INFO]    ✅ Finalizado.
2026-04-08 11:11:41,645 [INFO] 👉 [16] Iniciando debate...
2026-04-08 11:11:41,645 [INFO] 🔄 INICIANDO RONDA: 0 | Moderador: llama3.1:8b
2026-04-08 11:11:50,255 [INFO] 📊 [DLB] Generando análisis técnico con llama3.1:8b...
2026-04-08 11:11:50,255 [INFO] 📡 [PNM] Calculando recursos de red con llama3.1:8b...
2026-04-08 11:12:03,173 [INFO] 🔄 INICIANDO RONDA: 1 | Moderador: llama3.1:8b
2026-04-08 11:12:11,452 [INFO] 📊 [DLB] Generando análisis técnico con llama3.1:8b...
2026-04-08 11:12:11,452 [INFO] 📡 [PNM] Calculando recursos de red con llama3.1:8b...
2026-04-08 11:12:25,883 [INFO] 🔄 INICIANDO RONDA: 2 | Moderador: llama3.1:8b
2026-04-08 11:12:39,746 [INFO] 📊 [DLB] Generando análisis técnico con llama3.1:8b...
2026-04-08 11:12:39,746 [INFO] 📡 [PNM] Calculando recursos de red con llama3.1:8b...
2026-04-08 11:12:52,928 [INFO] 🔄 INICIANDO RONDA: 3 | Moderador: llama3.1:8b
2026-04-08 11:13:06,892 [INFO] 📊 [DLB] Generando análisis técnico con llama3.1:8b...
2026-04-08 11:13:06,892 [INFO] 📡 [PNM] Calculando recursos de red con llama3.1:8b...
2026-04-08 11:13:23,889 [INFO] 🔄 INICIANDO RONDA: 4 | Moderador: llama3.1:8b
2026-04-08 11:13:38,482 [INFO] ⚖️ [JUEZ] Generando respuesta consenso con llama3.1:8b...
2026-04-08 11:13:49,513 [INFO]    ✅ Finalizado.
2026-04-08 11:13:50,513 [INFO] 👉 [17] Iniciando debate...
2026-04-08 11:13:50,513 [INFO] 🔄 INICIANDO RONDA: 0 | Moderador: llama3.1:8b
2026-04-08 11:13:55,794 [INFO] 📊 [DLB] Generando análisis técnico con llama3.1:8b...
2026-04-08 11:13:55,796 [INFO] 📡 [PNM] Calculando recursos de red con llama3.1:8b...
2026-04-08 11:14:05,681 [INFO] 🔄 INICIANDO RONDA: 1 | Moderador: llama3.1:8b
2026-04-08 11:14:12,108 [INFO] 📊 [DLB] Generando análisis técnico con llama3.1:8b...
2026-04-08 11:14:12,108 [INFO] 📡 [PNM] Calculando recursos de red con llama3.1:8b...
2026-04-08 11:14:24,265 [INFO] 🔄 INICIANDO RONDA: 2 | Moderador: llama3.1:8b
2026-04-08 11:14:32,915 [INFO] 📊 [DLB] Generando análisis técnico con llama3.1:8b...
2026-04-08 11:14:32,916 [INFO] 📡 [PNM] Calculando recursos de red con llama3.1:8b...
2026-04-08 11:14:46,763 [INFO] 🔄 INICIANDO RONDA: 3 | Moderador: llama3.1:8b
2026-04-08 11:14:57,873 [INFO] 📊 [DLB] Generando análisis técnico con llama3.1:8b...
2026-04-08 11:14:57,873 [INFO] 📡 [PNM] Calculando recursos de red con llama3.1:8b...
2026-04-08 11:15:11,230 [INFO] 🔄 INICIANDO RONDA: 4 | Moderador: llama3.1:8b
2026-04-08 11:15:20,977 [INFO] ⚖️ [JUEZ] Generando respuesta consenso con llama3.1:8b...
2026-04-08 11:15:30,135 [INFO]    ✅ Finalizado.
2026-04-08 11:15:31,146 [INFO] 👉 [18] Iniciando debate...
2026-04-08 11:15:31,146 [INFO] 🔄 INICIANDO RONDA: 0 | Moderador: llama3.1:8b
2026-04-08 11:15:39,527 [INFO] 📊 [DLB] Generando análisis técnico con llama3.1:8b...
2026-04-08 11:15:39,527 [INFO] 📡 [PNM] Calculando recursos de red con llama3.1:8b...
2026-04-08 11:15:49,177 [INFO] 🔄 INICIANDO RONDA: 1 | Moderador: llama3.1:8b
2026-04-08 11:15:56,017 [INFO] 📊 [DLB] Generando análisis técnico con llama3.1:8b...
2026-04-08 11:15:56,017 [INFO] 📡 [PNM] Calculando recursos de red con llama3.1:8b...
2026-04-08 11:16:08,032 [INFO] 🔄 INICIANDO RONDA: 2 | Moderador: llama3.1:8b
2026-04-08 11:16:16,216 [INFO] 📊 [DLB] Generando análisis técnico con llama3.1:8b...
2026-04-08 11:16:16,216 [INFO] 📡 [PNM] Calculando recursos de red con llama3.1:8b...
2026-04-08 11:16:27,852 [INFO] 🔄 INICIANDO RONDA: 3 | Moderador: llama3.1:8b
2026-04-08 11:16:35,601 [INFO] 📊 [DLB] Generando análisis técnico con llama3.1:8b...
2026-04-08 11:16:35,601 [INFO] 📡 [PNM] Calculando recursos de red con llama3.1:8b...
2026-04-08 11:16:48,136 [INFO] 🔄 INICIANDO RONDA: 4 | Moderador: llama3.1:8b
2026-04-08 11:16:56,817 [INFO] ⚖️ [JUEZ] Generando respuesta consenso con llama3.1:8b...
2026-04-08 11:17:05,017 [INFO]    ✅ Finalizado.
2026-04-08 11:17:06,027 [INFO] 👉 [19] Iniciando debate...
2026-04-08 11:17:06,027 [INFO] 🔄 INICIANDO RONDA: 0 | Moderador: llama3.1:8b
2026-04-08 11:17:13,908 [INFO] 📊 [DLB] Generando análisis técnico con llama3.1:8b...
2026-04-08 11:17:13,908 [INFO] 📡 [PNM] Calculando recursos de red con llama3.1:8b...
2026-04-08 11:17:24,047 [INFO] 🔄 INICIANDO RONDA: 1 | Moderador: llama3.1:8b
2026-04-08 11:17:29,490 [INFO] 📊 [DLB] Generando análisis técnico con llama3.1:8b...
2026-04-08 11:17:29,490 [INFO] 📡 [PNM] Calculando recursos de red con llama3.1:8b...
2026-04-08 11:17:42,209 [INFO] 🔄 INICIANDO RONDA: 2 | Moderador: llama3.1:8b
2026-04-08 11:17:51,834 [INFO] 📊 [DLB] Generando análisis técnico con llama3.1:8b...
2026-04-08 11:17:51,834 [INFO] 📡 [PNM] Calculando recursos de red con llama3.1:8b...
2026-04-08 11:18:08,719 [INFO] 🔄 INICIANDO RONDA: 3 | Moderador: llama3.1:8b
2026-04-08 11:18:18,494 [INFO] 📊 [DLB] Generando análisis técnico con llama3.1:8b...
2026-04-08 11:18:18,494 [INFO] 📡 [PNM] Calculando recursos de red con llama3.1:8b...
2026-04-08 11:18:31,485 [INFO] 🔄 INICIANDO RONDA: 4 | Moderador: llama3.1:8b
2026-04-08 11:18:40,914 [INFO] ⚖️ [JUEZ] Generando respuesta consenso con llama3.1:8b...
2026-04-08 11:18:49,442 [INFO]    ✅ Finalizado.
2026-04-08 11:18:50,452 [INFO] 👉 [20] Iniciando debate...
2026-04-08 11:18:50,452 [INFO] 🔄 INICIANDO RONDA: 0 | Moderador: llama3.1:8b
2026-04-08 11:18:56,876 [INFO] 📊 [DLB] Generando análisis técnico con llama3.1:8b...
2026-04-08 11:18:56,876 [INFO] 📡 [PNM] Calculando recursos de red con llama3.1:8b...
2026-04-08 11:19:07,126 [INFO] 🔄 INICIANDO RONDA: 1 | Moderador: llama3.1:8b
2026-04-08 11:19:13,319 [INFO] 📊 [DLB] Generando análisis técnico con llama3.1:8b...
2026-04-08 11:19:13,319 [INFO] 📡 [PNM] Calculando recursos de red con llama3.1:8b...
2026-04-08 11:19:23,473 [INFO] 🔄 INICIANDO RONDA: 2 | Moderador: llama3.1:8b
2026-04-08 11:19:30,949 [INFO] 📊 [DLB] Generando análisis técnico con llama3.1:8b...
2026-04-08 11:19:30,949 [INFO] 📡 [PNM] Calculando recursos de red con llama3.1:8b...
2026-04-08 11:19:42,062 [INFO] 🔄 INICIANDO RONDA: 3 | Moderador: llama3.1:8b
2026-04-08 11:19:49,400 [INFO] 📊 [DLB] Generando análisis técnico con llama3.1:8b...
2026-04-08 11:19:49,400 [INFO] 📡 [PNM] Calculando recursos de red con llama3.1:8b...
2026-04-08 11:20:00,504 [INFO] 🔄 INICIANDO RONDA: 4 | Moderador: llama3.1:8b
2026-04-08 11:20:08,853 [INFO] ⚖️ [JUEZ] Generando respuesta consenso con llama3.1:8b...
2026-04-08 11:20:16,018 [INFO]    ✅ Finalizado.
2026-04-08 11:20:17,033 [INFO] 👉 [21] Iniciando debate...
2026-04-08 11:20:17,033 [INFO] 🔄 INICIANDO RONDA: 0 | Moderador: llama3.1:8b
2026-04-08 11:20:25,470 [INFO] 📊 [DLB] Generando análisis técnico con llama3.1:8b...
2026-04-08 11:20:25,470 [INFO] 📡 [PNM] Calculando recursos de red con llama3.1:8b...
2026-04-08 11:20:35,879 [INFO] 🔄 INICIANDO RONDA: 1 | Moderador: llama3.1:8b
2026-04-08 11:20:40,828 [INFO] 📊 [DLB] Generando análisis técnico con llama3.1:8b...
2026-04-08 11:20:40,828 [INFO] 📡 [PNM] Calculando recursos de red con llama3.1:8b...
2026-04-08 11:20:52,315 [INFO] 🔄 INICIANDO RONDA: 2 | Moderador: llama3.1:8b
2026-04-08 11:21:00,690 [INFO] 📊 [DLB] Generando análisis técnico con llama3.1:8b...
2026-04-08 11:21:00,690 [INFO] 📡 [PNM] Calculando recursos de red con llama3.1:8b...
2026-04-08 11:21:19,534 [INFO] 🔄 INICIANDO RONDA: 3 | Moderador: llama3.1:8b
2026-04-08 11:21:28,231 [INFO] 📊 [DLB] Generando análisis técnico con llama3.1:8b...
2026-04-08 11:21:28,231 [INFO] 📡 [PNM] Calculando recursos de red con llama3.1:8b...
2026-04-08 11:21:40,320 [INFO] 🔄 INICIANDO RONDA: 4 | Moderador: llama3.1:8b
2026-04-08 11:21:47,860 [INFO] ⚖️ [JUEZ] Generando respuesta consenso con llama3.1:8b...
2026-04-08 11:21:56,088 [INFO]    ✅ Finalizado.
2026-04-08 11:21:57,099 [INFO] 👉 [22] Iniciando debate...
2026-04-08 11:21:57,099 [INFO] 🔄 INICIANDO RONDA: 0 | Moderador: llama3.1:8b
2026-04-08 11:22:04,835 [INFO] 📊 [DLB] Generando análisis técnico con llama3.1:8b...
2026-04-08 11:22:04,835 [INFO] 📡 [PNM] Calculando recursos de red con llama3.1:8b...
2026-04-08 11:22:14,598 [INFO] 🔄 INICIANDO RONDA: 1 | Moderador: llama3.1:8b
2026-04-08 11:22:21,995 [INFO] 📊 [DLB] Generando análisis técnico con llama3.1:8b...
2026-04-08 11:22:21,995 [INFO] 📡 [PNM] Calculando recursos de red con llama3.1:8b...
2026-04-08 11:22:33,285 [INFO] 🔄 INICIANDO RONDA: 2 | Moderador: llama3.1:8b
2026-04-08 11:22:42,507 [INFO] 📊 [DLB] Generando análisis técnico con llama3.1:8b...
2026-04-08 11:22:42,507 [INFO] 📡 [PNM] Calculando recursos de red con llama3.1:8b...
2026-04-08 11:22:54,753 [INFO] 🔄 INICIANDO RONDA: 3 | Moderador: llama3.1:8b
2026-04-08 11:23:04,855 [INFO] 📊 [DLB] Generando análisis técnico con llama3.1:8b...
2026-04-08 11:23:04,855 [INFO] 📡 [PNM] Calculando recursos de red con llama3.1:8b...
2026-04-08 11:23:16,435 [INFO] 🔄 INICIANDO RONDA: 4 | Moderador: llama3.1:8b
2026-04-08 11:23:27,849 [INFO] ⚖️ [JUEZ] Generando respuesta consenso con llama3.1:8b...
2026-04-08 11:23:35,149 [INFO]    ✅ Finalizado.
2026-04-08 11:23:36,152 [INFO] 📁 Procesando archivo: a-novel-dual-polarized-continuous-transverse-stub-antenna-based-on-corrugated-waveguides-part-ii-experimental-demonstration_salida.txt
2026-04-08 11:23:36,152 [INFO] 👉 [23] Iniciando debate...
2026-04-08 11:23:36,168 [INFO] 🔄 INICIANDO RONDA: 0 | Moderador: llama3.1:8b
2026-04-08 11:23:43,177 [INFO] 📊 [DLB] Generando análisis técnico con llama3.1:8b...
2026-04-08 11:23:43,177 [INFO] 📡 [PNM] Calculando recursos de red con llama3.1:8b...
2026-04-08 11:23:55,290 [INFO] 🔄 INICIANDO RONDA: 1 | Moderador: llama3.1:8b
2026-04-08 11:24:03,413 [INFO] 📊 [DLB] Generando análisis técnico con llama3.1:8b...
2026-04-08 11:24:03,413 [INFO] 📡 [PNM] Calculando recursos de red con llama3.1:8b...
2026-04-08 11:24:15,142 [INFO] 🔄 INICIANDO RONDA: 2 | Moderador: llama3.1:8b
2026-04-08 11:24:22,522 [INFO] 📊 [DLB] Generando análisis técnico con llama3.1:8b...
2026-04-08 11:24:22,522 [INFO] 📡 [PNM] Calculando recursos de red con llama3.1:8b...
2026-04-08 11:24:35,154 [INFO] 🔄 INICIANDO RONDA: 3 | Moderador: llama3.1:8b
2026-04-08 11:24:42,678 [INFO] 📊 [DLB] Generando análisis técnico con llama3.1:8b...
2026-04-08 11:24:42,678 [INFO] 📡 [PNM] Calculando recursos de red con llama3.1:8b...
2026-04-08 11:24:54,788 [INFO] 🔄 INICIANDO RONDA: 4 | Moderador: llama3.1:8b
2026-04-08 11:25:05,763 [INFO] ⚖️ [JUEZ] Generando respuesta consenso con llama3.1:8b...
2026-04-08 11:25:13,574 [INFO]    ✅ Finalizado.
2026-04-08 11:25:14,584 [INFO] 👉 [24] Iniciando debate...
2026-04-08 11:25:14,584 [INFO] 🔄 INICIANDO RONDA: 0 | Moderador: llama3.1:8b
2026-04-08 11:25:21,448 [INFO] 📊 [DLB] Generando análisis técnico con llama3.1:8b...
2026-04-08 11:25:21,448 [INFO] 📡 [PNM] Calculando recursos de red con llama3.1:8b...
2026-04-08 11:25:31,229 [INFO] 🔄 INICIANDO RONDA: 1 | Moderador: llama3.1:8b
2026-04-08 11:25:36,299 [INFO] 📊 [DLB] Generando análisis técnico con llama3.1:8b...
2026-04-08 11:25:36,299 [INFO] 📡 [PNM] Calculando recursos de red con llama3.1:8b...
2026-04-08 11:25:48,125 [INFO] 🔄 INICIANDO RONDA: 2 | Moderador: llama3.1:8b
2026-04-08 11:25:57,216 [INFO] 📊 [DLB] Generando análisis técnico con llama3.1:8b...
2026-04-08 11:25:57,216 [INFO] 📡 [PNM] Calculando recursos de red con llama3.1:8b...
2026-04-08 11:26:09,028 [INFO] 🔄 INICIANDO RONDA: 3 | Moderador: llama3.1:8b
2026-04-08 11:26:18,386 [INFO] 📊 [DLB] Generando análisis técnico con llama3.1:8b...
2026-04-08 11:26:18,386 [INFO] 📡 [PNM] Calculando recursos de red con llama3.1:8b...
2026-04-08 11:26:30,139 [INFO] 🔄 INICIANDO RONDA: 4 | Moderador: llama3.1:8b
2026-04-08 11:26:38,478 [INFO] ⚖️ [JUEZ] Generando respuesta consenso con llama3.1:8b...
2026-04-08 11:26:46,945 [INFO]    ✅ Finalizado.
2026-04-08 11:26:47,959 [INFO] 👉 [25] Iniciando debate...
2026-04-08 11:26:47,959 [INFO] 🔄 INICIANDO RONDA: 0 | Moderador: llama3.1:8b
2026-04-08 11:26:54,473 [INFO] 📊 [DLB] Generando análisis técnico con llama3.1:8b...
2026-04-08 11:26:54,473 [INFO] 📡 [PNM] Calculando recursos de red con llama3.1:8b...
2026-04-08 11:27:04,375 [INFO] 🔄 INICIANDO RONDA: 1 | Moderador: llama3.1:8b
2026-04-08 11:27:11,024 [INFO] 📊 [DLB] Generando análisis técnico con llama3.1:8b...
2026-04-08 11:27:11,024 [INFO] 📡 [PNM] Calculando recursos de red con llama3.1:8b...
2026-04-08 11:27:23,475 [INFO] 🔄 INICIANDO RONDA: 2 | Moderador: llama3.1:8b
2026-04-08 11:27:32,395 [INFO] 📊 [DLB] Generando análisis técnico con llama3.1:8b...
2026-04-08 11:27:32,395 [INFO] 📡 [PNM] Calculando recursos de red con llama3.1:8b...
2026-04-08 11:27:46,969 [INFO] 🔄 INICIANDO RONDA: 3 | Moderador: llama3.1:8b
2026-04-08 11:27:56,238 [INFO] 📊 [DLB] Generando análisis técnico con llama3.1:8b...
2026-04-08 11:27:56,238 [INFO] 📡 [PNM] Calculando recursos de red con llama3.1:8b...
2026-04-08 11:28:14,499 [INFO] 🔄 INICIANDO RONDA: 4 | Moderador: llama3.1:8b
2026-04-08 11:28:26,622 [INFO] ⚖️ [JUEZ] Generando respuesta consenso con llama3.1:8b...
2026-04-08 11:28:35,163 [INFO]    ✅ Finalizado.
2026-04-08 11:28:36,166 [INFO] 👉 [26] Iniciando debate...
2026-04-08 11:28:36,166 [INFO] 🔄 INICIANDO RONDA: 0 | Moderador: llama3.1:8b
2026-04-08 11:28:43,870 [INFO] 📊 [DLB] Generando análisis técnico con llama3.1:8b...
2026-04-08 11:28:43,870 [INFO] 📡 [PNM] Calculando recursos de red con llama3.1:8b...
2026-04-08 11:28:56,593 [INFO] 🔄 INICIANDO RONDA: 1 | Moderador: llama3.1:8b
2026-04-08 11:29:04,202 [INFO] 📊 [DLB] Generando análisis técnico con llama3.1:8b...
2026-04-08 11:29:04,202 [INFO] 📡 [PNM] Calculando recursos de red con llama3.1:8b...
2026-04-08 11:29:15,276 [INFO] 🔄 INICIANDO RONDA: 2 | Moderador: llama3.1:8b
2026-04-08 11:29:24,559 [INFO] 📊 [DLB] Generando análisis técnico con llama3.1:8b...
2026-04-08 11:29:24,559 [INFO] 📡 [PNM] Calculando recursos de red con llama3.1:8b...
2026-04-08 11:29:36,342 [INFO] 🔄 INICIANDO RONDA: 3 | Moderador: llama3.1:8b
2026-04-08 11:29:44,846 [INFO] 📊 [DLB] Generando análisis técnico con llama3.1:8b...
2026-04-08 11:29:44,846 [INFO] 📡 [PNM] Calculando recursos de red con llama3.1:8b...
2026-04-08 11:30:02,745 [INFO] 🔄 INICIANDO RONDA: 4 | Moderador: llama3.1:8b
2026-04-08 11:30:15,444 [INFO] ⚖️ [JUEZ] Generando respuesta consenso con llama3.1:8b...
2026-04-08 11:30:25,882 [INFO]    ✅ Finalizado.
2026-04-08 11:30:26,884 [INFO] 👉 [27] Iniciando debate...
2026-04-08 11:30:26,884 [INFO] 🔄 INICIANDO RONDA: 0 | Moderador: llama3.1:8b
2026-04-08 11:30:35,540 [INFO] 📊 [DLB] Generando análisis técnico con llama3.1:8b...
2026-04-08 11:30:35,540 [INFO] 📡 [PNM] Calculando recursos de red con llama3.1:8b...
2026-04-08 11:30:48,041 [INFO] 🔄 INICIANDO RONDA: 1 | Moderador: llama3.1:8b
2026-04-08 11:30:53,733 [INFO] 📊 [DLB] Generando análisis técnico con llama3.1:8b...
2026-04-08 11:30:53,733 [INFO] 📡 [PNM] Calculando recursos de red con llama3.1:8b...
2026-04-08 11:31:07,008 [INFO] 🔄 INICIANDO RONDA: 2 | Moderador: llama3.1:8b
2026-04-08 11:31:15,754 [INFO] 📊 [DLB] Generando análisis técnico con llama3.1:8b...
2026-04-08 11:31:15,754 [INFO] 📡 [PNM] Calculando recursos de red con llama3.1:8b...
2026-04-08 11:31:28,729 [INFO] 🔄 INICIANDO RONDA: 3 | Moderador: llama3.1:8b
2026-04-08 11:31:37,778 [INFO] 📊 [DLB] Generando análisis técnico con llama3.1:8b...
2026-04-08 11:31:37,778 [INFO] 📡 [PNM] Calculando recursos de red con llama3.1:8b...
2026-04-08 11:31:52,549 [INFO] 🔄 INICIANDO RONDA: 4 | Moderador: llama3.1:8b
2026-04-08 11:32:02,974 [INFO] ⚖️ [JUEZ] Generando respuesta consenso con llama3.1:8b...
2026-04-08 11:32:12,593 [INFO]    ✅ Finalizado.
2026-04-08 11:32:13,596 [INFO] 📁 Procesando archivo: a-reflector-antenna-concept-robust-against-feed-failures-for-satellite-communications_salida.txt
2026-04-08 11:32:13,596 [INFO] 👉 [28] Iniciando debate...
2026-04-08 11:32:13,612 [INFO] 🔄 INICIANDO RONDA: 0 | Moderador: llama3.1:8b
2026-04-08 11:32:22,139 [INFO] 📊 [DLB] Generando análisis técnico con llama3.1:8b...
2026-04-08 11:32:22,139 [INFO] 📡 [PNM] Calculando recursos de red con llama3.1:8b...
2026-04-08 11:32:33,536 [INFO] 🔄 INICIANDO RONDA: 1 | Moderador: llama3.1:8b
2026-04-08 11:32:40,473 [INFO] 📊 [DLB] Generando análisis técnico con llama3.1:8b...
2026-04-08 11:32:40,473 [INFO] 📡 [PNM] Calculando recursos de red con llama3.1:8b...
2026-04-08 11:32:54,296 [INFO] 🔄 INICIANDO RONDA: 2 | Moderador: llama3.1:8b
2026-04-08 11:33:02,309 [INFO] 📊 [DLB] Generando análisis técnico con llama3.1:8b...
2026-04-08 11:33:02,309 [INFO] 📡 [PNM] Calculando recursos de red con llama3.1:8b...
2026-04-08 11:33:15,807 [INFO] 🔄 INICIANDO RONDA: 3 | Moderador: llama3.1:8b
2026-04-08 11:33:24,740 [INFO] 📊 [DLB] Generando análisis técnico con llama3.1:8b...
2026-04-08 11:33:24,740 [INFO] 📡 [PNM] Calculando recursos de red con llama3.1:8b...
2026-04-08 11:33:38,928 [INFO] 🔄 INICIANDO RONDA: 4 | Moderador: llama3.1:8b
2026-04-08 11:33:49,621 [INFO] ⚖️ [JUEZ] Generando respuesta consenso con llama3.1:8b...
2026-04-08 11:33:57,081 [INFO]    ✅ Finalizado.
2026-04-08 11:33:58,091 [INFO] 👉 [29] Iniciando debate...
2026-04-08 11:33:58,091 [INFO] 🔄 INICIANDO RONDA: 0 | Moderador: llama3.1:8b
2026-04-08 11:34:05,105 [INFO] 📊 [DLB] Generando análisis técnico con llama3.1:8b...
2026-04-08 11:34:05,105 [INFO] 📡 [PNM] Calculando recursos de red con llama3.1:8b...
2026-04-08 11:34:15,835 [INFO] 🔄 INICIANDO RONDA: 1 | Moderador: llama3.1:8b
2026-04-08 11:34:22,522 [INFO] 📊 [DLB] Generando análisis técnico con llama3.1:8b...
2026-04-08 11:34:22,522 [INFO] 📡 [PNM] Calculando recursos de red con llama3.1:8b...
2026-04-08 11:34:34,383 [INFO] 🔄 INICIANDO RONDA: 2 | Moderador: llama3.1:8b
2026-04-08 11:34:42,996 [INFO] 📊 [DLB] Generando análisis técnico con llama3.1:8b...
2026-04-08 11:34:42,996 [INFO] 📡 [PNM] Calculando recursos de red con llama3.1:8b...
2026-04-08 11:34:55,547 [INFO] 🔄 INICIANDO RONDA: 3 | Moderador: llama3.1:8b
2026-04-08 11:35:05,170 [INFO] 📊 [DLB] Generando análisis técnico con llama3.1:8b...
2026-04-08 11:35:05,170 [INFO] 📡 [PNM] Calculando recursos de red con llama3.1:8b...
2026-04-08 11:35:18,249 [INFO] 🔄 INICIANDO RONDA: 4 | Moderador: llama3.1:8b
2026-04-08 11:35:28,224 [INFO] ⚖️ [JUEZ] Generando respuesta consenso con llama3.1:8b...
2026-04-08 11:35:36,050 [INFO]    ✅ Finalizado.
2026-04-08 11:35:37,053 [INFO] 👉 [30] Iniciando debate...
2026-04-08 11:35:37,053 [INFO] 🔄 INICIANDO RONDA: 0 | Moderador: llama3.1:8b
2026-04-08 11:35:43,499 [INFO] 📊 [DLB] Generando análisis técnico con llama3.1:8b...
2026-04-08 11:35:43,499 [INFO] 📡 [PNM] Calculando recursos de red con llama3.1:8b...
2026-04-08 11:35:54,479 [INFO] 🔄 INICIANDO RONDA: 1 | Moderador: llama3.1:8b
2026-04-08 11:36:01,026 [INFO] 📊 [DLB] Generando análisis técnico con llama3.1:8b...
2026-04-08 11:36:01,026 [INFO] 📡 [PNM] Calculando recursos de red con llama3.1:8b...
2026-04-08 11:36:11,960 [INFO] 🔄 INICIANDO RONDA: 2 | Moderador: llama3.1:8b
2026-04-08 11:36:20,096 [INFO] 📊 [DLB] Generando análisis técnico con llama3.1:8b...
2026-04-08 11:36:20,096 [INFO] 📡 [PNM] Calculando recursos de red con llama3.1:8b...
2026-04-08 11:36:31,895 [INFO] 🔄 INICIANDO RONDA: 3 | Moderador: llama3.1:8b
2026-04-08 11:36:41,200 [INFO] 📊 [DLB] Generando análisis técnico con llama3.1:8b...
2026-04-08 11:36:41,200 [INFO] 📡 [PNM] Calculando recursos de red con llama3.1:8b...
2026-04-08 11:36:53,233 [INFO] 🔄 INICIANDO RONDA: 4 | Moderador: llama3.1:8b
2026-04-08 11:37:01,090 [INFO] ⚖️ [JUEZ] Generando respuesta consenso con llama3.1:8b...
2026-04-08 11:37:08,097 [INFO]    ✅ Finalizado.
2026-04-08 11:37:09,100 [INFO] 👉 [31] Iniciando debate...
2026-04-08 11:37:09,100 [INFO] 🔄 INICIANDO RONDA: 0 | Moderador: llama3.1:8b
2026-04-08 11:37:17,312 [INFO] 📊 [DLB] Generando análisis técnico con llama3.1:8b...
2026-04-08 11:37:17,312 [INFO] 📡 [PNM] Calculando recursos de red con llama3.1:8b...
2026-04-08 11:37:29,656 [INFO] 🔄 INICIANDO RONDA: 1 | Moderador: llama3.1:8b
2026-04-08 11:37:35,795 [INFO] 📊 [DLB] Generando análisis técnico con llama3.1:8b...
2026-04-08 11:37:35,795 [INFO] 📡 [PNM] Calculando recursos de red con llama3.1:8b...
2026-04-08 11:37:46,918 [INFO] 🔄 INICIANDO RONDA: 2 | Moderador: llama3.1:8b
2026-04-08 11:37:53,458 [INFO] 📊 [DLB] Generando análisis técnico con llama3.1:8b...
2026-04-08 11:37:53,458 [INFO] 📡 [PNM] Calculando recursos de red con llama3.1:8b...
2026-04-08 11:38:08,531 [INFO] 🔄 INICIANDO RONDA: 3 | Moderador: llama3.1:8b
2026-04-08 11:38:16,195 [INFO] 📊 [DLB] Generando análisis técnico con llama3.1:8b...
2026-04-08 11:38:16,195 [INFO] 📡 [PNM] Calculando recursos de red con llama3.1:8b...
2026-04-08 11:38:29,367 [INFO] 🔄 INICIANDO RONDA: 4 | Moderador: llama3.1:8b
2026-04-08 11:38:38,731 [INFO] ⚖️ [JUEZ] Generando respuesta consenso con llama3.1:8b...
2026-04-08 11:38:47,685 [INFO]    ✅ Finalizado.
2026-04-08 11:38:48,689 [INFO] 👉 [32] Iniciando debate...
2026-04-08 11:38:48,689 [INFO] 🔄 INICIANDO RONDA: 0 | Moderador: llama3.1:8b
2026-04-08 11:38:54,912 [INFO] 📊 [DLB] Generando análisis técnico con llama3.1:8b...
2026-04-08 11:38:54,912 [INFO] 📡 [PNM] Calculando recursos de red con llama3.1:8b...
2026-04-08 11:39:05,085 [INFO] 🔄 INICIANDO RONDA: 1 | Moderador: llama3.1:8b
2026-04-08 11:39:11,019 [INFO] 📊 [DLB] Generando análisis técnico con llama3.1:8b...
2026-04-08 11:39:11,019 [INFO] 📡 [PNM] Calculando recursos de red con llama3.1:8b...
2026-04-08 11:39:22,364 [INFO] 🔄 INICIANDO RONDA: 2 | Moderador: llama3.1:8b
2026-04-08 11:39:30,421 [INFO] 📊 [DLB] Generando análisis técnico con llama3.1:8b...
2026-04-08 11:39:30,421 [INFO] 📡 [PNM] Calculando recursos de red con llama3.1:8b...
2026-04-08 11:39:43,228 [INFO] 🔄 INICIANDO RONDA: 3 | Moderador: llama3.1:8b
2026-04-08 11:39:51,915 [INFO] 📊 [DLB] Generando análisis técnico con llama3.1:8b...
2026-04-08 11:39:51,915 [INFO] 📡 [PNM] Calculando recursos de red con llama3.1:8b...
2026-04-08 11:40:04,168 [INFO] 🔄 INICIANDO RONDA: 4 | Moderador: llama3.1:8b
2026-04-08 11:40:11,415 [INFO] ⚖️ [JUEZ] Generando respuesta consenso con llama3.1:8b...
2026-04-08 11:40:17,922 [INFO]    ✅ Finalizado.
2026-04-08 11:40:18,926 [INFO] 📁 Procesando archivo: a-survey-on-communication-networks-for-electric-system-automation_salida.txt
2026-04-08 11:40:18,941 [INFO] 👉 [33] Iniciando debate...
2026-04-08 11:40:18,941 [INFO] 🔄 INICIANDO RONDA: 0 | Moderador: llama3.1:8b
2026-04-08 11:40:27,865 [INFO] 📊 [DLB] Generando análisis técnico con llama3.1:8b...
2026-04-08 11:40:27,865 [INFO] 📡 [PNM] Calculando recursos de red con llama3.1:8b...
2026-04-08 11:40:39,674 [INFO] 🔄 INICIANDO RONDA: 1 | Moderador: llama3.1:8b
2026-04-08 11:40:47,541 [INFO] 📊 [DLB] Generando análisis técnico con llama3.1:8b...
2026-04-08 11:40:47,541 [INFO] 📡 [PNM] Calculando recursos de red con llama3.1:8b...
2026-04-08 11:40:59,838 [INFO] 🔄 INICIANDO RONDA: 2 | Moderador: llama3.1:8b
2026-04-08 11:41:10,323 [INFO] 📊 [DLB] Generando análisis técnico con llama3.1:8b...
2026-04-08 11:41:10,323 [INFO] 📡 [PNM] Calculando recursos de red con llama3.1:8b...
2026-04-08 11:41:22,712 [INFO] 🔄 INICIANDO RONDA: 3 | Moderador: llama3.1:8b
2026-04-08 11:41:30,137 [INFO] 📊 [DLB] Generando análisis técnico con llama3.1:8b...
2026-04-08 11:41:30,137 [INFO] 📡 [PNM] Calculando recursos de red con llama3.1:8b...
2026-04-08 11:41:41,793 [INFO] 🔄 INICIANDO RONDA: 4 | Moderador: llama3.1:8b
2026-04-08 11:41:50,534 [INFO] ⚖️ [JUEZ] Generando respuesta consenso con llama3.1:8b...
2026-04-08 11:42:00,188 [INFO]    ✅ Finalizado.
2026-04-08 11:42:01,199 [INFO] 👉 [34] Iniciando debate...
2026-04-08 11:42:01,199 [INFO] 🔄 INICIANDO RONDA: 0 | Moderador: llama3.1:8b
2026-04-08 11:42:06,329 [INFO] 📊 [DLB] Generando análisis técnico con llama3.1:8b...
2026-04-08 11:42:06,329 [INFO] 📡 [PNM] Calculando recursos de red con llama3.1:8b...
2026-04-08 11:42:16,424 [INFO] 🔄 INICIANDO RONDA: 1 | Moderador: llama3.1:8b
2026-04-08 11:42:22,127 [INFO] 📊 [DLB] Generando análisis técnico con llama3.1:8b...
2026-04-08 11:42:22,127 [INFO] 📡 [PNM] Calculando recursos de red con llama3.1:8b...
2026-04-08 11:42:33,518 [INFO] 🔄 INICIANDO RONDA: 2 | Moderador: llama3.1:8b
2026-04-08 11:42:40,978 [INFO] 📊 [DLB] Generando análisis técnico con llama3.1:8b...
2026-04-08 11:42:40,978 [INFO] 📡 [PNM] Calculando recursos de red con llama3.1:8b...
2026-04-08 11:42:52,358 [INFO] 🔄 INICIANDO RONDA: 3 | Moderador: llama3.1:8b
2026-04-08 11:42:58,577 [INFO] 📊 [DLB] Generando análisis técnico con llama3.1:8b...
2026-04-08 11:42:58,577 [INFO] 📡 [PNM] Calculando recursos de red con llama3.1:8b...
2026-04-08 11:43:09,740 [INFO] 🔄 INICIANDO RONDA: 4 | Moderador: llama3.1:8b
2026-04-08 11:43:17,857 [INFO] ⚖️ [JUEZ] Generando respuesta consenso con llama3.1:8b...
2026-04-08 11:43:26,365 [INFO]    ✅ Finalizado.
2026-04-08 11:43:27,375 [INFO] 👉 [35] Iniciando debate...
2026-04-08 11:43:27,375 [INFO] 🔄 INICIANDO RONDA: 0 | Moderador: llama3.1:8b
2026-04-08 11:43:35,535 [INFO] 📊 [DLB] Generando análisis técnico con llama3.1:8b...
2026-04-08 11:43:35,535 [INFO] 📡 [PNM] Calculando recursos de red con llama3.1:8b...
2026-04-08 11:43:45,616 [INFO] 🔄 INICIANDO RONDA: 1 | Moderador: llama3.1:8b
2026-04-08 11:43:50,795 [INFO] 📊 [DLB] Generando análisis técnico con llama3.1:8b...
2026-04-08 11:43:50,795 [INFO] 📡 [PNM] Calculando recursos de red con llama3.1:8b...
2026-04-08 11:44:02,419 [INFO] 🔄 INICIANDO RONDA: 2 | Moderador: llama3.1:8b
2026-04-08 11:44:10,962 [INFO] 📊 [DLB] Generando análisis técnico con llama3.1:8b...
2026-04-08 11:44:10,962 [INFO] 📡 [PNM] Calculando recursos de red con llama3.1:8b...
2026-04-08 11:44:23,978 [INFO] 🔄 INICIANDO RONDA: 3 | Moderador: llama3.1:8b
2026-04-08 11:44:32,948 [INFO] 📊 [DLB] Generando análisis técnico con llama3.1:8b...
2026-04-08 11:44:32,948 [INFO] 📡 [PNM] Calculando recursos de red con llama3.1:8b...
2026-04-08 11:44:48,192 [INFO] 🔄 INICIANDO RONDA: 4 | Moderador: llama3.1:8b
2026-04-08 11:44:57,716 [INFO] ⚖️ [JUEZ] Generando respuesta consenso con llama3.1:8b...
2026-04-08 11:45:05,404 [INFO]    ✅ Finalizado.
2026-04-08 11:45:06,414 [INFO] 👉 [36] Iniciando debate...
2026-04-08 11:45:06,414 [INFO] 🔄 INICIANDO RONDA: 0 | Moderador: llama3.1:8b
2026-04-08 11:45:14,576 [INFO] 📊 [DLB] Generando análisis técnico con llama3.1:8b...
2026-04-08 11:45:14,576 [INFO] 📡 [PNM] Calculando recursos de red con llama3.1:8b...
2026-04-08 11:45:25,645 [INFO] 🔄 INICIANDO RONDA: 1 | Moderador: llama3.1:8b
2026-04-08 11:45:31,611 [INFO] 📊 [DLB] Generando análisis técnico con llama3.1:8b...
2026-04-08 11:45:31,611 [INFO] 📡 [PNM] Calculando recursos de red con llama3.1:8b...
2026-04-08 11:45:45,833 [INFO] 🔄 INICIANDO RONDA: 2 | Moderador: llama3.1:8b
2026-04-08 11:45:54,709 [INFO] 📊 [DLB] Generando análisis técnico con llama3.1:8b...
2026-04-08 11:45:54,709 [INFO] 📡 [PNM] Calculando recursos de red con llama3.1:8b...
2026-04-08 11:46:07,565 [INFO] 🔄 INICIANDO RONDA: 3 | Moderador: llama3.1:8b
2026-04-08 11:46:16,719 [INFO] 📊 [DLB] Generando análisis técnico con llama3.1:8b...
2026-04-08 11:46:16,719 [INFO] 📡 [PNM] Calculando recursos de red con llama3.1:8b...
2026-04-08 11:46:29,802 [INFO] 🔄 INICIANDO RONDA: 4 | Moderador: llama3.1:8b
2026-04-08 11:46:39,007 [INFO] ⚖️ [JUEZ] Generando respuesta consenso con llama3.1:8b...
2026-04-08 11:46:49,898 [INFO]    ✅ Finalizado.
2026-04-08 11:46:50,909 [INFO] 👉 [37] Iniciando debate...
2026-04-08 11:46:50,909 [INFO] 🔄 INICIANDO RONDA: 0 | Moderador: llama3.1:8b
2026-04-08 11:46:57,424 [INFO] 📊 [DLB] Generando análisis técnico con llama3.1:8b...
2026-04-08 11:46:57,424 [INFO] 📡 [PNM] Calculando recursos de red con llama3.1:8b...
2026-04-08 11:47:07,949 [INFO] 🔄 INICIANDO RONDA: 1 | Moderador: llama3.1:8b
2026-04-08 11:47:13,972 [INFO] 📊 [DLB] Generando análisis técnico con llama3.1:8b...
2026-04-08 11:47:13,972 [INFO] 📡 [PNM] Calculando recursos de red con llama3.1:8b...
2026-04-08 11:47:26,271 [INFO] 🔄 INICIANDO RONDA: 2 | Moderador: llama3.1:8b
2026-04-08 11:47:34,274 [INFO] 📊 [DLB] Generando análisis técnico con llama3.1:8b...
2026-04-08 11:47:34,274 [INFO] 📡 [PNM] Calculando recursos de red con llama3.1:8b...
2026-04-08 11:47:46,726 [INFO] 🔄 INICIANDO RONDA: 3 | Moderador: llama3.1:8b
2026-04-08 11:47:58,286 [INFO] 📊 [DLB] Generando análisis técnico con llama3.1:8b...
2026-04-08 11:47:58,286 [INFO] 📡 [PNM] Calculando recursos de red con llama3.1:8b...
2026-04-08 11:48:10,969 [INFO] 🔄 INICIANDO RONDA: 4 | Moderador: llama3.1:8b
2026-04-08 11:48:18,171 [INFO] ⚖️ [JUEZ] Generando respuesta consenso con llama3.1:8b...
2026-04-08 11:48:26,921 [INFO]    ✅ Finalizado.
2026-04-08 11:48:27,921 [INFO] 👉 [38] Iniciando debate...
2026-04-08 11:48:27,921 [INFO] 🔄 INICIANDO RONDA: 0 | Moderador: llama3.1:8b
2026-04-08 11:48:36,249 [INFO] 📊 [DLB] Generando análisis técnico con llama3.1:8b...
2026-04-08 11:48:36,249 [INFO] 📡 [PNM] Calculando recursos de red con llama3.1:8b...
2026-04-08 11:48:47,909 [INFO] 🔄 INICIANDO RONDA: 1 | Moderador: llama3.1:8b
2026-04-08 11:48:55,108 [INFO] 📊 [DLB] Generando análisis técnico con llama3.1:8b...
2026-04-08 11:48:55,108 [INFO] 📡 [PNM] Calculando recursos de red con llama3.1:8b...
2026-04-08 11:49:06,624 [INFO] 🔄 INICIANDO RONDA: 2 | Moderador: llama3.1:8b
2026-04-08 11:49:14,256 [INFO] 📊 [DLB] Generando análisis técnico con llama3.1:8b...
2026-04-08 11:49:14,256 [INFO] 📡 [PNM] Calculando recursos de red con llama3.1:8b...
2026-04-08 11:49:26,565 [INFO] 🔄 INICIANDO RONDA: 3 | Moderador: llama3.1:8b
2026-04-08 11:49:36,232 [INFO] 📊 [DLB] Generando análisis técnico con llama3.1:8b...
2026-04-08 11:49:36,232 [INFO] 📡 [PNM] Calculando recursos de red con llama3.1:8b...
2026-04-08 11:49:47,590 [INFO] 🔄 INICIANDO RONDA: 4 | Moderador: llama3.1:8b
2026-04-08 11:49:57,759 [INFO] ⚖️ [JUEZ] Generando respuesta consenso con llama3.1:8b...
2026-04-08 11:50:08,572 [INFO]    ✅ Finalizado.
2026-04-08 11:50:09,575 [INFO] 👉 [39] Iniciando debate...
2026-04-08 11:50:09,575 [INFO] 🔄 INICIANDO RONDA: 0 | Moderador: llama3.1:8b
2026-04-08 11:50:15,541 [INFO] 📊 [DLB] Generando análisis técnico con llama3.1:8b...
2026-04-08 11:50:15,541 [INFO] 📡 [PNM] Calculando recursos de red con llama3.1:8b...
2026-04-08 11:50:26,259 [INFO] 🔄 INICIANDO RONDA: 1 | Moderador: llama3.1:8b
2026-04-08 11:50:32,296 [INFO] 📊 [DLB] Generando análisis técnico con llama3.1:8b...
2026-04-08 11:50:32,296 [INFO] 📡 [PNM] Calculando recursos de red con llama3.1:8b...
2026-04-08 11:50:43,324 [INFO] 🔄 INICIANDO RONDA: 2 | Moderador: llama3.1:8b
2026-04-08 11:50:51,184 [INFO] 📊 [DLB] Generando análisis técnico con llama3.1:8b...
2026-04-08 11:50:51,184 [INFO] 📡 [PNM] Calculando recursos de red con llama3.1:8b...
2026-04-08 11:51:03,137 [INFO] 🔄 INICIANDO RONDA: 3 | Moderador: llama3.1:8b
2026-04-08 11:51:11,002 [INFO] 📊 [DLB] Generando análisis técnico con llama3.1:8b...
2026-04-08 11:51:11,002 [INFO] 📡 [PNM] Calculando recursos de red con llama3.1:8b...
2026-04-08 11:51:21,638 [INFO] 🔄 INICIANDO RONDA: 4 | Moderador: llama3.1:8b
2026-04-08 11:51:29,696 [INFO] ⚖️ [JUEZ] Generando respuesta consenso con llama3.1:8b...
2026-04-08 11:51:41,028 [INFO]    ✅ Finalizado.
2026-04-08 11:51:42,040 [INFO] 📁 Procesando archivo: a-wideband-high-gain-high-efficiency-hybrid-integrated-plate-array-antenna-for-v-band-inter-satellite-links_salida.txt
2026-04-08 11:51:42,055 [INFO] 👉 [40] Iniciando debate...
2026-04-08 11:51:42,055 [INFO] 🔄 INICIANDO RONDA: 0 | Moderador: llama3.1:8b
2026-04-08 11:51:51,350 [INFO] 📊 [DLB] Generando análisis técnico con llama3.1:8b...
2026-04-08 11:51:51,350 [INFO] 📡 [PNM] Calculando recursos de red con llama3.1:8b...
2026-04-08 11:52:05,701 [INFO] 🔄 INICIANDO RONDA: 1 | Moderador: llama3.1:8b
2026-04-08 11:52:12,958 [INFO] 📊 [DLB] Generando análisis técnico con llama3.1:8b...
2026-04-08 11:52:12,958 [INFO] 📡 [PNM] Calculando recursos de red con llama3.1:8b...
2026-04-08 11:52:30,479 [INFO] 🔄 INICIANDO RONDA: 2 | Moderador: llama3.1:8b
2026-04-08 11:52:41,137 [INFO] 📊 [DLB] Generando análisis técnico con llama3.1:8b...
2026-04-08 11:52:41,137 [INFO] 📡 [PNM] Calculando recursos de red con llama3.1:8b...
2026-04-08 11:52:58,734 [INFO] 🔄 INICIANDO RONDA: 3 | Moderador: llama3.1:8b
2026-04-08 11:53:12,002 [INFO] 📊 [DLB] Generando análisis técnico con llama3.1:8b...
2026-04-08 11:53:12,002 [INFO] 📡 [PNM] Calculando recursos de red con llama3.1:8b...
2026-04-08 11:53:27,256 [INFO] 🔄 INICIANDO RONDA: 4 | Moderador: llama3.1:8b
2026-04-08 11:53:41,393 [INFO] ⚖️ [JUEZ] Generando respuesta consenso con llama3.1:8b...
2026-04-08 11:53:51,574 [INFO]    ✅ Finalizado.
2026-04-08 11:53:52,588 [INFO] 👉 [41] Iniciando debate...
2026-04-08 11:53:52,588 [INFO] 🔄 INICIANDO RONDA: 0 | Moderador: llama3.1:8b
2026-04-08 11:54:00,089 [INFO] 📊 [DLB] Generando análisis técnico con llama3.1:8b...
2026-04-08 11:54:00,089 [INFO] 📡 [PNM] Calculando recursos de red con llama3.1:8b...
2026-04-08 11:54:15,436 [INFO] 🔄 INICIANDO RONDA: 1 | Moderador: llama3.1:8b
2026-04-08 11:54:23,722 [INFO] 📊 [DLB] Generando análisis técnico con llama3.1:8b...
2026-04-08 11:54:23,722 [INFO] 📡 [PNM] Calculando recursos de red con llama3.1:8b...
2026-04-08 11:54:36,077 [INFO] 🔄 INICIANDO RONDA: 2 | Moderador: llama3.1:8b
2026-04-08 11:54:45,248 [INFO] 📊 [DLB] Generando análisis técnico con llama3.1:8b...
2026-04-08 11:54:45,248 [INFO] 📡 [PNM] Calculando recursos de red con llama3.1:8b...
2026-04-08 11:55:03,580 [INFO] 🔄 INICIANDO RONDA: 3 | Moderador: llama3.1:8b
2026-04-08 11:55:15,598 [INFO] 📊 [DLB] Generando análisis técnico con llama3.1:8b...
2026-04-08 11:55:15,598 [INFO] 📡 [PNM] Calculando recursos de red con llama3.1:8b...
2026-04-08 11:55:32,903 [INFO] 🔄 INICIANDO RONDA: 4 | Moderador: llama3.1:8b
2026-04-08 11:55:45,213 [INFO] ⚖️ [JUEZ] Generando respuesta consenso con llama3.1:8b...
2026-04-08 11:55:54,089 [INFO]    ✅ Finalizado.
2026-04-08 11:55:55,100 [INFO] 👉 [42] Iniciando debate...
2026-04-08 11:55:55,100 [INFO] 🔄 INICIANDO RONDA: 0 | Moderador: llama3.1:8b
2026-04-08 11:56:01,521 [INFO] 📊 [DLB] Generando análisis técnico con llama3.1:8b...
2026-04-08 11:56:01,521 [INFO] 📡 [PNM] Calculando recursos de red con llama3.1:8b...
2026-04-08 11:56:11,634 [INFO] 🔄 INICIANDO RONDA: 1 | Moderador: llama3.1:8b
2026-04-08 11:56:17,851 [INFO] 📊 [DLB] Generando análisis técnico con llama3.1:8b...
2026-04-08 11:56:17,851 [INFO] 📡 [PNM] Calculando recursos de red con llama3.1:8b...
2026-04-08 11:56:29,657 [INFO] 🔄 INICIANDO RONDA: 2 | Moderador: llama3.1:8b
2026-04-08 11:56:38,533 [INFO] 📊 [DLB] Generando análisis técnico con llama3.1:8b...
2026-04-08 11:56:38,533 [INFO] 📡 [PNM] Calculando recursos de red con llama3.1:8b...
2026-04-08 11:56:52,140 [INFO] 🔄 INICIANDO RONDA: 3 | Moderador: llama3.1:8b
2026-04-08 11:57:01,147 [INFO] 📊 [DLB] Generando análisis técnico con llama3.1:8b...
2026-04-08 11:57:01,147 [INFO] 📡 [PNM] Calculando recursos de red con llama3.1:8b...
2026-04-08 11:57:14,322 [INFO] 🔄 INICIANDO RONDA: 4 | Moderador: llama3.1:8b
2026-04-08 11:57:25,849 [INFO] ⚖️ [JUEZ] Generando respuesta consenso con llama3.1:8b...
2026-04-08 11:57:34,242 [INFO]    ✅ Finalizado.
2026-04-08 11:57:35,244 [INFO] 👉 [43] Iniciando debate...
2026-04-08 11:57:35,244 [INFO] 🔄 INICIANDO RONDA: 0 | Moderador: llama3.1:8b
2026-04-08 11:57:43,492 [INFO] 📊 [DLB] Generando análisis técnico con llama3.1:8b...
2026-04-08 11:57:43,492 [INFO] 📡 [PNM] Calculando recursos de red con llama3.1:8b...
2026-04-08 11:57:55,286 [INFO] 🔄 INICIANDO RONDA: 1 | Moderador: llama3.1:8b
2026-04-08 11:58:01,029 [INFO] 📊 [DLB] Generando análisis técnico con llama3.1:8b...
2026-04-08 11:58:01,029 [INFO] 📡 [PNM] Calculando recursos de red con llama3.1:8b...
2026-04-08 11:58:16,430 [INFO] 🔄 INICIANDO RONDA: 2 | Moderador: llama3.1:8b
2026-04-08 11:58:26,677 [INFO] 📊 [DLB] Generando análisis técnico con llama3.1:8b...
2026-04-08 11:58:26,677 [INFO] 📡 [PNM] Calculando recursos de red con llama3.1:8b...
2026-04-08 11:58:45,201 [INFO] 🔄 INICIANDO RONDA: 3 | Moderador: llama3.1:8b
2026-04-08 11:58:56,786 [INFO] 📊 [DLB] Generando análisis técnico con llama3.1:8b...
2026-04-08 11:58:56,786 [INFO] 📡 [PNM] Calculando recursos de red con llama3.1:8b...
2026-04-08 11:59:13,445 [INFO] 🔄 INICIANDO RONDA: 4 | Moderador: llama3.1:8b
2026-04-08 11:59:23,994 [INFO] ⚖️ [JUEZ] Generando respuesta consenso con llama3.1:8b...
2026-04-08 11:59:32,837 [INFO]    ✅ Finalizado.
2026-04-08 11:59:33,843 [INFO] 👉 [44] Iniciando debate...
2026-04-08 11:59:33,843 [INFO] 🔄 INICIANDO RONDA: 0 | Moderador: llama3.1:8b
2026-04-08 11:59:39,700 [INFO] 📊 [DLB] Generando análisis técnico con llama3.1:8b...
2026-04-08 11:59:39,700 [INFO] 📡 [PNM] Calculando recursos de red con llama3.1:8b...
2026-04-08 11:59:51,440 [INFO] 🔄 INICIANDO RONDA: 1 | Moderador: llama3.1:8b
2026-04-08 11:59:59,507 [INFO] 📊 [DLB] Generando análisis técnico con llama3.1:8b...
2026-04-08 11:59:59,507 [INFO] 📡 [PNM] Calculando recursos de red con llama3.1:8b...
2026-04-08 12:00:11,837 [INFO] 🔄 INICIANDO RONDA: 2 | Moderador: llama3.1:8b
2026-04-08 12:00:21,981 [INFO] 📊 [DLB] Generando análisis técnico con llama3.1:8b...
2026-04-08 12:00:21,981 [INFO] 📡 [PNM] Calculando recursos de red con llama3.1:8b...
2026-04-08 12:00:34,558 [INFO] 🔄 INICIANDO RONDA: 3 | Moderador: llama3.1:8b
2026-04-08 12:00:44,091 [INFO] 📊 [DLB] Generando análisis técnico con llama3.1:8b...
2026-04-08 12:00:44,091 [INFO] 📡 [PNM] Calculando recursos de red con llama3.1:8b...
2026-04-08 12:00:56,319 [INFO] 🔄 INICIANDO RONDA: 4 | Moderador: llama3.1:8b
2026-04-08 12:01:04,987 [INFO] ⚖️ [JUEZ] Generando respuesta consenso con llama3.1:8b...
2026-04-08 12:01:13,551 [INFO]    ✅ Finalizado.
2026-04-08 12:01:14,553 [INFO] 👉 [45] Iniciando debate...
2026-04-08 12:01:14,553 [INFO] 🔄 INICIANDO RONDA: 0 | Moderador: llama3.1:8b
2026-04-08 12:01:19,817 [INFO] 📊 [DLB] Generando análisis técnico con llama3.1:8b...
2026-04-08 12:01:19,817 [INFO] 📡 [PNM] Calculando recursos de red con llama3.1:8b...
2026-04-08 12:01:29,242 [INFO] 🔄 INICIANDO RONDA: 1 | Moderador: llama3.1:8b
2026-04-08 12:01:35,052 [INFO] 📊 [DLB] Generando análisis técnico con llama3.1:8b...
2026-04-08 12:01:35,052 [INFO] 📡 [PNM] Calculando recursos de red con llama3.1:8b...
2026-04-08 12:01:46,533 [INFO] 🔄 INICIANDO RONDA: 2 | Moderador: llama3.1:8b
2026-04-08 12:01:52,871 [INFO] 📊 [DLB] Generando análisis técnico con llama3.1:8b...
2026-04-08 12:01:52,871 [INFO] 📡 [PNM] Calculando recursos de red con llama3.1:8b...
2026-04-08 12:02:05,474 [INFO] 🔄 INICIANDO RONDA: 3 | Moderador: llama3.1:8b
2026-04-08 12:02:15,217 [INFO] 📊 [DLB] Generando análisis técnico con llama3.1:8b...
2026-04-08 12:02:15,217 [INFO] 📡 [PNM] Calculando recursos de red con llama3.1:8b...
2026-04-08 12:02:28,971 [INFO] 🔄 INICIANDO RONDA: 4 | Moderador: llama3.1:8b
2026-04-08 12:02:39,164 [INFO] ⚖️ [JUEZ] Generando respuesta consenso con llama3.1:8b...
2026-04-08 12:02:46,705 [INFO]    ✅ Finalizado.
2026-04-08 12:02:47,720 [INFO] 👉 [46] Iniciando debate...
2026-04-08 12:02:47,720 [INFO] 🔄 INICIANDO RONDA: 0 | Moderador: llama3.1:8b
2026-04-08 12:02:55,015 [INFO] 📊 [DLB] Generando análisis técnico con llama3.1:8b...
2026-04-08 12:02:55,015 [INFO] 📡 [PNM] Calculando recursos de red con llama3.1:8b...
2026-04-08 12:03:07,270 [INFO] 🔄 INICIANDO RONDA: 1 | Moderador: llama3.1:8b
2026-04-08 12:03:14,198 [INFO] 📊 [DLB] Generando análisis técnico con llama3.1:8b...
2026-04-08 12:03:14,198 [INFO] 📡 [PNM] Calculando recursos de red con llama3.1:8b...
2026-04-08 12:03:28,369 [INFO] 🔄 INICIANDO RONDA: 2 | Moderador: llama3.1:8b
2026-04-08 12:03:36,581 [INFO] 📊 [DLB] Generando análisis técnico con llama3.1:8b...
2026-04-08 12:03:36,581 [INFO] 📡 [PNM] Calculando recursos de red con llama3.1:8b...
2026-04-08 12:03:52,200 [INFO] 🔄 INICIANDO RONDA: 3 | Moderador: llama3.1:8b
2026-04-08 12:04:01,592 [INFO] 📊 [DLB] Generando análisis técnico con llama3.1:8b...
2026-04-08 12:04:01,592 [INFO] 📡 [PNM] Calculando recursos de red con llama3.1:8b...
2026-04-08 12:04:21,246 [INFO] 🔄 INICIANDO RONDA: 4 | Moderador: llama3.1:8b
2026-04-08 12:04:32,672 [INFO] ⚖️ [JUEZ] Generando respuesta consenso con llama3.1:8b...
2026-04-08 12:04:42,895 [INFO]    ✅ Finalizado.
2026-04-08 12:04:43,898 [INFO] 📁 Procesando archivo: aeronautical-ad-hoc-networking-for-the-internet-above-the-clouds_salida.txt
2026-04-08 12:04:43,898 [INFO] 👉 [47] Iniciando debate...
2026-04-08 12:04:43,898 [INFO] 🔄 INICIANDO RONDA: 0 | Moderador: llama3.1:8b
2026-04-08 12:04:49,976 [INFO] 📊 [DLB] Generando análisis técnico con llama3.1:8b...
2026-04-08 12:04:49,976 [INFO] 📡 [PNM] Calculando recursos de red con llama3.1:8b...
2026-04-08 12:04:58,795 [INFO] 🔄 INICIANDO RONDA: 1 | Moderador: llama3.1:8b
2026-04-08 12:05:04,334 [INFO] 📊 [DLB] Generando análisis técnico con llama3.1:8b...
2026-04-08 12:05:04,334 [INFO] 📡 [PNM] Calculando recursos de red con llama3.1:8b...
2026-04-08 12:05:14,198 [INFO] 🔄 INICIANDO RONDA: 2 | Moderador: llama3.1:8b
2026-04-08 12:05:23,036 [INFO] 📊 [DLB] Generando análisis técnico con llama3.1:8b...
2026-04-08 12:05:23,036 [INFO] 📡 [PNM] Calculando recursos de red con llama3.1:8b...
2026-04-08 12:05:36,244 [INFO] 🔄 INICIANDO RONDA: 3 | Moderador: llama3.1:8b
2026-04-08 12:05:45,022 [INFO] 📊 [DLB] Generando análisis técnico con llama3.1:8b...
2026-04-08 12:05:45,022 [INFO] 📡 [PNM] Calculando recursos de red con llama3.1:8b...
2026-04-08 12:05:59,140 [INFO] 🔄 INICIANDO RONDA: 4 | Moderador: llama3.1:8b
2026-04-08 12:06:09,263 [INFO] ⚖️ [JUEZ] Generando respuesta consenso con llama3.1:8b...
2026-04-08 12:06:17,262 [INFO]    ✅ Finalizado.
2026-04-08 12:06:18,262 [INFO] 👉 [48] Iniciando debate...
2026-04-08 12:06:18,262 [INFO] 🔄 INICIANDO RONDA: 0 | Moderador: llama3.1:8b
2026-04-08 12:06:25,124 [INFO] 📊 [DLB] Generando análisis técnico con llama3.1:8b...
2026-04-08 12:06:25,124 [INFO] 📡 [PNM] Calculando recursos de red con llama3.1:8b...
2026-04-08 12:06:34,758 [INFO] 🔄 INICIANDO RONDA: 1 | Moderador: llama3.1:8b
2026-04-08 12:06:42,514 [INFO] 📊 [DLB] Generando análisis técnico con llama3.1:8b...
2026-04-08 12:06:42,514 [INFO] 📡 [PNM] Calculando recursos de red con llama3.1:8b...
2026-04-08 12:06:55,923 [INFO] 🔄 INICIANDO RONDA: 2 | Moderador: llama3.1:8b
2026-04-08 12:07:06,877 [INFO] 📊 [DLB] Generando análisis técnico con llama3.1:8b...
2026-04-08 12:07:06,877 [INFO] 📡 [PNM] Calculando recursos de red con llama3.1:8b...
2026-04-08 12:07:20,401 [INFO] 🔄 INICIANDO RONDA: 3 | Moderador: llama3.1:8b
2026-04-08 12:07:32,066 [INFO] 📊 [DLB] Generando análisis técnico con llama3.1:8b...
2026-04-08 12:07:32,066 [INFO] 📡 [PNM] Calculando recursos de red con llama3.1:8b...
2026-04-08 12:07:45,040 [INFO] 🔄 INICIANDO RONDA: 4 | Moderador: llama3.1:8b
2026-04-08 12:07:55,903 [INFO] ⚖️ [JUEZ] Generando respuesta consenso con llama3.1:8b...
2026-04-08 12:08:03,948 [INFO]    ✅ Finalizado.
2026-04-08 12:08:04,959 [INFO] 👉 [49] Iniciando debate...
2026-04-08 12:08:04,959 [INFO] 🔄 INICIANDO RONDA: 0 | Moderador: llama3.1:8b
2026-04-08 12:08:13,513 [INFO] 📊 [DLB] Generando análisis técnico con llama3.1:8b...
2026-04-08 12:08:13,513 [INFO] 📡 [PNM] Calculando recursos de red con llama3.1:8b...
2026-04-08 12:08:22,883 [INFO] 🔄 INICIANDO RONDA: 1 | Moderador: llama3.1:8b
2026-04-08 12:08:30,023 [INFO] 📊 [DLB] Generando análisis técnico con llama3.1:8b...
2026-04-08 12:08:30,023 [INFO] 📡 [PNM] Calculando recursos de red con llama3.1:8b...
2026-04-08 12:08:41,658 [INFO] 🔄 INICIANDO RONDA: 2 | Moderador: llama3.1:8b
2026-04-08 12:08:50,237 [INFO] 📊 [DLB] Generando análisis técnico con llama3.1:8b...
2026-04-08 12:08:50,237 [INFO] 📡 [PNM] Calculando recursos de red con llama3.1:8b...
2026-04-08 12:09:06,759 [INFO] 🔄 INICIANDO RONDA: 3 | Moderador: llama3.1:8b
2026-04-08 12:09:17,358 [INFO] 📊 [DLB] Generando análisis técnico con llama3.1:8b...
2026-04-08 12:09:17,358 [INFO] 📡 [PNM] Calculando recursos de red con llama3.1:8b...
2026-04-08 12:09:34,152 [INFO] 🔄 INICIANDO RONDA: 4 | Moderador: llama3.1:8b
2026-04-08 12:09:45,078 [INFO] ⚖️ [JUEZ] Generando respuesta consenso con llama3.1:8b...
2026-04-08 12:09:54,217 [INFO]    ✅ Finalizado.
2026-04-08 12:09:55,226 [INFO] 👉 [50] Iniciando debate...
2026-04-08 12:09:55,226 [INFO] 🔄 INICIANDO RONDA: 0 | Moderador: llama3.1:8b
2026-04-08 12:10:02,804 [INFO] 📊 [DLB] Generando análisis técnico con llama3.1:8b...
2026-04-08 12:10:02,804 [INFO] 📡 [PNM] Calculando recursos de red con llama3.1:8b...
2026-04-08 12:10:13,809 [INFO] 🔄 INICIANDO RONDA: 1 | Moderador: llama3.1:8b
2026-04-08 12:10:21,197 [INFO] 📊 [DLB] Generando análisis técnico con llama3.1:8b...
2026-04-08 12:10:21,197 [INFO] 📡 [PNM] Calculando recursos de red con llama3.1:8b...
2026-04-08 12:10:35,195 [INFO] 🔄 INICIANDO RONDA: 2 | Moderador: llama3.1:8b
2026-04-08 12:10:43,590 [INFO] 📊 [DLB] Generando análisis técnico con llama3.1:8b...
2026-04-08 12:10:43,590 [INFO] 📡 [PNM] Calculando recursos de red con llama3.1:8b...
2026-04-08 12:10:57,448 [INFO] 🔄 INICIANDO RONDA: 3 | Moderador: llama3.1:8b
2026-04-08 12:11:05,206 [INFO] 📊 [DLB] Generando análisis técnico con llama3.1:8b...
2026-04-08 12:11:05,206 [INFO] 📡 [PNM] Calculando recursos de red con llama3.1:8b...
2026-04-08 12:11:17,331 [INFO] 🔄 INICIANDO RONDA: 4 | Moderador: llama3.1:8b
2026-04-08 12:11:25,685 [INFO] ⚖️ [JUEZ] Generando respuesta consenso con llama3.1:8b...
2026-04-08 12:11:33,803 [INFO]    ✅ Finalizado.
2026-04-08 12:11:34,806 [INFO] 👉 [51] Iniciando debate...
2026-04-08 12:11:34,806 [INFO] 🔄 INICIANDO RONDA: 0 | Moderador: llama3.1:8b
2026-04-08 12:56:59,392 [INFO] 📁 Procesando archivo: a-compact-low-noise-frontend-for-interleaved-rx-tx-arrays-at-k-ka-band_salida.txt
2026-04-08 12:56:59,392 [INFO] 👉 [1] Iniciando debate...
2026-04-08 12:56:59,408 [INFO] 🔄 INICIANDO RONDA: 0 | Moderador: llama3.3:70b
2026-04-08 12:57:25,025 [INFO] 📊 [DLB] Generando análisis técnico con deepseek-r1:70b...
2026-04-08 12:57:25,027 [INFO] 📡 [PNM] Calculando recursos de red con qwen2.5:72b...
2026-04-08 13:02:06,416 [INFO] 📁 Procesando archivo: a-compact-low-noise-frontend-for-interleaved-rx-tx-arrays-at-k-ka-band_salida.txt
2026-04-08 13:02:06,416 [INFO] 👉 [1] Iniciando debate...
2026-04-08 13:02:06,431 [INFO] 🔄 INICIANDO RONDA: 0 | Moderador: llama3.3:70b
2026-04-08 13:03:13,315 [INFO] 📊 [DLB] Generando análisis técnico con llama3.3:70b...
2026-04-08 13:03:13,315 [INFO] 📡 [PNM] Calculando recursos de red con llama3.3:70b...
2026-04-08 13:04:13,122 [INFO] 🔄 INICIANDO RONDA: 1 | Moderador: llama3.3:70b
2026-04-08 13:04:42,851 [INFO] 📊 [DLB] Generando análisis técnico con llama3.3:70b...
2026-04-08 13:04:42,851 [INFO] 📡 [PNM] Calculando recursos de red con llama3.3:70b...
2026-04-08 13:05:49,742 [INFO] 🔄 INICIANDO RONDA: 2 | Moderador: llama3.3:70b
2026-04-08 13:06:26,182 [INFO] 📊 [DLB] Generando análisis técnico con llama3.3:70b...
2026-04-08 13:06:26,182 [INFO] 📡 [PNM] Calculando recursos de red con llama3.3:70b...
2026-04-08 13:07:21,502 [INFO] 🔄 INICIANDO RONDA: 3 | Moderador: llama3.3:70b
2026-04-08 13:07:58,895 [INFO] 📊 [DLB] Generando análisis técnico con llama3.3:70b...
2026-04-08 13:07:58,895 [INFO] 📡 [PNM] Calculando recursos de red con llama3.3:70b...
2026-04-08 13:08:50,325 [INFO] 🔄 INICIANDO RONDA: 4 | Moderador: llama3.3:70b
2026-04-08 13:09:27,086 [INFO] ⚖️ [JUEZ] Generando respuesta consenso con llama3.3:70b...
2026-04-08 13:10:14,564 [INFO]    ✅ Finalizado.
2026-04-08 13:10:15,576 [INFO] 📁 Procesando archivo: a-compact-lowpass-filter-for-satellite-communication-systems-based-on-transfer-function-analysis_salida.txt
2026-04-08 13:10:15,576 [INFO] 👉 [2] Iniciando debate...
2026-04-08 13:10:15,576 [INFO] 🔄 INICIANDO RONDA: 0 | Moderador: llama3.3:70b
2026-04-08 13:10:47,540 [INFO] 📊 [DLB] Generando análisis técnico con llama3.3:70b...
2026-04-08 13:10:47,540 [INFO] 📡 [PNM] Calculando recursos de red con llama3.3:70b...
2026-04-08 13:11:38,724 [INFO] 🔄 INICIANDO RONDA: 1 | Moderador: llama3.3:70b
2026-04-08 13:12:06,171 [INFO] 📊 [DLB] Generando análisis técnico con llama3.3:70b...
2026-04-08 13:12:06,171 [INFO] 📡 [PNM] Calculando recursos de red con llama3.3:70b...
2026-04-08 13:13:00,075 [INFO] 🔄 INICIANDO RONDA: 2 | Moderador: llama3.3:70b
2026-04-08 13:13:29,600 [INFO] 📊 [DLB] Generando análisis técnico con llama3.3:70b...
2026-04-08 13:13:29,600 [INFO] 📡 [PNM] Calculando recursos de red con llama3.3:70b...
2026-04-08 13:14:28,109 [INFO] 🔄 INICIANDO RONDA: 3 | Moderador: llama3.3:70b
2026-04-08 13:14:58,911 [INFO] 📊 [DLB] Generando análisis técnico con llama3.3:70b...
2026-04-08 13:14:58,911 [INFO] 📡 [PNM] Calculando recursos de red con llama3.3:70b...
2026-04-08 13:15:51,879 [INFO] 🔄 INICIANDO RONDA: 4 | Moderador: llama3.3:70b
2026-04-08 13:16:22,369 [INFO] ⚖️ [JUEZ] Generando respuesta consenso con llama3.3:70b...
2026-04-08 13:17:01,533 [INFO]    ✅ Finalizado.
2026-04-08 13:17:02,535 [INFO] 👉 [3] Iniciando debate...
2026-04-08 13:17:02,535 [INFO] 🔄 INICIANDO RONDA: 0 | Moderador: llama3.3:70b
2026-04-08 13:17:21,961 [INFO] 📊 [DLB] Generando análisis técnico con llama3.3:70b...
2026-04-08 13:17:21,961 [INFO] 📡 [PNM] Calculando recursos de red con llama3.3:70b...
2026-04-08 13:18:16,793 [INFO] 🔄 INICIANDO RONDA: 1 | Moderador: llama3.3:70b
2026-04-08 13:18:46,979 [INFO] 📊 [DLB] Generando análisis técnico con llama3.3:70b...
2026-04-08 13:18:46,979 [INFO] 📡 [PNM] Calculando recursos de red con llama3.3:70b...
2026-04-08 13:19:43,995 [INFO] 🔄 INICIANDO RONDA: 2 | Moderador: llama3.3:70b
2026-04-08 13:20:21,119 [INFO] 📊 [DLB] Generando análisis técnico con llama3.3:70b...
2026-04-08 13:20:21,119 [INFO] 📡 [PNM] Calculando recursos de red con llama3.3:70b...
2026-04-08 13:21:18,668 [INFO] 🔄 INICIANDO RONDA: 3 | Moderador: llama3.3:70b
2026-04-08 13:21:57,490 [INFO] 📊 [DLB] Generando análisis técnico con llama3.3:70b...
2026-04-08 13:21:57,490 [INFO] 📡 [PNM] Calculando recursos de red con llama3.3:70b...
2026-04-08 13:23:06,623 [INFO] 🔄 INICIANDO RONDA: 4 | Moderador: llama3.3:70b
2026-04-08 13:23:44,661 [INFO] ⚖️ [JUEZ] Generando respuesta consenso con llama3.3:70b...
2026-04-08 13:24:32,637 [INFO]    ✅ Finalizado.
2026-04-08 13:24:33,641 [INFO] 👉 [4] Iniciando debate...
2026-04-08 13:24:33,641 [INFO] 🔄 INICIANDO RONDA: 0 | Moderador: llama3.3:70b
2026-04-08 13:24:55,025 [INFO] 📊 [DLB] Generando análisis técnico con llama3.3:70b...
2026-04-08 13:24:55,025 [INFO] 📡 [PNM] Calculando recursos de red con llama3.3:70b...
2026-04-08 13:25:52,459 [INFO] 🔄 INICIANDO RONDA: 1 | Moderador: llama3.3:70b
2026-04-08 13:26:22,676 [INFO] 📊 [DLB] Generando análisis técnico con llama3.3:70b...
2026-04-08 13:26:22,676 [INFO] 📡 [PNM] Calculando recursos de red con llama3.3:70b...
2026-04-08 13:27:16,639 [INFO] 🔄 INICIANDO RONDA: 2 | Moderador: llama3.3:70b
2026-04-08 13:27:50,799 [INFO] 📊 [DLB] Generando análisis técnico con llama3.3:70b...
2026-04-08 13:27:50,799 [INFO] 📡 [PNM] Calculando recursos de red con llama3.3:70b...
2026-04-08 13:28:49,653 [INFO] 🔄 INICIANDO RONDA: 3 | Moderador: llama3.3:70b
2026-04-08 13:29:31,560 [INFO] 📊 [DLB] Generando análisis técnico con llama3.3:70b...
2026-04-08 13:29:31,560 [INFO] 📡 [PNM] Calculando recursos de red con llama3.3:70b...
2026-04-08 13:30:30,611 [INFO] 🔄 INICIANDO RONDA: 4 | Moderador: llama3.3:70b
2026-04-08 13:31:37,225 [INFO] ⚖️ [JUEZ] Generando respuesta consenso con llama3.3:70b...
2026-04-08 13:32:15,971 [INFO]    ✅ Finalizado.
2026-04-08 13:32:16,982 [INFO] 👉 [5] Iniciando debate...
2026-04-08 13:32:16,982 [INFO] 🔄 INICIANDO RONDA: 0 | Moderador: llama3.3:70b
2026-04-08 13:32:39,453 [INFO] 📊 [DLB] Generando análisis técnico con llama3.3:70b...
2026-04-08 13:32:39,453 [INFO] 📡 [PNM] Calculando recursos de red con llama3.3:70b...
2026-04-08 13:33:40,292 [INFO] 🔄 INICIANDO RONDA: 1 | Moderador: llama3.3:70b
2026-04-08 13:34:07,570 [INFO] 📊 [DLB] Generando análisis técnico con llama3.3:70b...
2026-04-08 13:34:07,570 [INFO] 📡 [PNM] Calculando recursos de red con llama3.3:70b...
2026-04-08 13:35:11,333 [INFO] 🔄 INICIANDO RONDA: 2 | Moderador: llama3.3:70b
2026-04-08 13:35:45,643 [INFO] 📊 [DLB] Generando análisis técnico con llama3.3:70b...
2026-04-08 13:35:45,643 [INFO] 📡 [PNM] Calculando recursos de red con llama3.3:70b...
2026-04-08 13:36:45,413 [INFO] 🔄 INICIANDO RONDA: 3 | Moderador: llama3.3:70b
2026-04-08 13:37:23,037 [INFO] 📊 [DLB] Generando análisis técnico con llama3.3:70b...
2026-04-08 13:37:23,037 [INFO] 📡 [PNM] Calculando recursos de red con llama3.3:70b...
2026-04-08 13:38:27,815 [INFO] 🔄 INICIANDO RONDA: 4 | Moderador: llama3.3:70b
2026-04-08 13:39:06,903 [INFO] ⚖️ [JUEZ] Generando respuesta consenso con llama3.3:70b...
2026-04-08 13:39:45,793 [INFO]    ✅ Finalizado.
2026-04-08 13:39:46,807 [INFO] 📁 Procesando archivo: a-framework-to-classify-heterogeneous-internet-traffic-with-machine-learning-and-deep-learning-techniques-for-satellite-communications_salida.txt
2026-04-08 13:39:46,807 [INFO] 👉 [6] Iniciando debate...
2026-04-08 13:39:46,807 [INFO] 🔄 INICIANDO RONDA: 0 | Moderador: llama3.3:70b
2026-04-08 13:40:07,345 [INFO] 📊 [DLB] Generando análisis técnico con llama3.3:70b...
2026-04-08 13:40:07,345 [INFO] 📡 [PNM] Calculando recursos de red con llama3.3:70b...
2026-04-08 13:41:09,245 [INFO] 🔄 INICIANDO RONDA: 1 | Moderador: llama3.3:70b
2026-04-08 13:41:47,854 [INFO] 📊 [DLB] Generando análisis técnico con llama3.3:70b...
2026-04-08 13:41:47,854 [INFO] 📡 [PNM] Calculando recursos de red con llama3.3:70b...
2026-04-08 13:42:54,882 [INFO] 🔄 INICIANDO RONDA: 2 | Moderador: llama3.3:70b
2026-04-08 13:43:33,036 [INFO] 📊 [DLB] Generando análisis técnico con llama3.3:70b...
2026-04-08 13:43:33,036 [INFO] 📡 [PNM] Calculando recursos de red con llama3.3:70b...
2026-04-08 13:44:35,669 [INFO] 🔄 INICIANDO RONDA: 3 | Moderador: llama3.3:70b
2026-04-08 13:45:21,758 [INFO] 📊 [DLB] Generando análisis técnico con llama3.3:70b...
2026-04-08 13:45:21,758 [INFO] 📡 [PNM] Calculando recursos de red con llama3.3:70b...
2026-04-08 13:46:36,633 [INFO] 🔄 INICIANDO RONDA: 4 | Moderador: llama3.3:70b
2026-04-08 13:47:26,526 [INFO] ⚖️ [JUEZ] Generando respuesta consenso con llama3.3:70b...
2026-04-08 13:48:09,269 [INFO]    ✅ Finalizado.
2026-04-08 13:48:10,276 [INFO] 👉 [7] Iniciando debate...
2026-04-08 13:48:10,276 [INFO] 🔄 INICIANDO RONDA: 0 | Moderador: llama3.3:70b
2026-04-08 13:48:32,413 [INFO] 📊 [DLB] Generando análisis técnico con llama3.3:70b...
2026-04-08 13:48:32,413 [INFO] 📡 [PNM] Calculando recursos de red con llama3.3:70b...
2026-04-08 13:49:25,018 [INFO] 🔄 INICIANDO RONDA: 1 | Moderador: llama3.3:70b
2026-04-08 13:50:01,735 [INFO] 📊 [DLB] Generando análisis técnico con llama3.3:70b...
2026-04-08 13:50:01,735 [INFO] 📡 [PNM] Calculando recursos de red con llama3.3:70b...
2026-04-08 13:50:55,604 [INFO] 🔄 INICIANDO RONDA: 2 | Moderador: llama3.3:70b
2026-04-08 13:51:39,299 [INFO] 📊 [DLB] Generando análisis técnico con llama3.3:70b...
2026-04-08 13:51:39,299 [INFO] 📡 [PNM] Calculando recursos de red con llama3.3:70b...
2026-04-08 13:52:34,656 [INFO] 🔄 INICIANDO RONDA: 3 | Moderador: llama3.3:70b
2026-04-08 13:53:09,929 [INFO] 📊 [DLB] Generando análisis técnico con llama3.3:70b...
2026-04-08 13:53:09,929 [INFO] 📡 [PNM] Calculando recursos de red con llama3.3:70b...
2026-04-08 13:54:01,804 [INFO] 🔄 INICIANDO RONDA: 4 | Moderador: llama3.3:70b
2026-04-08 13:54:39,566 [INFO] ⚖️ [JUEZ] Generando respuesta consenso con llama3.3:70b...
2026-04-08 13:55:17,938 [INFO]    ✅ Finalizado.
2026-04-08 13:55:18,944 [INFO] 👉 [8] Iniciando debate...
2026-04-08 13:55:18,944 [INFO] 🔄 INICIANDO RONDA: 0 | Moderador: llama3.3:70b
2026-04-08 13:55:40,916 [INFO] 📊 [DLB] Generando análisis técnico con llama3.3:70b...
2026-04-08 13:55:40,916 [INFO] 📡 [PNM] Calculando recursos de red con llama3.3:70b...
2026-04-08 13:56:39,873 [INFO] 🔄 INICIANDO RONDA: 1 | Moderador: llama3.3:70b
2026-04-08 13:57:12,260 [INFO] 📊 [DLB] Generando análisis técnico con llama3.3:70b...
2026-04-08 13:57:12,260 [INFO] 📡 [PNM] Calculando recursos de red con llama3.3:70b...
2026-04-08 13:58:16,514 [INFO] 🔄 INICIANDO RONDA: 2 | Moderador: llama3.3:70b
2026-04-08 13:58:54,716 [INFO] 📊 [DLB] Generando análisis técnico con llama3.3:70b...
2026-04-08 13:58:54,716 [INFO] 📡 [PNM] Calculando recursos de red con llama3.3:70b...
2026-04-08 14:00:01,162 [INFO] 🔄 INICIANDO RONDA: 3 | Moderador: llama3.3:70b
2026-04-08 14:00:41,729 [INFO] 📊 [DLB] Generando análisis técnico con llama3.3:70b...
2026-04-08 14:00:41,729 [INFO] 📡 [PNM] Calculando recursos de red con llama3.3:70b...
2026-04-08 14:01:39,331 [INFO] 🔄 INICIANDO RONDA: 4 | Moderador: llama3.3:70b
2026-04-08 14:02:20,801 [INFO] ⚖️ [JUEZ] Generando respuesta consenso con llama3.3:70b...
2026-04-08 14:02:59,603 [INFO]    ✅ Finalizado.
2026-04-08 14:03:00,607 [INFO] 👉 [9] Iniciando debate...
2026-04-08 14:03:00,607 [INFO] 🔄 INICIANDO RONDA: 0 | Moderador: llama3.3:70b
2026-04-08 14:03:29,815 [INFO] 📊 [DLB] Generando análisis técnico con llama3.3:70b...
2026-04-08 14:03:29,815 [INFO] 📡 [PNM] Calculando recursos de red con llama3.3:70b...
2026-04-08 14:04:29,371 [INFO] 🔄 INICIANDO RONDA: 1 | Moderador: llama3.3:70b
2026-04-08 14:04:59,715 [INFO] 📊 [DLB] Generando análisis técnico con llama3.3:70b...
2026-04-08 14:04:59,715 [INFO] 📡 [PNM] Calculando recursos de red con llama3.3:70b...
2026-04-08 14:05:55,968 [INFO] 🔄 INICIANDO RONDA: 2 | Moderador: llama3.3:70b
2026-04-08 14:06:28,108 [INFO] 📊 [DLB] Generando análisis técnico con llama3.3:70b...
2026-04-08 14:06:28,108 [INFO] 📡 [PNM] Calculando recursos de red con llama3.3:70b...
2026-04-08 14:07:29,833 [INFO] 🔄 INICIANDO RONDA: 3 | Moderador: llama3.3:70b
2026-04-08 14:08:08,984 [INFO] 📊 [DLB] Generando análisis técnico con llama3.3:70b...
2026-04-08 14:08:08,984 [INFO] 📡 [PNM] Calculando recursos de red con llama3.3:70b...
2026-04-08 14:09:17,830 [INFO] 🔄 INICIANDO RONDA: 4 | Moderador: llama3.3:70b
2026-04-08 14:09:57,918 [INFO] ⚖️ [JUEZ] Generando respuesta consenso con llama3.3:70b...
2026-04-08 14:10:38,062 [INFO]    ✅ Finalizado.
2026-04-08 14:10:39,077 [INFO] 👉 [10] Iniciando debate...
2026-04-08 14:10:39,077 [INFO] 🔄 INICIANDO RONDA: 0 | Moderador: llama3.3:70b
2026-04-08 14:11:04,174 [INFO] 📊 [DLB] Generando análisis técnico con llama3.3:70b...
2026-04-08 14:11:04,174 [INFO] 📡 [PNM] Calculando recursos de red con llama3.3:70b...
2026-04-08 14:11:59,985 [INFO] 🔄 INICIANDO RONDA: 1 | Moderador: llama3.3:70b
2026-04-08 14:12:28,165 [INFO] 📊 [DLB] Generando análisis técnico con llama3.3:70b...
2026-04-08 14:12:28,165 [INFO] 📡 [PNM] Calculando recursos de red con llama3.3:70b...
2026-04-08 14:13:30,386 [INFO] 🔄 INICIANDO RONDA: 2 | Moderador: llama3.3:70b
2026-04-08 14:14:15,999 [INFO] 📊 [DLB] Generando análisis técnico con llama3.3:70b...
2026-04-08 14:14:15,999 [INFO] 📡 [PNM] Calculando recursos de red con llama3.3:70b...
2026-04-08 14:15:20,069 [INFO] 🔄 INICIANDO RONDA: 3 | Moderador: llama3.3:70b
2026-04-08 14:16:04,945 [INFO] 📊 [DLB] Generando análisis técnico con llama3.3:70b...
2026-04-08 14:16:04,945 [INFO] 📡 [PNM] Calculando recursos de red con llama3.3:70b...
2026-04-08 14:17:10,867 [INFO] 🔄 INICIANDO RONDA: 4 | Moderador: llama3.3:70b
2026-04-08 14:17:56,369 [INFO] ⚖️ [JUEZ] Generando respuesta consenso con llama3.3:70b...
2026-04-08 14:18:36,223 [INFO]    ✅ Finalizado.
2026-04-08 14:18:37,229 [INFO] 👉 [11] Iniciando debate...
2026-04-08 14:18:37,229 [INFO] 🔄 INICIANDO RONDA: 0 | Moderador: llama3.3:70b
2026-04-08 14:18:59,221 [INFO] 📊 [DLB] Generando análisis técnico con llama3.3:70b...
2026-04-08 14:18:59,221 [INFO] 📡 [PNM] Calculando recursos de red con llama3.3:70b...
2026-04-08 14:19:48,171 [INFO] 🔄 INICIANDO RONDA: 1 | Moderador: llama3.3:70b
2026-04-08 14:20:14,153 [INFO] 📊 [DLB] Generando análisis técnico con llama3.3:70b...
2026-04-08 14:20:14,153 [INFO] 📡 [PNM] Calculando recursos de red con llama3.3:70b...
2026-04-08 14:21:02,876 [INFO] 🔄 INICIANDO RONDA: 2 | Moderador: llama3.3:70b
2026-04-08 14:21:37,297 [INFO] 📊 [DLB] Generando análisis técnico con llama3.3:70b...
2026-04-08 14:21:37,297 [INFO] 📡 [PNM] Calculando recursos de red con llama3.3:70b...
2026-04-08 14:22:32,053 [INFO] 🔄 INICIANDO RONDA: 3 | Moderador: llama3.3:70b
2026-04-08 14:23:09,980 [INFO] 📊 [DLB] Generando análisis técnico con llama3.3:70b...
2026-04-08 14:23:09,980 [INFO] 📡 [PNM] Calculando recursos de red con llama3.3:70b...
2026-04-08 14:24:10,163 [INFO] 🔄 INICIANDO RONDA: 4 | Moderador: llama3.3:70b
2026-04-08 14:24:42,583 [INFO] ⚖️ [JUEZ] Generando respuesta consenso con llama3.3:70b...
2026-04-08 14:25:22,394 [INFO]    ✅ Finalizado.
2026-04-08 14:25:23,401 [INFO] 👉 [12] Iniciando debate...
2026-04-08 14:25:23,401 [INFO] 🔄 INICIANDO RONDA: 0 | Moderador: llama3.3:70b
2026-04-08 14:25:45,742 [INFO] 📊 [DLB] Generando análisis técnico con llama3.3:70b...
2026-04-08 14:25:45,742 [INFO] 📡 [PNM] Calculando recursos de red con llama3.3:70b...
2026-04-08 14:26:44,695 [INFO] 🔄 INICIANDO RONDA: 1 | Moderador: llama3.3:70b
2026-04-08 14:27:10,964 [INFO] 📊 [DLB] Generando análisis técnico con llama3.3:70b...
2026-04-08 14:27:10,964 [INFO] 📡 [PNM] Calculando recursos de red con llama3.3:70b...
2026-04-08 14:28:13,737 [INFO] 🔄 INICIANDO RONDA: 2 | Moderador: llama3.3:70b
2026-04-08 14:28:57,102 [INFO] 📊 [DLB] Generando análisis técnico con llama3.3:70b...
2026-04-08 14:28:57,102 [INFO] 📡 [PNM] Calculando recursos de red con llama3.3:70b...
2026-04-08 14:29:54,564 [INFO] 🔄 INICIANDO RONDA: 3 | Moderador: llama3.3:70b
2026-04-08 14:30:35,514 [INFO] 📊 [DLB] Generando análisis técnico con llama3.3:70b...
2026-04-08 14:30:35,514 [INFO] 📡 [PNM] Calculando recursos de red con llama3.3:70b...
2026-04-08 14:31:34,375 [INFO] 🔄 INICIANDO RONDA: 4 | Moderador: llama3.3:70b
2026-04-08 14:32:16,025 [INFO] ⚖️ [JUEZ] Generando respuesta consenso con llama3.3:70b...
2026-04-08 14:33:00,497 [INFO]    ✅ Finalizado.
2026-04-08 14:33:01,501 [INFO] 📁 Procesando archivo: a-ka-band-satcom-transceiver-in-65-nm-cmos-with-high-linearity-tx-and-dual-channel-wide-dynamic-range-rx-for-terrestrial-terminal_salida.txt
2026-04-08 14:33:01,501 [INFO] 👉 [13] Iniciando debate...
2026-04-08 14:33:01,501 [INFO] 🔄 INICIANDO RONDA: 0 | Moderador: llama3.3:70b
2026-04-09 09:40:28,715 [INFO] 📁 Procesando archivo: a-compact-low-noise-frontend-for-interleaved-rx-tx-arrays-at-k-ka-band_salida.txt
2026-04-09 09:40:28,731 [INFO] 📁 Procesando archivo: a-compact-lowpass-filter-for-satellite-communication-systems-based-on-transfer-function-analysis_salida.txt
2026-04-09 09:40:28,731 [INFO] 📁 Procesando archivo: a-framework-to-classify-heterogeneous-internet-traffic-with-machine-learning-and-deep-learning-techniques-for-satellite-communications_salida.txt
2026-04-09 09:40:28,746 [INFO] 📁 Procesando archivo: a-ka-band-satcom-transceiver-in-65-nm-cmos-with-high-linearity-tx-and-dual-channel-wide-dynamic-range-rx-for-terrestrial-terminal_salida.txt
2026-04-09 09:40:28,746 [INFO] 👉 [13] Iniciando debate...
2026-04-09 09:40:28,777 [INFO] 🔄 INICIANDO RONDA: 0 | Moderador: llama3.3:70b
2026-04-09 09:41:31,567 [INFO] 📊 [DLB] Generando análisis técnico con llama3.3:70b...
2026-04-09 09:41:31,567 [INFO] 📡 [PNM] Calculando recursos de red con llama3.3:70b...
2026-04-09 09:42:39,440 [INFO] 🔄 INICIANDO RONDA: 1 | Moderador: llama3.3:70b
2026-04-09 09:43:11,027 [INFO] 📊 [DLB] Generando análisis técnico con llama3.3:70b...
2026-04-09 09:43:11,027 [INFO] 📡 [PNM] Calculando recursos de red con llama3.3:70b...
2026-04-09 09:44:12,739 [INFO] 🔄 INICIANDO RONDA: 2 | Moderador: llama3.3:70b
2026-04-09 09:44:51,798 [INFO] 📊 [DLB] Generando análisis técnico con llama3.3:70b...
2026-04-09 09:44:51,798 [INFO] 📡 [PNM] Calculando recursos de red con llama3.3:70b...
2026-04-09 09:45:50,586 [INFO] 🔄 INICIANDO RONDA: 3 | Moderador: llama3.3:70b
2026-04-09 09:46:33,852 [INFO] 📊 [DLB] Generando análisis técnico con llama3.3:70b...
2026-04-09 09:46:33,852 [INFO] 📡 [PNM] Calculando recursos de red con llama3.3:70b...
2026-04-09 09:47:36,112 [INFO] 🔄 INICIANDO RONDA: 4 | Moderador: llama3.3:70b
2026-04-09 09:48:16,909 [INFO] ⚖️ [JUEZ] Generando respuesta consenso con llama3.3:70b...
2026-04-09 09:49:12,090 [INFO]    ✅ Finalizado.
2026-04-09 09:49:13,100 [INFO] 👉 [14] Iniciando debate...
2026-04-09 09:49:13,100 [INFO] 🔄 INICIANDO RONDA: 0 | Moderador: llama3.3:70b
2026-04-09 09:49:47,420 [INFO] 📊 [DLB] Generando análisis técnico con llama3.3:70b...
2026-04-09 09:49:47,420 [INFO] 📡 [PNM] Calculando recursos de red con llama3.3:70b...
2026-04-09 09:50:50,527 [INFO] 🔄 INICIANDO RONDA: 1 | Moderador: llama3.3:70b
2026-04-09 09:51:21,669 [INFO] 📊 [DLB] Generando análisis técnico con llama3.3:70b...
2026-04-09 09:51:21,669 [INFO] 📡 [PNM] Calculando recursos de red con llama3.3:70b...
2026-04-09 09:52:31,092 [INFO] 🔄 INICIANDO RONDA: 2 | Moderador: llama3.3:70b
2026-04-09 09:53:08,294 [INFO] 📊 [DLB] Generando análisis técnico con llama3.3:70b...
2026-04-09 09:53:08,294 [INFO] 📡 [PNM] Calculando recursos de red con llama3.3:70b...
2026-04-09 09:54:11,460 [INFO] 🔄 INICIANDO RONDA: 3 | Moderador: llama3.3:70b
2026-04-09 09:54:51,108 [INFO] 📊 [DLB] Generando análisis técnico con llama3.3:70b...
2026-04-09 09:54:51,108 [INFO] 📡 [PNM] Calculando recursos de red con llama3.3:70b...
2026-04-09 09:55:55,635 [INFO] 🔄 INICIANDO RONDA: 4 | Moderador: llama3.3:70b
2026-04-09 09:56:35,063 [INFO] ⚖️ [JUEZ] Generando respuesta consenso con llama3.3:70b...
2026-04-09 09:57:17,931 [INFO]    ✅ Finalizado.
2026-04-09 09:57:18,941 [INFO] 📁 Procesando archivo: a-lagrangian-heuristic-for-satellite-range-scheduling-with-resource-constraints_salida.txt
2026-04-09 09:57:18,941 [INFO] 👉 [15] Iniciando debate...
2026-04-09 09:57:18,941 [INFO] 🔄 INICIANDO RONDA: 0 | Moderador: llama3.3:70b
2026-04-09 09:57:38,825 [INFO] 📊 [DLB] Generando análisis técnico con llama3.3:70b...
2026-04-09 09:57:38,825 [INFO] 📡 [PNM] Calculando recursos de red con llama3.3:70b...
2026-04-09 09:58:41,387 [INFO] 🔄 INICIANDO RONDA: 1 | Moderador: llama3.3:70b
2026-04-09 09:59:09,228 [INFO] 📊 [DLB] Generando análisis técnico con llama3.3:70b...
2026-04-09 09:59:09,228 [INFO] 📡 [PNM] Calculando recursos de red con llama3.3:70b...
2026-04-09 10:00:12,013 [INFO] 🔄 INICIANDO RONDA: 2 | Moderador: llama3.3:70b
2026-04-09 10:00:50,333 [INFO] 📊 [DLB] Generando análisis técnico con llama3.3:70b...
2026-04-09 10:00:50,333 [INFO] 📡 [PNM] Calculando recursos de red con llama3.3:70b...
2026-04-09 10:01:56,255 [INFO] 🔄 INICIANDO RONDA: 3 | Moderador: llama3.3:70b
2026-04-09 10:02:32,590 [INFO] 📊 [DLB] Generando análisis técnico con llama3.3:70b...
2026-04-09 10:02:32,590 [INFO] 📡 [PNM] Calculando recursos de red con llama3.3:70b...
2026-04-09 10:03:37,628 [INFO] 🔄 INICIANDO RONDA: 4 | Moderador: llama3.3:70b
2026-04-09 10:04:12,226 [INFO] ⚖️ [JUEZ] Generando respuesta consenso con llama3.3:70b...
2026-04-09 10:05:00,831 [INFO]    ✅ Finalizado.
2026-04-09 10:05:01,846 [INFO] 👉 [16] Iniciando debate...
2026-04-09 10:05:01,846 [INFO] 🔄 INICIANDO RONDA: 0 | Moderador: llama3.3:70b
2026-04-09 10:05:23,553 [INFO] 📊 [DLB] Generando análisis técnico con llama3.3:70b...
2026-04-09 10:05:23,553 [INFO] 📡 [PNM] Calculando recursos de red con llama3.3:70b...
2026-04-09 10:06:14,673 [INFO] 🔄 INICIANDO RONDA: 1 | Moderador: llama3.3:70b
2026-04-09 10:06:44,225 [INFO] 📊 [DLB] Generando análisis técnico con llama3.3:70b...
2026-04-09 10:06:44,225 [INFO] 📡 [PNM] Calculando recursos de red con llama3.3:70b...
2026-04-09 10:07:43,414 [INFO] 🔄 INICIANDO RONDA: 2 | Moderador: llama3.3:70b
2026-04-09 10:08:33,668 [INFO] 📊 [DLB] Generando análisis técnico con llama3.3:70b...
2026-04-09 10:08:33,668 [INFO] 📡 [PNM] Calculando recursos de red con llama3.3:70b...
2026-04-09 10:09:39,241 [INFO] 🔄 INICIANDO RONDA: 3 | Moderador: llama3.3:70b
2026-04-09 10:10:41,465 [INFO] 📊 [DLB] Generando análisis técnico con llama3.3:70b...
2026-04-09 10:10:41,465 [INFO] 📡 [PNM] Calculando recursos de red con llama3.3:70b...
2026-04-09 10:11:50,052 [INFO] 🔄 INICIANDO RONDA: 4 | Moderador: llama3.3:70b
2026-04-09 10:12:22,691 [INFO] ⚖️ [JUEZ] Generando respuesta consenso con llama3.3:70b...
2026-04-09 10:13:05,376 [INFO]    ✅ Finalizado.
2026-04-09 10:13:06,387 [INFO] 👉 [17] Iniciando debate...
2026-04-09 10:13:06,387 [INFO] 🔄 INICIANDO RONDA: 0 | Moderador: llama3.3:70b
2026-04-09 10:13:25,387 [INFO] 📊 [DLB] Generando análisis técnico con llama3.3:70b...
2026-04-09 10:13:25,387 [INFO] 📡 [PNM] Calculando recursos de red con llama3.3:70b...
2026-04-09 10:14:21,592 [INFO] 🔄 INICIANDO RONDA: 1 | Moderador: llama3.3:70b
2026-04-09 10:14:49,221 [INFO] 📊 [DLB] Generando análisis técnico con llama3.3:70b...
2026-04-09 10:14:49,221 [INFO] 📡 [PNM] Calculando recursos de red con llama3.3:70b...
2026-04-09 10:15:40,101 [INFO] 🔄 INICIANDO RONDA: 2 | Moderador: llama3.3:70b
2026-04-09 10:16:10,893 [INFO] 📊 [DLB] Generando análisis técnico con llama3.3:70b...
2026-04-09 10:16:10,893 [INFO] 📡 [PNM] Calculando recursos de red con llama3.3:70b...
2026-04-09 10:17:09,770 [INFO] 🔄 INICIANDO RONDA: 3 | Moderador: llama3.3:70b
2026-04-09 10:17:44,767 [INFO] 📊 [DLB] Generando análisis técnico con llama3.3:70b...
2026-04-09 10:17:44,767 [INFO] 📡 [PNM] Calculando recursos de red con llama3.3:70b...
2026-04-09 10:18:43,117 [INFO] 🔄 INICIANDO RONDA: 4 | Moderador: llama3.3:70b
2026-04-09 10:19:18,491 [INFO] ⚖️ [JUEZ] Generando respuesta consenso con llama3.3:70b...
2026-04-09 10:19:56,154 [INFO]    ✅ Finalizado.
2026-04-09 10:19:57,161 [INFO] 👉 [18] Iniciando debate...
2026-04-09 10:19:57,161 [INFO] 🔄 INICIANDO RONDA: 0 | Moderador: llama3.3:70b
2026-04-09 10:20:22,488 [INFO] 📊 [DLB] Generando análisis técnico con llama3.3:70b...
2026-04-09 10:20:22,488 [INFO] 📡 [PNM] Calculando recursos de red con llama3.3:70b...
2026-04-09 10:21:18,665 [INFO] 🔄 INICIANDO RONDA: 1 | Moderador: llama3.3:70b
2026-04-09 10:21:47,702 [INFO] 📊 [DLB] Generando análisis técnico con llama3.3:70b...
2026-04-09 10:21:47,702 [INFO] 📡 [PNM] Calculando recursos de red con llama3.3:70b...
2026-04-09 10:22:41,366 [INFO] 🔄 INICIANDO RONDA: 2 | Moderador: llama3.3:70b
2026-04-09 10:23:16,316 [INFO] 📊 [DLB] Generando análisis técnico con llama3.3:70b...
2026-04-09 10:23:16,316 [INFO] 📡 [PNM] Calculando recursos de red con llama3.3:70b...
2026-04-09 10:24:16,368 [INFO] 🔄 INICIANDO RONDA: 3 | Moderador: llama3.3:70b
2026-04-09 10:24:58,462 [INFO] 📊 [DLB] Generando análisis técnico con llama3.3:70b...
2026-04-09 10:24:58,462 [INFO] 📡 [PNM] Calculando recursos de red con llama3.3:70b...
2026-04-09 10:25:55,901 [INFO] 🔄 INICIANDO RONDA: 4 | Moderador: llama3.3:70b
2026-04-09 10:26:38,142 [INFO] ⚖️ [JUEZ] Generando respuesta consenso con llama3.3:70b...
2026-04-09 10:27:20,495 [INFO]    ✅ Finalizado.
2026-04-09 10:27:21,509 [INFO] 👉 [19] Iniciando debate...
2026-04-09 10:27:21,509 [INFO] 🔄 INICIANDO RONDA: 0 | Moderador: llama3.3:70b
2026-04-09 10:27:43,525 [INFO] 📊 [DLB] Generando análisis técnico con llama3.3:70b...
2026-04-09 10:27:43,525 [INFO] 📡 [PNM] Calculando recursos de red con llama3.3:70b...
2026-04-09 10:28:42,071 [INFO] 🔄 INICIANDO RONDA: 1 | Moderador: llama3.3:70b
2026-04-09 10:29:16,458 [INFO] 📊 [DLB] Generando análisis técnico con llama3.3:70b...
2026-04-09 10:29:16,458 [INFO] 📡 [PNM] Calculando recursos de red con llama3.3:70b...
2026-04-09 10:30:15,204 [INFO] 🔄 INICIANDO RONDA: 2 | Moderador: llama3.3:70b
2026-04-09 10:30:53,323 [INFO] 📊 [DLB] Generando análisis técnico con llama3.3:70b...
2026-04-09 10:30:53,323 [INFO] 📡 [PNM] Calculando recursos de red con llama3.3:70b...
2026-04-09 10:31:54,295 [INFO] 🔄 INICIANDO RONDA: 3 | Moderador: llama3.3:70b
2026-04-09 10:32:33,863 [INFO] 📊 [DLB] Generando análisis técnico con llama3.3:70b...
2026-04-09 10:32:33,863 [INFO] 📡 [PNM] Calculando recursos de red con llama3.3:70b...
2026-04-09 10:33:38,218 [INFO] 🔄 INICIANDO RONDA: 4 | Moderador: llama3.3:70b
2026-04-09 10:34:17,690 [INFO] ⚖️ [JUEZ] Generando respuesta consenso con llama3.3:70b...
2026-04-09 10:34:59,942 [INFO]    ✅ Finalizado.
2026-04-09 10:35:00,944 [INFO] 👉 [20] Iniciando debate...
2026-04-09 10:35:00,944 [INFO] 🔄 INICIANDO RONDA: 0 | Moderador: llama3.3:70b
2026-04-09 10:35:28,398 [INFO] 📊 [DLB] Generando análisis técnico con llama3.3:70b...
2026-04-09 10:35:28,398 [INFO] 📡 [PNM] Calculando recursos de red con llama3.3:70b...
2026-04-09 10:36:26,036 [INFO] 🔄 INICIANDO RONDA: 1 | Moderador: llama3.3:70b
2026-04-09 10:37:00,453 [INFO] 📊 [DLB] Generando análisis técnico con llama3.3:70b...
2026-04-09 10:37:00,453 [INFO] 📡 [PNM] Calculando recursos de red con llama3.3:70b...
2026-04-09 10:38:00,342 [INFO] 🔄 INICIANDO RONDA: 2 | Moderador: llama3.3:70b
2026-04-09 10:38:27,760 [INFO] 📊 [DLB] Generando análisis técnico con llama3.3:70b...
2026-04-09 10:38:27,760 [INFO] 📡 [PNM] Calculando recursos de red con llama3.3:70b...
2026-04-09 10:39:28,379 [INFO] 🔄 INICIANDO RONDA: 3 | Moderador: llama3.3:70b
2026-04-09 10:40:12,342 [INFO] 📊 [DLB] Generando análisis técnico con llama3.3:70b...
2026-04-09 10:40:12,342 [INFO] 📡 [PNM] Calculando recursos de red con llama3.3:70b...
2026-04-09 10:41:16,199 [INFO] 🔄 INICIANDO RONDA: 4 | Moderador: llama3.3:70b
2026-04-09 10:41:52,227 [INFO] ⚖️ [JUEZ] Generando respuesta consenso con llama3.3:70b...
2026-04-09 10:42:33,926 [INFO]    ✅ Finalizado.
2026-04-09 10:42:34,928 [INFO] 👉 [21] Iniciando debate...
2026-04-09 10:42:34,928 [INFO] 🔄 INICIANDO RONDA: 0 | Moderador: llama3.3:70b
2026-04-09 10:42:57,500 [INFO] 📊 [DLB] Generando análisis técnico con llama3.3:70b...
2026-04-09 10:42:57,500 [INFO] 📡 [PNM] Calculando recursos de red con llama3.3:70b...
2026-04-09 10:43:47,310 [INFO] 🔄 INICIANDO RONDA: 1 | Moderador: llama3.3:70b
2026-04-09 10:44:11,693 [INFO] 📊 [DLB] Generando análisis técnico con llama3.3:70b...
2026-04-09 10:44:11,693 [INFO] 📡 [PNM] Calculando recursos de red con llama3.3:70b...
2026-04-09 10:45:07,885 [INFO] 🔄 INICIANDO RONDA: 2 | Moderador: llama3.3:70b
2026-04-09 10:45:41,030 [INFO] 📊 [DLB] Generando análisis técnico con llama3.3:70b...
2026-04-09 10:45:41,030 [INFO] 📡 [PNM] Calculando recursos de red con llama3.3:70b...
2026-04-09 10:46:43,952 [INFO] 🔄 INICIANDO RONDA: 3 | Moderador: llama3.3:70b
2026-04-09 10:47:13,659 [INFO] 📊 [DLB] Generando análisis técnico con llama3.3:70b...
2026-04-09 10:47:13,659 [INFO] 📡 [PNM] Calculando recursos de red con llama3.3:70b...
2026-04-09 10:48:16,265 [INFO] 🔄 INICIANDO RONDA: 4 | Moderador: llama3.3:70b
2026-04-09 10:48:50,880 [INFO] ⚖️ [JUEZ] Generando respuesta consenso con llama3.3:70b...
2026-04-09 10:49:29,740 [INFO]    ✅ Finalizado.
2026-04-09 10:49:30,744 [INFO] 👉 [22] Iniciando debate...
2026-04-09 10:49:30,744 [INFO] 🔄 INICIANDO RONDA: 0 | Moderador: llama3.3:70b
2026-04-09 10:49:53,205 [INFO] 📊 [DLB] Generando análisis técnico con llama3.3:70b...
2026-04-09 10:49:53,205 [INFO] 📡 [PNM] Calculando recursos de red con llama3.3:70b...
2026-04-09 10:50:52,174 [INFO] 🔄 INICIANDO RONDA: 1 | Moderador: llama3.3:70b
2026-04-09 10:51:17,959 [INFO] 📊 [DLB] Generando análisis técnico con llama3.3:70b...
2026-04-09 10:51:17,959 [INFO] 📡 [PNM] Calculando recursos de red con llama3.3:70b...
2026-04-09 10:52:11,328 [INFO] 🔄 INICIANDO RONDA: 2 | Moderador: llama3.3:70b
2026-04-09 10:52:48,517 [INFO] 📊 [DLB] Generando análisis técnico con llama3.3:70b...
2026-04-09 10:52:48,517 [INFO] 📡 [PNM] Calculando recursos de red con llama3.3:70b...
2026-04-09 10:53:40,255 [INFO] 🔄 INICIANDO RONDA: 3 | Moderador: llama3.3:70b
2026-04-09 10:54:07,241 [INFO] 📊 [DLB] Generando análisis técnico con llama3.3:70b...
2026-04-09 10:54:07,241 [INFO] 📡 [PNM] Calculando recursos de red con llama3.3:70b...
2026-04-09 10:55:03,097 [INFO] 🔄 INICIANDO RONDA: 4 | Moderador: llama3.3:70b
2026-04-09 10:55:30,137 [INFO] ⚖️ [JUEZ] Generando respuesta consenso con llama3.3:70b...
2026-04-09 10:56:14,079 [INFO]    ✅ Finalizado.
2026-04-09 10:56:15,093 [INFO] 📁 Procesando archivo: a-novel-dual-polarized-continuous-transverse-stub-antenna-based-on-corrugated-waveguides-part-ii-experimental-demonstration_salida.txt
2026-04-09 10:56:15,093 [INFO] 👉 [23] Iniciando debate...
2026-04-09 10:56:15,093 [INFO] 🔄 INICIANDO RONDA: 0 | Moderador: llama3.3:70b
2026-04-09 10:56:39,173 [INFO] 📊 [DLB] Generando análisis técnico con llama3.3:70b...
2026-04-09 10:56:39,173 [INFO] 📡 [PNM] Calculando recursos de red con llama3.3:70b...
2026-04-09 10:57:24,717 [INFO] 🔄 INICIANDO RONDA: 1 | Moderador: llama3.3:70b
2026-04-09 10:58:02,464 [INFO] 📊 [DLB] Generando análisis técnico con llama3.3:70b...
2026-04-09 10:58:02,464 [INFO] 📡 [PNM] Calculando recursos de red con llama3.3:70b...
2026-04-09 10:59:00,417 [INFO] 🔄 INICIANDO RONDA: 2 | Moderador: llama3.3:70b
2026-04-09 10:59:37,086 [INFO] 📊 [DLB] Generando análisis técnico con llama3.3:70b...
2026-04-09 10:59:37,086 [INFO] 📡 [PNM] Calculando recursos de red con llama3.3:70b...
2026-04-09 11:00:34,485 [INFO] 🔄 INICIANDO RONDA: 3 | Moderador: llama3.3:70b
2026-04-09 11:01:18,542 [INFO] 📊 [DLB] Generando análisis técnico con llama3.3:70b...
2026-04-09 11:01:18,542 [INFO] 📡 [PNM] Calculando recursos de red con llama3.3:70b...
2026-04-09 11:02:22,710 [INFO] 🔄 INICIANDO RONDA: 4 | Moderador: llama3.3:70b
2026-04-09 11:03:12,921 [INFO] ⚖️ [JUEZ] Generando respuesta consenso con llama3.3:70b...
2026-04-09 11:03:55,543 [INFO]    ✅ Finalizado.
2026-04-09 11:03:56,555 [INFO] 👉 [24] Iniciando debate...
2026-04-09 11:03:56,555 [INFO] 🔄 INICIANDO RONDA: 0 | Moderador: llama3.3:70b
2026-04-09 11:04:21,864 [INFO] 📊 [DLB] Generando análisis técnico con llama3.3:70b...
2026-04-09 11:04:21,864 [INFO] 📡 [PNM] Calculando recursos de red con llama3.3:70b...
2026-04-09 11:05:21,763 [INFO] 🔄 INICIANDO RONDA: 1 | Moderador: llama3.3:70b
2026-04-09 11:05:48,361 [INFO] 📊 [DLB] Generando análisis técnico con llama3.3:70b...
2026-04-09 11:05:48,361 [INFO] 📡 [PNM] Calculando recursos de red con llama3.3:70b...
2026-04-09 11:06:43,084 [INFO] 🔄 INICIANDO RONDA: 2 | Moderador: llama3.3:70b
2026-04-09 11:07:17,316 [INFO] 📊 [DLB] Generando análisis técnico con llama3.3:70b...
2026-04-09 11:07:17,316 [INFO] 📡 [PNM] Calculando recursos de red con llama3.3:70b...
2026-04-09 11:08:14,051 [INFO] 🔄 INICIANDO RONDA: 3 | Moderador: llama3.3:70b
2026-04-09 11:08:48,579 [INFO] 📊 [DLB] Generando análisis técnico con llama3.3:70b...
2026-04-09 11:08:48,579 [INFO] 📡 [PNM] Calculando recursos de red con llama3.3:70b...
2026-04-09 11:09:46,813 [INFO] 🔄 INICIANDO RONDA: 4 | Moderador: llama3.3:70b
2026-04-09 11:10:19,602 [INFO] ⚖️ [JUEZ] Generando respuesta consenso con llama3.3:70b...
2026-04-09 11:10:59,444 [INFO]    ✅ Finalizado.
2026-04-09 11:11:00,447 [INFO] 👉 [25] Iniciando debate...
2026-04-09 11:11:00,447 [INFO] 🔄 INICIANDO RONDA: 0 | Moderador: llama3.3:70b
2026-04-09 11:11:24,530 [INFO] 📊 [DLB] Generando análisis técnico con llama3.3:70b...
2026-04-09 11:11:24,530 [INFO] 📡 [PNM] Calculando recursos de red con llama3.3:70b...
2026-04-09 11:12:23,519 [INFO] 🔄 INICIANDO RONDA: 1 | Moderador: llama3.3:70b
2026-04-09 11:12:52,081 [INFO] 📊 [DLB] Generando análisis técnico con llama3.3:70b...
2026-04-09 11:12:52,081 [INFO] 📡 [PNM] Calculando recursos de red con llama3.3:70b...
2026-04-09 11:13:48,313 [INFO] 🔄 INICIANDO RONDA: 2 | Moderador: llama3.3:70b
2026-04-09 11:14:23,321 [INFO] 📊 [DLB] Generando análisis técnico con llama3.3:70b...
2026-04-09 11:14:23,321 [INFO] 📡 [PNM] Calculando recursos de red con llama3.3:70b...
2026-04-09 11:15:28,883 [INFO] 🔄 INICIANDO RONDA: 3 | Moderador: llama3.3:70b
2026-04-09 11:16:28,162 [INFO] 📊 [DLB] Generando análisis técnico con llama3.3:70b...
2026-04-09 11:16:28,162 [INFO] 📡 [PNM] Calculando recursos de red con llama3.3:70b...
2026-04-09 11:17:27,911 [INFO] 🔄 INICIANDO RONDA: 4 | Moderador: llama3.3:70b
2026-04-09 11:18:25,722 [INFO] ⚖️ [JUEZ] Generando respuesta consenso con llama3.3:70b...
2026-04-09 11:19:15,833 [INFO]    ✅ Finalizado.
2026-04-09 11:19:16,839 [INFO] 👉 [26] Iniciando debate...
2026-04-09 11:19:16,839 [INFO] 🔄 INICIANDO RONDA: 0 | Moderador: llama3.3:70b
2026-04-09 11:19:38,566 [INFO] 📊 [DLB] Generando análisis técnico con llama3.3:70b...
2026-04-09 11:19:38,566 [INFO] 📡 [PNM] Calculando recursos de red con llama3.3:70b...
2026-04-09 11:20:39,360 [INFO] 🔄 INICIANDO RONDA: 1 | Moderador: llama3.3:70b
2026-04-09 11:21:07,393 [INFO] 📊 [DLB] Generando análisis técnico con llama3.3:70b...
2026-04-09 11:21:07,393 [INFO] 📡 [PNM] Calculando recursos de red con llama3.3:70b...
2026-04-09 11:22:11,901 [INFO] 🔄 INICIANDO RONDA: 2 | Moderador: llama3.3:70b
2026-04-09 11:22:48,638 [INFO] 📊 [DLB] Generando análisis técnico con llama3.3:70b...
2026-04-09 11:22:48,638 [INFO] 📡 [PNM] Calculando recursos de red con llama3.3:70b...
2026-04-09 11:23:47,231 [INFO] 🔄 INICIANDO RONDA: 3 | Moderador: llama3.3:70b
2026-04-09 11:24:24,640 [INFO] 📊 [DLB] Generando análisis técnico con llama3.3:70b...
2026-04-09 11:24:24,640 [INFO] 📡 [PNM] Calculando recursos de red con llama3.3:70b...
2026-04-09 11:25:21,178 [INFO] 🔄 INICIANDO RONDA: 4 | Moderador: llama3.3:70b
2026-04-09 11:26:02,960 [INFO] ⚖️ [JUEZ] Generando respuesta consenso con llama3.3:70b...
2026-04-09 11:26:53,714 [INFO]    ✅ Finalizado.
2026-04-09 11:26:54,718 [INFO] 👉 [27] Iniciando debate...
2026-04-09 11:26:54,718 [INFO] 🔄 INICIANDO RONDA: 0 | Moderador: llama3.3:70b
2026-04-09 11:27:17,894 [INFO] 📊 [DLB] Generando análisis técnico con llama3.3:70b...
2026-04-09 11:27:17,894 [INFO] 📡 [PNM] Calculando recursos de red con llama3.3:70b...
2026-04-09 11:28:09,199 [INFO] 🔄 INICIANDO RONDA: 1 | Moderador: llama3.3:70b
2026-04-09 11:28:46,993 [INFO] 📊 [DLB] Generando análisis técnico con llama3.3:70b...
2026-04-09 11:28:46,993 [INFO] 📡 [PNM] Calculando recursos de red con llama3.3:70b...
2026-04-09 11:29:43,126 [INFO] 🔄 INICIANDO RONDA: 2 | Moderador: llama3.3:70b
2026-04-09 11:30:24,309 [INFO] 📊 [DLB] Generando análisis técnico con llama3.3:70b...
2026-04-09 11:30:24,309 [INFO] 📡 [PNM] Calculando recursos de red con llama3.3:70b...
2026-04-09 11:31:25,450 [INFO] 🔄 INICIANDO RONDA: 3 | Moderador: llama3.3:70b
2026-04-09 11:32:03,459 [INFO] 📊 [DLB] Generando análisis técnico con llama3.3:70b...
2026-04-09 11:32:03,459 [INFO] 📡 [PNM] Calculando recursos de red con llama3.3:70b...
2026-04-09 11:33:00,767 [INFO] 🔄 INICIANDO RONDA: 4 | Moderador: llama3.3:70b
2026-04-09 11:33:34,631 [INFO] ⚖️ [JUEZ] Generando respuesta consenso con llama3.3:70b...
2026-04-09 11:34:13,445 [INFO]    ✅ Finalizado.
2026-04-09 11:34:14,452 [INFO] 📁 Procesando archivo: a-reflector-antenna-concept-robust-against-feed-failures-for-satellite-communications_salida.txt
2026-04-09 11:34:14,452 [INFO] 👉 [28] Iniciando debate...
2026-04-09 11:34:14,468 [INFO] 🔄 INICIANDO RONDA: 0 | Moderador: llama3.3:70b
2026-04-09 11:34:38,544 [INFO] 📊 [DLB] Generando análisis técnico con llama3.3:70b...
2026-04-09 11:34:38,544 [INFO] 📡 [PNM] Calculando recursos de red con llama3.3:70b...
2026-04-09 11:35:40,330 [INFO] 🔄 INICIANDO RONDA: 1 | Moderador: llama3.3:70b
2026-04-09 11:36:12,825 [INFO] 📊 [DLB] Generando análisis técnico con llama3.3:70b...
2026-04-09 11:36:12,825 [INFO] 📡 [PNM] Calculando recursos de red con llama3.3:70b...
2026-04-09 11:37:22,130 [INFO] 🔄 INICIANDO RONDA: 2 | Moderador: llama3.3:70b
2026-04-09 11:38:06,147 [INFO] 📊 [DLB] Generando análisis técnico con llama3.3:70b...
2026-04-09 11:38:06,147 [INFO] 📡 [PNM] Calculando recursos de red con llama3.3:70b...
2026-04-09 11:39:07,897 [INFO] 🔄 INICIANDO RONDA: 3 | Moderador: llama3.3:70b
2026-04-09 11:39:56,501 [INFO] 📊 [DLB] Generando análisis técnico con llama3.3:70b...
2026-04-09 11:39:56,501 [INFO] 📡 [PNM] Calculando recursos de red con llama3.3:70b...
2026-04-09 11:41:01,498 [INFO] 🔄 INICIANDO RONDA: 4 | Moderador: llama3.3:70b
2026-04-09 11:41:34,688 [INFO] ⚖️ [JUEZ] Generando respuesta consenso con llama3.3:70b...
2026-04-09 11:42:15,326 [INFO]    ✅ Finalizado.
2026-04-09 11:42:16,329 [INFO] 👉 [29] Iniciando debate...
2026-04-09 11:42:16,329 [INFO] 🔄 INICIANDO RONDA: 0 | Moderador: llama3.3:70b
2026-04-09 11:42:41,639 [INFO] 📊 [DLB] Generando análisis técnico con llama3.3:70b...
2026-04-09 11:42:41,639 [INFO] 📡 [PNM] Calculando recursos de red con llama3.3:70b...
2026-04-09 11:43:39,111 [INFO] 🔄 INICIANDO RONDA: 1 | Moderador: llama3.3:70b
2026-04-09 11:44:14,848 [INFO] 📊 [DLB] Generando análisis técnico con llama3.3:70b...
2026-04-09 11:44:14,848 [INFO] 📡 [PNM] Calculando recursos de red con llama3.3:70b...
2026-04-09 11:45:11,158 [INFO] 🔄 INICIANDO RONDA: 2 | Moderador: llama3.3:70b
2026-04-09 11:45:55,657 [INFO] 📊 [DLB] Generando análisis técnico con llama3.3:70b...
2026-04-09 11:45:55,657 [INFO] 📡 [PNM] Calculando recursos de red con llama3.3:70b...
2026-04-09 11:46:56,762 [INFO] 🔄 INICIANDO RONDA: 3 | Moderador: llama3.3:70b
2026-04-09 11:47:40,940 [INFO] 📊 [DLB] Generando análisis técnico con llama3.3:70b...
2026-04-09 11:47:40,940 [INFO] 📡 [PNM] Calculando recursos de red con llama3.3:70b...
2026-04-09 11:48:43,092 [INFO] 🔄 INICIANDO RONDA: 4 | Moderador: llama3.3:70b
2026-04-09 11:49:45,841 [INFO] ⚖️ [JUEZ] Generando respuesta consenso con llama3.3:70b...
2026-04-09 11:50:33,743 [INFO]    ✅ Finalizado.
2026-04-09 11:50:34,757 [INFO] 👉 [30] Iniciando debate...
2026-04-09 11:50:34,757 [INFO] 🔄 INICIANDO RONDA: 0 | Moderador: llama3.3:70b
2026-04-09 11:50:54,934 [INFO] 📊 [DLB] Generando análisis técnico con llama3.3:70b...
2026-04-09 11:50:54,934 [INFO] 📡 [PNM] Calculando recursos de red con llama3.3:70b...
2026-04-09 11:51:41,257 [INFO] 🔄 INICIANDO RONDA: 1 | Moderador: llama3.3:70b
2026-04-09 11:52:02,344 [INFO] 📊 [DLB] Generando análisis técnico con llama3.3:70b...
2026-04-09 11:52:02,344 [INFO] 📡 [PNM] Calculando recursos de red con llama3.3:70b...
2026-04-09 11:52:56,980 [INFO] 🔄 INICIANDO RONDA: 2 | Moderador: llama3.3:70b
2026-04-09 11:53:30,243 [INFO] 📊 [DLB] Generando análisis técnico con llama3.3:70b...
2026-04-09 11:53:30,243 [INFO] 📡 [PNM] Calculando recursos de red con llama3.3:70b...
2026-04-09 11:54:37,747 [INFO] 🔄 INICIANDO RONDA: 3 | Moderador: llama3.3:70b
2026-04-09 11:55:08,418 [INFO] 📊 [DLB] Generando análisis técnico con llama3.3:70b...
2026-04-09 11:55:08,418 [INFO] 📡 [PNM] Calculando recursos de red con llama3.3:70b...
2026-04-09 11:56:17,535 [INFO] 🔄 INICIANDO RONDA: 4 | Moderador: llama3.3:70b
2026-04-09 11:56:54,228 [INFO] ⚖️ [JUEZ] Generando respuesta consenso con llama3.3:70b...
2026-04-09 11:57:40,201 [INFO]    ✅ Finalizado.
2026-04-09 11:57:41,215 [INFO] 👉 [31] Iniciando debate...
2026-04-09 11:57:41,215 [INFO] 🔄 INICIANDO RONDA: 0 | Moderador: llama3.3:70b
2026-04-09 11:58:04,918 [INFO] 📊 [DLB] Generando análisis técnico con llama3.3:70b...
2026-04-09 11:58:04,918 [INFO] 📡 [PNM] Calculando recursos de red con llama3.3:70b...
2026-04-09 11:59:05,712 [INFO] 🔄 INICIANDO RONDA: 1 | Moderador: llama3.3:70b
2026-04-09 11:59:36,019 [INFO] 📊 [DLB] Generando análisis técnico con llama3.3:70b...
2026-04-09 11:59:36,019 [INFO] 📡 [PNM] Calculando recursos de red con llama3.3:70b...
2026-04-09 12:00:27,113 [INFO] 🔄 INICIANDO RONDA: 2 | Moderador: llama3.3:70b
2026-04-09 12:00:58,604 [INFO] 📊 [DLB] Generando análisis técnico con llama3.3:70b...
2026-04-09 12:00:58,604 [INFO] 📡 [PNM] Calculando recursos de red con llama3.3:70b...
2026-04-09 12:01:51,948 [INFO] 🔄 INICIANDO RONDA: 3 | Moderador: llama3.3:70b
2026-04-09 12:02:24,651 [INFO] 📊 [DLB] Generando análisis técnico con llama3.3:70b...
2026-04-09 12:02:24,651 [INFO] 📡 [PNM] Calculando recursos de red con llama3.3:70b...
2026-04-09 12:03:16,183 [INFO] 🔄 INICIANDO RONDA: 4 | Moderador: llama3.3:70b
2026-04-09 12:03:49,926 [INFO] ⚖️ [JUEZ] Generando respuesta consenso con llama3.3:70b...
2026-04-09 12:04:38,117 [INFO]    ✅ Finalizado.
2026-04-09 12:04:39,117 [INFO] 👉 [32] Iniciando debate...
2026-04-09 12:04:39,117 [INFO] 🔄 INICIANDO RONDA: 0 | Moderador: llama3.3:70b
2026-04-09 12:05:01,035 [INFO] 📊 [DLB] Generando análisis técnico con llama3.3:70b...
2026-04-09 12:05:01,035 [INFO] 📡 [PNM] Calculando recursos de red con llama3.3:70b...
2026-04-09 12:05:54,336 [INFO] 🔄 INICIANDO RONDA: 1 | Moderador: llama3.3:70b
2026-04-09 12:06:24,841 [INFO] 📊 [DLB] Generando análisis técnico con llama3.3:70b...
2026-04-09 12:06:24,841 [INFO] 📡 [PNM] Calculando recursos de red con llama3.3:70b...
2026-04-09 12:07:29,478 [INFO] 🔄 INICIANDO RONDA: 2 | Moderador: llama3.3:70b
2026-04-09 12:08:06,243 [INFO] 📊 [DLB] Generando análisis técnico con llama3.3:70b...
2026-04-09 12:08:06,243 [INFO] 📡 [PNM] Calculando recursos de red con llama3.3:70b...
2026-04-09 12:09:13,045 [INFO] 🔄 INICIANDO RONDA: 3 | Moderador: llama3.3:70b
2026-04-09 12:09:51,555 [INFO] 📊 [DLB] Generando análisis técnico con llama3.3:70b...
2026-04-09 12:09:51,555 [INFO] 📡 [PNM] Calculando recursos de red con llama3.3:70b...
2026-04-09 12:11:00,688 [INFO] 🔄 INICIANDO RONDA: 4 | Moderador: llama3.3:70b
2026-04-09 12:11:51,960 [INFO] ⚖️ [JUEZ] Generando respuesta consenso con llama3.3:70b...
2026-04-09 12:12:29,795 [INFO]    ✅ Finalizado.
2026-04-09 12:12:30,795 [INFO] 📁 Procesando archivo: a-survey-on-communication-networks-for-electric-system-automation_salida.txt
2026-04-09 12:12:30,811 [INFO] 👉 [33] Iniciando debate...
2026-04-09 12:12:30,811 [INFO] 🔄 INICIANDO RONDA: 0 | Moderador: llama3.3:70b
2026-04-09 12:12:55,274 [INFO] 📊 [DLB] Generando análisis técnico con llama3.3:70b...
2026-04-09 12:12:55,274 [INFO] 📡 [PNM] Calculando recursos de red con llama3.3:70b...
2026-04-09 12:13:56,479 [INFO] 🔄 INICIANDO RONDA: 1 | Moderador: llama3.3:70b
2026-04-09 12:14:21,785 [INFO] 📊 [DLB] Generando análisis técnico con llama3.3:70b...
2026-04-09 12:14:21,785 [INFO] 📡 [PNM] Calculando recursos de red con llama3.3:70b...
2026-04-09 12:15:29,162 [INFO] 🔄 INICIANDO RONDA: 2 | Moderador: llama3.3:70b
2026-04-09 12:16:04,344 [INFO] 📊 [DLB] Generando análisis técnico con llama3.3:70b...
2026-04-09 12:16:04,344 [INFO] 📡 [PNM] Calculando recursos de red con llama3.3:70b...
2026-04-09 12:17:07,500 [INFO] 🔄 INICIANDO RONDA: 3 | Moderador: llama3.3:70b
2026-04-09 12:17:56,446 [INFO] 📊 [DLB] Generando análisis técnico con llama3.3:70b...
2026-04-09 12:17:56,446 [INFO] 📡 [PNM] Calculando recursos de red con llama3.3:70b...
2026-04-09 12:18:55,685 [INFO] 🔄 INICIANDO RONDA: 4 | Moderador: llama3.3:70b
2026-04-09 12:19:45,014 [INFO] ⚖️ [JUEZ] Generando respuesta consenso con llama3.3:70b...
2026-04-09 12:20:24,044 [INFO]    ✅ Finalizado.
2026-04-09 12:20:25,056 [INFO] 👉 [34] Iniciando debate...
2026-04-09 12:20:25,056 [INFO] 🔄 INICIANDO RONDA: 0 | Moderador: llama3.3:70b
2026-04-09 12:20:47,538 [INFO] 📊 [DLB] Generando análisis técnico con llama3.3:70b...
2026-04-09 12:20:47,538 [INFO] 📡 [PNM] Calculando recursos de red con llama3.3:70b...
2026-04-09 12:21:32,092 [INFO] 🔄 INICIANDO RONDA: 1 | Moderador: llama3.3:70b
2026-04-09 12:21:55,612 [INFO] 📊 [DLB] Generando análisis técnico con llama3.3:70b...
2026-04-09 12:21:55,612 [INFO] 📡 [PNM] Calculando recursos de red con llama3.3:70b...
2026-04-09 12:22:45,244 [INFO] 🔄 INICIANDO RONDA: 2 | Moderador: llama3.3:70b
2026-04-09 12:23:12,966 [INFO] 📊 [DLB] Generando análisis técnico con llama3.3:70b...
2026-04-09 12:23:12,966 [INFO] 📡 [PNM] Calculando recursos de red con llama3.3:70b...
2026-04-09 12:24:05,640 [INFO] 🔄 INICIANDO RONDA: 3 | Moderador: llama3.3:70b
2026-04-09 12:24:36,637 [INFO] 📊 [DLB] Generando análisis técnico con llama3.3:70b...
2026-04-09 12:24:36,637 [INFO] 📡 [PNM] Calculando recursos de red con llama3.3:70b...
2026-04-09 12:25:33,593 [INFO] 🔄 INICIANDO RONDA: 4 | Moderador: llama3.3:70b
2026-04-09 12:26:04,789 [INFO] ⚖️ [JUEZ] Generando respuesta consenso con llama3.3:70b...
2026-04-09 12:26:44,509 [INFO]    ✅ Finalizado.
2026-04-09 12:26:45,521 [INFO] 👉 [35] Iniciando debate...
2026-04-09 12:26:45,521 [INFO] 🔄 INICIANDO RONDA: 0 | Moderador: llama3.3:70b
2026-04-09 12:27:08,961 [INFO] 📊 [DLB] Generando análisis técnico con llama3.3:70b...
2026-04-09 12:27:08,961 [INFO] 📡 [PNM] Calculando recursos de red con llama3.3:70b...
2026-04-09 12:28:12,525 [INFO] 🔄 INICIANDO RONDA: 1 | Moderador: llama3.3:70b
2026-04-09 12:28:41,514 [INFO] 📊 [DLB] Generando análisis técnico con llama3.3:70b...
2026-04-09 12:28:41,514 [INFO] 📡 [PNM] Calculando recursos de red con llama3.3:70b...
2026-04-09 12:29:41,013 [INFO] 🔄 INICIANDO RONDA: 2 | Moderador: llama3.3:70b
2026-04-09 12:30:15,330 [INFO] 📊 [DLB] Generando análisis técnico con llama3.3:70b...
2026-04-09 12:30:15,330 [INFO] 📡 [PNM] Calculando recursos de red con llama3.3:70b...
2026-04-09 12:31:05,626 [INFO] 🔄 INICIANDO RONDA: 3 | Moderador: llama3.3:70b
2026-04-09 12:31:38,296 [INFO] 📊 [DLB] Generando análisis técnico con llama3.3:70b...
2026-04-09 12:31:38,296 [INFO] 📡 [PNM] Calculando recursos de red con llama3.3:70b...
2026-04-09 12:32:32,107 [INFO] 🔄 INICIANDO RONDA: 4 | Moderador: llama3.3:70b
2026-04-09 12:33:03,864 [INFO] ⚖️ [JUEZ] Generando respuesta consenso con llama3.3:70b...
2026-04-09 12:33:41,922 [INFO]    ✅ Finalizado.
2026-04-09 12:33:42,935 [INFO] 👉 [36] Iniciando debate...
2026-04-09 12:33:42,935 [INFO] 🔄 INICIANDO RONDA: 0 | Moderador: llama3.3:70b
2026-04-09 12:34:04,004 [INFO] 📊 [DLB] Generando análisis técnico con llama3.3:70b...
2026-04-09 12:34:04,004 [INFO] 📡 [PNM] Calculando recursos de red con llama3.3:70b...
2026-04-09 12:35:03,775 [INFO] 🔄 INICIANDO RONDA: 1 | Moderador: llama3.3:70b
2026-04-09 12:35:36,330 [INFO] 📊 [DLB] Generando análisis técnico con llama3.3:70b...
2026-04-09 12:35:36,330 [INFO] 📡 [PNM] Calculando recursos de red con llama3.3:70b...
2026-04-09 12:36:41,208 [INFO] 🔄 INICIANDO RONDA: 2 | Moderador: llama3.3:70b
2026-04-09 12:37:19,709 [INFO] 📊 [DLB] Generando análisis técnico con llama3.3:70b...
2026-04-09 12:37:19,709 [INFO] 📡 [PNM] Calculando recursos de red con llama3.3:70b...
2026-04-09 12:38:19,640 [INFO] 🔄 INICIANDO RONDA: 3 | Moderador: llama3.3:70b
2026-04-09 12:38:57,303 [INFO] 📊 [DLB] Generando análisis técnico con llama3.3:70b...
2026-04-09 12:38:57,303 [INFO] 📡 [PNM] Calculando recursos de red con llama3.3:70b...
2026-04-09 12:40:04,731 [INFO] 🔄 INICIANDO RONDA: 4 | Moderador: llama3.3:70b
2026-04-09 12:40:41,128 [INFO] ⚖️ [JUEZ] Generando respuesta consenso con llama3.3:70b...
2026-04-09 12:41:17,933 [INFO]    ✅ Finalizado.
2026-04-09 12:41:18,936 [INFO] 👉 [37] Iniciando debate...
2026-04-09 12:41:18,936 [INFO] 🔄 INICIANDO RONDA: 0 | Moderador: llama3.3:70b
2026-04-09 12:41:39,991 [INFO] 📊 [DLB] Generando análisis técnico con llama3.3:70b...
2026-04-09 12:41:39,991 [INFO] 📡 [PNM] Calculando recursos de red con llama3.3:70b...
2026-04-09 12:42:32,981 [INFO] 🔄 INICIANDO RONDA: 1 | Moderador: llama3.3:70b
2026-04-09 12:43:01,614 [INFO] 📊 [DLB] Generando análisis técnico con llama3.3:70b...
2026-04-09 12:43:01,614 [INFO] 📡 [PNM] Calculando recursos de red con llama3.3:70b...
2026-04-09 12:44:02,227 [INFO] 🔄 INICIANDO RONDA: 2 | Moderador: llama3.3:70b
2026-04-09 12:44:45,880 [INFO] 📊 [DLB] Generando análisis técnico con llama3.3:70b...
2026-04-09 12:44:45,880 [INFO] 📡 [PNM] Calculando recursos de red con llama3.3:70b...
2026-04-09 12:45:34,409 [INFO] 🔄 INICIANDO RONDA: 3 | Moderador: llama3.3:70b
2026-04-09 12:46:08,352 [INFO] 📊 [DLB] Generando análisis técnico con llama3.3:70b...
2026-04-09 12:46:08,352 [INFO] 📡 [PNM] Calculando recursos de red con llama3.3:70b...
2026-04-09 12:47:05,942 [INFO] 🔄 INICIANDO RONDA: 4 | Moderador: llama3.3:70b
2026-04-09 12:47:49,544 [INFO] ⚖️ [JUEZ] Generando respuesta consenso con llama3.3:70b...
2026-04-09 12:48:39,567 [INFO]    ✅ Finalizado.
2026-04-09 12:48:40,581 [INFO] 👉 [38] Iniciando debate...
2026-04-09 12:48:40,581 [INFO] 🔄 INICIANDO RONDA: 0 | Moderador: llama3.3:70b
2026-04-09 12:49:07,861 [INFO] 📊 [DLB] Generando análisis técnico con llama3.3:70b...
2026-04-09 12:49:07,861 [INFO] 📡 [PNM] Calculando recursos de red con llama3.3:70b...
2026-04-09 12:50:13,030 [INFO] 🔄 INICIANDO RONDA: 1 | Moderador: llama3.3:70b
2026-04-09 12:50:46,597 [INFO] 📊 [DLB] Generando análisis técnico con llama3.3:70b...
2026-04-09 12:50:46,597 [INFO] 📡 [PNM] Calculando recursos de red con llama3.3:70b...
2026-04-09 12:51:53,881 [INFO] 🔄 INICIANDO RONDA: 2 | Moderador: llama3.3:70b
2026-04-09 12:52:27,243 [INFO] 📊 [DLB] Generando análisis técnico con llama3.3:70b...
2026-04-09 12:52:27,243 [INFO] 📡 [PNM] Calculando recursos de red con llama3.3:70b...
2026-04-09 12:53:37,415 [INFO] 🔄 INICIANDO RONDA: 3 | Moderador: llama3.3:70b
2026-04-09 12:54:18,242 [INFO] 📊 [DLB] Generando análisis técnico con llama3.3:70b...
2026-04-09 12:54:18,242 [INFO] 📡 [PNM] Calculando recursos de red con llama3.3:70b...
2026-04-09 12:55:20,168 [INFO] 🔄 INICIANDO RONDA: 4 | Moderador: llama3.3:70b
2026-04-09 12:56:00,717 [INFO] ⚖️ [JUEZ] Generando respuesta consenso con llama3.3:70b...
2026-04-09 12:56:41,543 [INFO]    ✅ Finalizado.
2026-04-09 12:56:42,558 [INFO] 👉 [39] Iniciando debate...
2026-04-09 12:56:42,558 [INFO] 🔄 INICIANDO RONDA: 0 | Moderador: llama3.3:70b
2026-04-09 12:57:07,112 [INFO] 📊 [DLB] Generando análisis técnico con llama3.3:70b...
2026-04-09 12:57:07,112 [INFO] 📡 [PNM] Calculando recursos de red con llama3.3:70b...
2026-04-09 12:58:05,276 [INFO] 🔄 INICIANDO RONDA: 1 | Moderador: llama3.3:70b
2026-04-09 12:58:39,799 [INFO] 📊 [DLB] Generando análisis técnico con llama3.3:70b...
2026-04-09 12:58:39,799 [INFO] 📡 [PNM] Calculando recursos de red con llama3.3:70b...
2026-04-09 12:59:37,844 [INFO] 🔄 INICIANDO RONDA: 2 | Moderador: llama3.3:70b
2026-04-09 13:00:24,386 [INFO] 📊 [DLB] Generando análisis técnico con llama3.3:70b...
2026-04-09 13:00:24,386 [INFO] 📡 [PNM] Calculando recursos de red con llama3.3:70b...
2026-04-09 13:01:16,386 [INFO] 🔄 INICIANDO RONDA: 3 | Moderador: llama3.3:70b
2026-04-09 13:02:06,671 [INFO] 📊 [DLB] Generando análisis técnico con llama3.3:70b...
2026-04-09 13:02:06,671 [INFO] 📡 [PNM] Calculando recursos de red con llama3.3:70b...
2026-04-09 13:03:04,044 [INFO] 🔄 INICIANDO RONDA: 4 | Moderador: llama3.3:70b
2026-04-09 13:03:53,643 [INFO] ⚖️ [JUEZ] Generando respuesta consenso con llama3.3:70b...
2026-04-09 13:04:37,350 [INFO]    ✅ Finalizado.
2026-04-09 13:04:38,357 [INFO] 📁 Procesando archivo: a-wideband-high-gain-high-efficiency-hybrid-integrated-plate-array-antenna-for-v-band-inter-satellite-links_salida.txt
2026-04-09 13:04:38,373 [INFO] 👉 [40] Iniciando debate...
2026-04-09 13:04:38,373 [INFO] 🔄 INICIANDO RONDA: 0 | Moderador: llama3.3:70b
2026-04-09 13:05:14,132 [INFO] 📊 [DLB] Generando análisis técnico con llama3.3:70b...
2026-04-09 13:05:14,132 [INFO] 📡 [PNM] Calculando recursos de red con llama3.3:70b...
2026-04-09 13:06:16,039 [INFO] 🔄 INICIANDO RONDA: 1 | Moderador: llama3.3:70b
2026-04-09 13:06:48,121 [INFO] 📊 [DLB] Generando análisis técnico con llama3.3:70b...
2026-04-09 13:06:48,121 [INFO] 📡 [PNM] Calculando recursos de red con llama3.3:70b...
2026-04-09 13:07:43,448 [INFO] 🔄 INICIANDO RONDA: 2 | Moderador: llama3.3:70b
2026-04-09 13:08:20,238 [INFO] 📊 [DLB] Generando análisis técnico con llama3.3:70b...
2026-04-09 13:08:20,238 [INFO] 📡 [PNM] Calculando recursos de red con llama3.3:70b...
2026-04-09 13:09:23,414 [INFO] 🔄 INICIANDO RONDA: 3 | Moderador: llama3.3:70b
2026-04-09 13:10:01,212 [INFO] 📊 [DLB] Generando análisis técnico con llama3.3:70b...
2026-04-09 13:10:01,212 [INFO] 📡 [PNM] Calculando recursos de red con llama3.3:70b...
2026-04-09 13:11:02,567 [INFO] 🔄 INICIANDO RONDA: 4 | Moderador: llama3.3:70b
2026-04-09 13:11:39,431 [INFO] ⚖️ [JUEZ] Generando respuesta consenso con llama3.3:70b...
2026-04-09 13:12:18,547 [INFO]    ✅ Finalizado.
2026-04-09 13:12:19,547 [INFO] 👉 [41] Iniciando debate...
2026-04-09 13:12:19,547 [INFO] 🔄 INICIANDO RONDA: 0 | Moderador: llama3.3:70b
2026-04-09 13:12:43,260 [INFO] 📊 [DLB] Generando análisis técnico con llama3.3:70b...
2026-04-09 13:12:43,260 [INFO] 📡 [PNM] Calculando recursos de red con llama3.3:70b...
2026-04-09 13:13:41,596 [INFO] 🔄 INICIANDO RONDA: 1 | Moderador: llama3.3:70b
2026-04-09 13:14:11,556 [INFO] 📊 [DLB] Generando análisis técnico con llama3.3:70b...
2026-04-09 13:14:11,556 [INFO] 📡 [PNM] Calculando recursos de red con llama3.3:70b...
2026-04-09 13:15:11,776 [INFO] 🔄 INICIANDO RONDA: 2 | Moderador: llama3.3:70b
2026-04-09 13:15:45,176 [INFO] 📊 [DLB] Generando análisis técnico con llama3.3:70b...
2026-04-09 13:15:45,176 [INFO] 📡 [PNM] Calculando recursos de red con llama3.3:70b...
2026-04-09 13:16:54,712 [INFO] 🔄 INICIANDO RONDA: 3 | Moderador: llama3.3:70b
2026-04-09 13:17:34,003 [INFO] 📊 [DLB] Generando análisis técnico con llama3.3:70b...
2026-04-09 13:17:34,003 [INFO] 📡 [PNM] Calculando recursos de red con llama3.3:70b...
2026-04-09 13:18:43,756 [INFO] 🔄 INICIANDO RONDA: 4 | Moderador: llama3.3:70b
2026-04-09 13:19:21,779 [INFO] ⚖️ [JUEZ] Generando respuesta consenso con llama3.3:70b...
2026-04-09 13:20:06,185 [INFO]    ✅ Finalizado.
2026-04-09 13:20:07,196 [INFO] 👉 [42] Iniciando debate...
2026-04-09 13:20:07,196 [INFO] 🔄 INICIANDO RONDA: 0 | Moderador: llama3.3:70b
2026-04-09 13:20:30,801 [INFO] 📊 [DLB] Generando análisis técnico con llama3.3:70b...
2026-04-09 13:20:30,801 [INFO] 📡 [PNM] Calculando recursos de red con llama3.3:70b...
2026-04-09 13:21:32,085 [INFO] 🔄 INICIANDO RONDA: 1 | Moderador: llama3.3:70b
2026-04-09 13:22:00,859 [INFO] 📊 [DLB] Generando análisis técnico con llama3.3:70b...
2026-04-09 13:22:00,859 [INFO] 📡 [PNM] Calculando recursos de red con llama3.3:70b...
2026-04-09 13:22:55,494 [INFO] 🔄 INICIANDO RONDA: 2 | Moderador: llama3.3:70b
2026-04-09 13:23:25,892 [INFO] 📊 [DLB] Generando análisis técnico con llama3.3:70b...
2026-04-09 13:23:25,892 [INFO] 📡 [PNM] Calculando recursos de red con llama3.3:70b...
2026-04-09 13:24:33,213 [INFO] 🔄 INICIANDO RONDA: 3 | Moderador: llama3.3:70b
2026-04-09 13:25:22,592 [INFO] 📊 [DLB] Generando análisis técnico con llama3.3:70b...
2026-04-09 13:25:22,592 [INFO] 📡 [PNM] Calculando recursos de red con llama3.3:70b...
2026-04-09 13:26:25,494 [INFO] 🔄 INICIANDO RONDA: 4 | Moderador: llama3.3:70b
2026-04-09 13:27:08,989 [INFO] ⚖️ [JUEZ] Generando respuesta consenso con llama3.3:70b...
2026-04-09 13:27:50,601 [INFO]    ✅ Finalizado.
2026-04-09 13:27:51,608 [INFO] 👉 [43] Iniciando debate...
2026-04-09 13:27:51,608 [INFO] 🔄 INICIANDO RONDA: 0 | Moderador: llama3.3:70b
2026-04-09 13:28:20,269 [INFO] 📊 [DLB] Generando análisis técnico con llama3.3:70b...
2026-04-09 13:28:20,269 [INFO] 📡 [PNM] Calculando recursos de red con llama3.3:70b...
2026-04-09 13:29:21,088 [INFO] 🔄 INICIANDO RONDA: 1 | Moderador: llama3.3:70b
2026-04-09 13:29:44,416 [INFO] 📊 [DLB] Generando análisis técnico con llama3.3:70b...
2026-04-09 13:29:44,416 [INFO] 📡 [PNM] Calculando recursos de red con llama3.3:70b...
2026-04-09 13:30:45,795 [INFO] 🔄 INICIANDO RONDA: 2 | Moderador: llama3.3:70b
2026-04-09 13:31:29,064 [INFO] 📊 [DLB] Generando análisis técnico con llama3.3:70b...
2026-04-09 13:31:29,064 [INFO] 📡 [PNM] Calculando recursos de red con llama3.3:70b...
2026-04-09 13:32:28,290 [INFO] 🔄 INICIANDO RONDA: 3 | Moderador: llama3.3:70b
2026-04-09 13:33:12,320 [INFO] 📊 [DLB] Generando análisis técnico con llama3.3:70b...
2026-04-09 13:33:12,320 [INFO] 📡 [PNM] Calculando recursos de red con llama3.3:70b...
2026-04-09 13:34:10,846 [INFO] 🔄 INICIANDO RONDA: 4 | Moderador: llama3.3:70b
2026-04-09 13:34:59,862 [INFO] ⚖️ [JUEZ] Generando respuesta consenso con llama3.3:70b...
2026-04-09 13:35:50,809 [INFO]    ✅ Finalizado.
2026-04-09 13:35:51,815 [INFO] 👉 [44] Iniciando debate...
2026-04-09 13:35:51,815 [INFO] 🔄 INICIANDO RONDA: 0 | Moderador: llama3.3:70b
2026-04-09 13:36:13,253 [INFO] 📊 [DLB] Generando análisis técnico con llama3.3:70b...
2026-04-09 13:36:13,253 [INFO] 📡 [PNM] Calculando recursos de red con llama3.3:70b...
2026-04-09 13:37:10,633 [INFO] 🔄 INICIANDO RONDA: 1 | Moderador: llama3.3:70b
2026-04-09 13:37:37,894 [INFO] 📊 [DLB] Generando análisis técnico con llama3.3:70b...
2026-04-09 13:37:37,894 [INFO] 📡 [PNM] Calculando recursos de red con llama3.3:70b...
2026-04-09 13:38:33,071 [INFO] 🔄 INICIANDO RONDA: 2 | Moderador: llama3.3:70b
2026-04-09 13:39:08,401 [INFO] 📊 [DLB] Generando análisis técnico con llama3.3:70b...
2026-04-09 13:39:08,401 [INFO] 📡 [PNM] Calculando recursos de red con llama3.3:70b...
2026-04-09 13:40:08,544 [INFO] 🔄 INICIANDO RONDA: 3 | Moderador: llama3.3:70b
2026-04-09 13:40:19,304 [INFO] 📊 [DLB] Generando análisis técnico con llama3.3:70b...
2026-04-09 13:40:19,304 [INFO] 📡 [PNM] Calculando recursos de red con llama3.3:70b...
2026-04-09 14:38:02,973 [INFO] 📁 Procesando archivo: a-compact-low-noise-frontend-for-interleaved-rx-tx-arrays-at-k-ka-band_salida.txt
2026-04-09 14:38:02,989 [INFO] 📁 Procesando archivo: a-compact-lowpass-filter-for-satellite-communication-systems-based-on-transfer-function-analysis_salida.txt
2026-04-09 14:38:03,004 [INFO] 📁 Procesando archivo: a-framework-to-classify-heterogeneous-internet-traffic-with-machine-learning-and-deep-learning-techniques-for-satellite-communications_salida.txt
2026-04-09 14:38:03,004 [INFO] 📁 Procesando archivo: a-ka-band-satcom-transceiver-in-65-nm-cmos-with-high-linearity-tx-and-dual-channel-wide-dynamic-range-rx-for-terrestrial-terminal_salida.txt
2026-04-09 14:38:03,020 [INFO] 📁 Procesando archivo: a-lagrangian-heuristic-for-satellite-range-scheduling-with-resource-constraints_salida.txt
2026-04-09 14:38:03,020 [INFO] 📁 Procesando archivo: a-novel-dual-polarized-continuous-transverse-stub-antenna-based-on-corrugated-waveguides-part-ii-experimental-demonstration_salida.txt
2026-04-09 14:38:03,020 [INFO] 📁 Procesando archivo: a-reflector-antenna-concept-robust-against-feed-failures-for-satellite-communications_salida.txt
2026-04-09 14:38:03,020 [INFO] 📁 Procesando archivo: a-survey-on-communication-networks-for-electric-system-automation_salida.txt
2026-04-09 14:38:03,020 [INFO] 📁 Procesando archivo: a-wideband-high-gain-high-efficiency-hybrid-integrated-plate-array-antenna-for-v-band-inter-satellite-links_salida.txt
2026-04-09 14:38:03,020 [INFO] 👉 [44] Iniciando debate...
2026-04-09 14:38:03,051 [INFO] 🔄 INICIANDO RONDA: 0 | Moderador: llama3.3:70b
2026-04-09 14:39:01,078 [INFO] 📊 [DLB] Generando análisis técnico con llama3.3:70b...
2026-04-09 14:39:01,078 [INFO] 📡 [PNM] Calculando recursos de red con llama3.3:70b...
2026-04-09 14:39:55,896 [INFO] 🔄 INICIANDO RONDA: 1 | Moderador: llama3.3:70b
2026-04-09 14:40:21,487 [INFO] 📊 [DLB] Generando análisis técnico con llama3.3:70b...
2026-04-09 14:40:21,487 [INFO] 📡 [PNM] Calculando recursos de red con llama3.3:70b...
2026-04-09 14:41:17,481 [INFO] 🔄 INICIANDO RONDA: 2 | Moderador: llama3.3:70b
2026-04-09 14:41:54,882 [INFO] 📊 [DLB] Generando análisis técnico con llama3.3:70b...
2026-04-09 14:41:54,882 [INFO] 📡 [PNM] Calculando recursos de red con llama3.3:70b...
2026-04-09 14:42:56,866 [INFO] 🔄 INICIANDO RONDA: 3 | Moderador: llama3.3:70b
2026-04-09 14:43:34,276 [INFO] 📊 [DLB] Generando análisis técnico con llama3.3:70b...
2026-04-09 14:43:34,276 [INFO] 📡 [PNM] Calculando recursos de red con llama3.3:70b...
2026-04-09 14:44:40,851 [INFO] 🔄 INICIANDO RONDA: 4 | Moderador: llama3.3:70b
2026-04-09 14:45:19,358 [INFO] ⚖️ [JUEZ] Generando respuesta consenso con llama3.3:70b...
2026-04-09 14:45:57,750 [INFO]    ✅ Finalizado.
2026-04-09 14:45:58,762 [INFO] 👉 [45] Iniciando debate...
2026-04-09 14:45:58,762 [INFO] 🔄 INICIANDO RONDA: 0 | Moderador: llama3.3:70b
2026-04-09 14:46:20,653 [INFO] 📊 [DLB] Generando análisis técnico con llama3.3:70b...
2026-04-09 14:46:20,653 [INFO] 📡 [PNM] Calculando recursos de red con llama3.3:70b...
2026-04-09 14:47:24,371 [INFO] 🔄 INICIANDO RONDA: 1 | Moderador: llama3.3:70b
2026-04-09 14:47:54,901 [INFO] 📊 [DLB] Generando análisis técnico con llama3.3:70b...
2026-04-09 14:47:54,901 [INFO] 📡 [PNM] Calculando recursos de red con llama3.3:70b...
2026-04-09 14:48:57,280 [INFO] 🔄 INICIANDO RONDA: 2 | Moderador: llama3.3:70b
2026-04-09 14:49:33,927 [INFO] 📊 [DLB] Generando análisis técnico con llama3.3:70b...
2026-04-09 14:49:33,927 [INFO] 📡 [PNM] Calculando recursos de red con llama3.3:70b...
2026-04-09 14:50:37,629 [INFO] 🔄 INICIANDO RONDA: 3 | Moderador: llama3.3:70b
2026-04-09 14:51:09,122 [INFO] 📊 [DLB] Generando análisis técnico con llama3.3:70b...
2026-04-09 14:51:09,122 [INFO] 📡 [PNM] Calculando recursos de red con llama3.3:70b...
2026-04-09 14:52:11,765 [INFO] 🔄 INICIANDO RONDA: 4 | Moderador: llama3.3:70b
2026-04-09 14:52:44,383 [INFO] ⚖️ [JUEZ] Generando respuesta consenso con llama3.3:70b...
2026-04-09 14:53:22,438 [INFO]    ✅ Finalizado.
2026-04-09 14:53:23,438 [INFO] 👉 [46] Iniciando debate...
2026-04-09 14:53:23,438 [INFO] 🔄 INICIANDO RONDA: 0 | Moderador: llama3.3:70b
2026-04-09 14:53:52,617 [INFO] 📊 [DLB] Generando análisis técnico con llama3.3:70b...
2026-04-09 14:53:52,617 [INFO] 📡 [PNM] Calculando recursos de red con llama3.3:70b...
2026-04-09 14:54:51,345 [INFO] 🔄 INICIANDO RONDA: 1 | Moderador: llama3.3:70b
2026-04-09 14:55:24,712 [INFO] 📊 [DLB] Generando análisis técnico con llama3.3:70b...
2026-04-09 14:55:24,712 [INFO] 📡 [PNM] Calculando recursos de red con llama3.3:70b...
2026-04-09 14:56:26,723 [INFO] 🔄 INICIANDO RONDA: 2 | Moderador: llama3.3:70b
2026-04-09 14:57:07,972 [INFO] 📊 [DLB] Generando análisis técnico con llama3.3:70b...
2026-04-09 14:57:07,972 [INFO] 📡 [PNM] Calculando recursos de red con llama3.3:70b...
2026-04-09 14:58:11,351 [INFO] 🔄 INICIANDO RONDA: 3 | Moderador: llama3.3:70b
2026-04-09 14:58:47,876 [INFO] 📊 [DLB] Generando análisis técnico con llama3.3:70b...
2026-04-09 14:58:47,876 [INFO] 📡 [PNM] Calculando recursos de red con llama3.3:70b...
2026-04-09 14:59:51,151 [INFO] 🔄 INICIANDO RONDA: 4 | Moderador: llama3.3:70b
2026-04-09 15:00:34,009 [INFO] ⚖️ [JUEZ] Generando respuesta consenso con llama3.3:70b...
2026-04-09 15:01:17,094 [INFO]    ✅ Finalizado.
2026-04-09 15:01:18,098 [INFO] 📁 Procesando archivo: aeronautical-ad-hoc-networking-for-the-internet-above-the-clouds_salida.txt
2026-04-09 15:01:18,098 [INFO] 👉 [47] Iniciando debate...
2026-04-09 15:01:18,114 [INFO] 🔄 INICIANDO RONDA: 0 | Moderador: llama3.3:70b
2026-04-09 15:01:35,641 [INFO] 📊 [DLB] Generando análisis técnico con llama3.3:70b...
2026-04-09 15:01:35,641 [INFO] 📡 [PNM] Calculando recursos de red con llama3.3:70b...
2026-04-09 15:02:23,412 [INFO] 🔄 INICIANDO RONDA: 1 | Moderador: llama3.3:70b
2026-04-09 15:02:47,471 [INFO] 📊 [DLB] Generando análisis técnico con llama3.3:70b...
2026-04-09 15:02:47,471 [INFO] 📡 [PNM] Calculando recursos de red con llama3.3:70b...
2026-04-09 15:03:47,573 [INFO] 🔄 INICIANDO RONDA: 2 | Moderador: llama3.3:70b
2026-04-09 15:04:17,763 [INFO] 📊 [DLB] Generando análisis técnico con llama3.3:70b...
2026-04-09 15:04:17,763 [INFO] 📡 [PNM] Calculando recursos de red con llama3.3:70b...
2026-04-09 15:05:15,904 [INFO] 🔄 INICIANDO RONDA: 3 | Moderador: llama3.3:70b
2026-04-09 15:05:39,196 [INFO] 📊 [DLB] Generando análisis técnico con llama3.3:70b...
2026-04-09 15:05:39,196 [INFO] 📡 [PNM] Calculando recursos de red con llama3.3:70b...
2026-04-09 15:06:40,474 [INFO] 🔄 INICIANDO RONDA: 4 | Moderador: llama3.3:70b
2026-04-09 15:07:06,528 [INFO] ⚖️ [JUEZ] Generando respuesta consenso con llama3.3:70b...
2026-04-09 15:07:41,593 [INFO]    ✅ Finalizado.
2026-04-09 15:07:42,605 [INFO] 👉 [48] Iniciando debate...
2026-04-09 15:07:42,605 [INFO] 🔄 INICIANDO RONDA: 0 | Moderador: llama3.3:70b
2026-04-09 15:08:07,749 [INFO] 📊 [DLB] Generando análisis técnico con llama3.3:70b...
2026-04-09 15:08:07,749 [INFO] 📡 [PNM] Calculando recursos de red con llama3.3:70b...
2026-04-09 15:09:07,621 [INFO] 🔄 INICIANDO RONDA: 1 | Moderador: llama3.3:70b
2026-04-09 15:09:32,709 [INFO] 📊 [DLB] Generando análisis técnico con llama3.3:70b...
2026-04-09 15:09:32,709 [INFO] 📡 [PNM] Calculando recursos de red con llama3.3:70b...
2026-04-09 15:10:36,808 [INFO] 🔄 INICIANDO RONDA: 2 | Moderador: llama3.3:70b
2026-04-09 15:11:12,414 [INFO] 📊 [DLB] Generando análisis técnico con llama3.3:70b...
2026-04-09 15:11:12,414 [INFO] 📡 [PNM] Calculando recursos de red con llama3.3:70b...
2026-04-09 15:12:17,011 [INFO] 🔄 INICIANDO RONDA: 3 | Moderador: llama3.3:70b
2026-04-09 15:12:51,087 [INFO] 📊 [DLB] Generando análisis técnico con llama3.3:70b...
2026-04-09 15:12:51,087 [INFO] 📡 [PNM] Calculando recursos de red con llama3.3:70b...
2026-04-09 15:13:56,990 [INFO] 🔄 INICIANDO RONDA: 4 | Moderador: llama3.3:70b
2026-04-09 15:14:29,716 [INFO] ⚖️ [JUEZ] Generando respuesta consenso con llama3.3:70b...
2026-04-09 15:14:37,663 [INFO]    ✅ Finalizado.
2026-04-11 16:43:46,081 [INFO] 📁 Procesando archivo: a-compact-low-noise-frontend-for-interleaved-rx-tx-arrays-at-k-ka-band_salida.txt
2026-04-11 16:43:46,096 [INFO] 📁 Procesando archivo: a-compact-lowpass-filter-for-satellite-communication-systems-based-on-transfer-function-analysis_salida.txt
2026-04-11 16:43:46,112 [INFO] 📁 Procesando archivo: a-framework-to-classify-heterogeneous-internet-traffic-with-machine-learning-and-deep-learning-techniques-for-satellite-communications_salida.txt
2026-04-11 16:43:46,112 [INFO] 📁 Procesando archivo: a-ka-band-satcom-transceiver-in-65-nm-cmos-with-high-linearity-tx-and-dual-channel-wide-dynamic-range-rx-for-terrestrial-terminal_salida.txt
2026-04-11 16:43:46,128 [INFO] 📁 Procesando archivo: a-lagrangian-heuristic-for-satellite-range-scheduling-with-resource-constraints_salida.txt
2026-04-11 16:43:46,128 [INFO] 📁 Procesando archivo: a-novel-dual-polarized-continuous-transverse-stub-antenna-based-on-corrugated-waveguides-part-ii-experimental-demonstration_salida.txt
2026-04-11 16:43:46,143 [INFO] 📁 Procesando archivo: a-reflector-antenna-concept-robust-against-feed-failures-for-satellite-communications_salida.txt
2026-04-11 16:43:46,143 [INFO] 📁 Procesando archivo: a-survey-on-communication-networks-for-electric-system-automation_salida.txt
2026-04-11 16:43:46,159 [INFO] 📁 Procesando archivo: a-wideband-high-gain-high-efficiency-hybrid-integrated-plate-array-antenna-for-v-band-inter-satellite-links_salida.txt
2026-04-11 16:43:46,159 [INFO] 📁 Procesando archivo: aeronautical-ad-hoc-networking-for-the-internet-above-the-clouds_salida.txt
2026-04-11 16:43:46,174 [INFO] 👉 [48] Iniciando debate...
2026-04-11 16:43:46,206 [INFO] 🔄 INICIANDO RONDA: 0 | Moderador: llama3.3:70b
2026-04-11 16:44:46,117 [INFO] 📊 [DLB] Generando análisis técnico con llama3.3:70b...
2026-04-11 16:44:46,117 [INFO] 📡 [PNM] Calculando recursos de red con llama3.3:70b...
2026-04-11 16:45:39,007 [INFO] 🔄 INICIANDO RONDA: 1 | Moderador: llama3.3:70b
2026-04-11 16:46:09,046 [INFO] 📊 [DLB] Generando análisis técnico con llama3.3:70b...
2026-04-11 16:46:09,046 [INFO] 📡 [PNM] Calculando recursos de red con llama3.3:70b...
2026-04-11 16:47:06,890 [INFO] 🔄 INICIANDO RONDA: 2 | Moderador: llama3.3:70b
2026-04-11 16:47:45,761 [INFO] 📊 [DLB] Generando análisis técnico con llama3.3:70b...
2026-04-11 16:47:45,761 [INFO] 📡 [PNM] Calculando recursos de red con llama3.3:70b...
2026-04-11 16:48:58,802 [INFO] 🔄 INICIANDO RONDA: 3 | Moderador: llama3.3:70b
2026-04-11 16:49:38,998 [INFO] 📊 [DLB] Generando análisis técnico con llama3.3:70b...
2026-04-11 16:49:38,998 [INFO] 📡 [PNM] Calculando recursos de red con llama3.3:70b...
2026-04-11 16:50:39,602 [INFO] 🔄 INICIANDO RONDA: 4 | Moderador: llama3.3:70b
2026-04-11 16:51:17,114 [INFO] ⚖️ [JUEZ] Generando respuesta consenso con llama3.3:70b...
2026-04-11 16:51:59,456 [INFO]    ✅ Finalizado.
2026-04-11 16:52:00,456 [INFO] 👉 [49] Iniciando debate...
2026-04-11 16:52:00,456 [INFO] 🔄 INICIANDO RONDA: 0 | Moderador: llama3.3:70b
2026-04-11 16:52:25,053 [INFO] 📊 [DLB] Generando análisis técnico con llama3.3:70b...
2026-04-11 16:52:25,053 [INFO] 📡 [PNM] Calculando recursos de red con llama3.3:70b...
2026-04-11 16:53:37,057 [INFO] 🔄 INICIANDO RONDA: 1 | Moderador: llama3.3:70b
2026-04-11 16:54:07,723 [INFO] 📊 [DLB] Generando análisis técnico con llama3.3:70b...
2026-04-11 16:54:07,723 [INFO] 📡 [PNM] Calculando recursos de red con llama3.3:70b...
2026-04-11 16:55:15,064 [INFO] 🔄 INICIANDO RONDA: 2 | Moderador: llama3.3:70b
2026-04-11 16:55:58,297 [INFO] 📊 [DLB] Generando análisis técnico con llama3.3:70b...
2026-04-11 16:55:58,297 [INFO] 📡 [PNM] Calculando recursos de red con llama3.3:70b...
2026-04-11 16:57:06,390 [INFO] 🔄 INICIANDO RONDA: 3 | Moderador: llama3.3:70b
2026-04-11 16:57:56,446 [INFO] 📊 [DLB] Generando análisis técnico con llama3.3:70b...
2026-04-11 16:57:56,446 [INFO] 📡 [PNM] Calculando recursos de red con llama3.3:70b...
2026-04-11 16:59:12,074 [INFO] 🔄 INICIANDO RONDA: 4 | Moderador: llama3.3:70b
2026-04-11 17:00:20,377 [INFO] ⚖️ [JUEZ] Generando respuesta consenso con llama3.3:70b...
2026-04-11 17:01:10,190 [INFO]    ✅ Finalizado.
2026-04-11 17:01:11,203 [INFO] 👉 [50] Iniciando debate...
2026-04-11 17:01:11,203 [INFO] 🔄 INICIANDO RONDA: 0 | Moderador: llama3.3:70b
2026-04-11 17:01:41,812 [INFO] 📊 [DLB] Generando análisis técnico con llama3.3:70b...
2026-04-11 17:01:41,812 [INFO] 📡 [PNM] Calculando recursos de red con llama3.3:70b...
2026-04-11 17:02:46,951 [INFO] 🔄 INICIANDO RONDA: 1 | Moderador: llama3.3:70b
2026-04-11 17:03:17,175 [INFO] 📊 [DLB] Generando análisis técnico con llama3.3:70b...
2026-04-11 17:03:17,175 [INFO] 📡 [PNM] Calculando recursos de red con llama3.3:70b...
2026-04-11 17:04:16,197 [INFO] 🔄 INICIANDO RONDA: 2 | Moderador: llama3.3:70b
2026-04-11 17:04:57,232 [INFO] 📊 [DLB] Generando análisis técnico con llama3.3:70b...
2026-04-11 17:04:57,232 [INFO] 📡 [PNM] Calculando recursos de red con llama3.3:70b...
2026-04-11 17:05:56,763 [INFO] 🔄 INICIANDO RONDA: 3 | Moderador: llama3.3:70b
2026-04-11 17:06:31,611 [INFO] 📊 [DLB] Generando análisis técnico con llama3.3:70b...
2026-04-11 17:06:31,611 [INFO] 📡 [PNM] Calculando recursos de red con llama3.3:70b...
2026-04-11 17:07:33,618 [INFO] 🔄 INICIANDO RONDA: 4 | Moderador: llama3.3:70b
2026-04-11 17:08:14,059 [INFO] ⚖️ [JUEZ] Generando respuesta consenso con llama3.3:70b...
2026-04-11 17:08:54,902 [INFO]    ✅ Finalizado.
2026-04-11 17:08:55,912 [INFO] 👉 [51] Iniciando debate...
2026-04-11 17:08:55,912 [INFO] 🔄 INICIANDO RONDA: 0 | Moderador: llama3.3:70b
2026-04-11 17:09:19,397 [INFO] 📊 [DLB] Generando análisis técnico con llama3.3:70b...
2026-04-11 17:09:19,397 [INFO] 📡 [PNM] Calculando recursos de red con llama3.3:70b...
2026-04-12 11:45:17,291 [INFO] 📁 Procesando archivo: a-compact-low-noise-frontend-for-interleaved-rx-tx-arrays-at-k-ka-band_salida.txt
2026-04-12 11:45:17,307 [INFO] 👉 [1] Iniciando debate...
2026-04-12 11:45:17,338 [INFO] 🔄 INICIANDO RONDA: 0 | Moderador: llama3.3:70b
2026-04-12 11:45:19,869 [INFO] 📊 RAG: 0 tablas y 1 textos enviados al experto.
2026-04-12 11:46:15,327 [INFO] 📊 [DLB] Generando análisis técnico con deepseek-r1:70b...
2026-04-12 11:46:15,329 [INFO] 📡 [PNM] Calculando recursos de red con qwen2.5:72b...
2026-04-12 11:46:18,209 [INFO] 📊 RAG: 0 tablas y 0 textos enviados al experto.
2026-04-12 11:46:18,237 [INFO] 📊 RAG: 0 tablas y 0 textos enviados al experto.
2026-04-12 11:55:50,757 [INFO] 📁 Procesando archivo: a-compact-low-noise-frontend-for-interleaved-rx-tx-arrays-at-k-ka-band_salida.txt
2026-04-12 11:55:50,757 [INFO] 👉 [1] Iniciando debate...
2026-04-12 11:55:50,772 [INFO] 🔄 INICIANDO RONDA: 0 | Moderador: llama3.3:70b
2026-04-12 11:55:53,210 [INFO] QUERY RAG: How does interleaved array element spacing affect coverage patterns and grating lobe suppression in Ka-band satellite links?
2026-04-12 11:55:53,225 [ERROR] ⚠️ Error RAG: The truth value of an array with more than one element is ambiguous. Use a.any() or a.all()
2026-04-12 11:56:39,588 [INFO] 📊 [DLB] Generando análisis técnico con deepseek-r1:70b...
2026-04-12 11:56:39,590 [INFO] 📡 [PNM] Calculando recursos de red con qwen2.5:72b...
2026-04-12 11:56:42,510 [INFO] QUERY RAG: How does interleaved array element spacing affect coverage patterns and grating lobe suppression in Ka-band satellite links?
2026-04-12 11:56:42,510 [ERROR] ⚠️ Error RAG: The truth value of an array with more than one element is ambiguous. Use a.any() or a.all()
2026-04-12 11:56:42,535 [INFO] QUERY RAG: How does interleaved array element spacing affect coverage patterns and grating lobe suppression in Ka-band satellite links?
2026-04-12 11:56:42,535 [ERROR] ⚠️ Error RAG: The truth value of an array with more than one element is ambiguous. Use a.any() or a.all()
2026-04-12 12:02:45,857 [INFO] 📁 Procesando archivo: a-compact-low-noise-frontend-for-interleaved-rx-tx-arrays-at-k-ka-band_salida.txt
2026-04-12 12:02:45,857 [INFO] 👉 [1] Iniciando debate...
2026-04-12 12:02:45,872 [INFO] 🔄 INICIANDO RONDA: 0 | Moderador: llama3.3:70b
2026-04-12 12:02:48,310 [INFO] TOP SCORE: 1.4195467233657837
2026-04-12 12:02:48,310 [INFO] 📊 RAG: 0 tablas y 2 textos enviados al experto.
2026-04-12 12:03:40,569 [INFO] 📊 [DLB] Generando análisis técnico con deepseek-r1:70b...
2026-04-12 12:03:40,570 [INFO] 📡 [PNM] Calculando recursos de red con qwen2.5:72b...
2026-04-12 12:03:43,134 [INFO] TOP SCORE: 1.4195467233657837
2026-04-12 12:03:43,134 [INFO] 📊 RAG: 0 tablas y 2 textos enviados al experto.
2026-04-12 12:03:43,159 [INFO] TOP SCORE: 1.4195467233657837
2026-04-12 12:03:43,159 [INFO] 📊 RAG: 0 tablas y 2 textos enviados al experto.
2026-04-12 12:09:55,218 [INFO] 🔄 INICIANDO RONDA: 1 | Moderador: llama3.3:70b
2026-04-12 12:11:04,938 [INFO] 📊 [DLB] Generando análisis técnico con deepseek-r1:70b...
2026-04-12 12:11:04,938 [INFO] 📡 [PNM] Calculando recursos de red con qwen2.5:72b...
2026-04-12 12:11:07,537 [INFO] TOP SCORE: 1.4195467233657837
2026-04-12 12:11:07,537 [INFO] 📊 RAG: 0 tablas y 2 textos enviados al experto.
2026-04-12 12:11:07,550 [INFO] TOP SCORE: 1.4195467233657837
2026-04-12 12:11:07,551 [INFO] 📊 RAG: 0 tablas y 2 textos enviados al experto.
2026-04-12 12:17:27,884 [INFO] 🔄 INICIANDO RONDA: 2 | Moderador: llama3.3:70b
2026-04-12 12:18:34,006 [INFO] 📊 [DLB] Generando análisis técnico con deepseek-r1:70b...
2026-04-12 12:18:34,006 [INFO] 📡 [PNM] Calculando recursos de red con qwen2.5:72b...
2026-04-12 12:18:36,611 [INFO] TOP SCORE: 1.4195467233657837
2026-04-12 12:18:36,611 [INFO] 📊 RAG: 0 tablas y 2 textos enviados al experto.
2026-04-12 12:18:36,611 [INFO] TOP SCORE: 1.4195467233657837
2026-04-12 12:18:36,611 [INFO] 📊 RAG: 0 tablas y 2 textos enviados al experto.
2026-04-12 12:24:17,753 [INFO] 🔄 INICIANDO RONDA: 3 | Moderador: llama3.3:70b
2026-04-12 12:25:28,229 [INFO] 📊 [DLB] Generando análisis técnico con deepseek-r1:70b...
2026-04-12 12:25:28,229 [INFO] 📡 [PNM] Calculando recursos de red con qwen2.5:72b...
2026-04-12 12:25:30,791 [INFO] TOP SCORE: 1.4195467233657837
2026-04-12 12:25:30,791 [INFO] 📊 RAG: 0 tablas y 2 textos enviados al experto.
2026-04-12 12:25:30,825 [INFO] TOP SCORE: 1.4195467233657837
2026-04-12 12:25:30,825 [INFO] 📊 RAG: 0 tablas y 2 textos enviados al experto.
2026-04-12 12:31:58,313 [INFO] 🔄 INICIANDO RONDA: 4 | Moderador: llama3.3:70b
2026-04-12 12:33:05,896 [INFO] ⚖️ [JUEZ] Generando respuesta consenso con llama3.3:70b...
2026-04-12 12:34:51,082 [INFO]    ✅ Finalizado.
2026-04-12 12:34:52,093 [INFO] 📁 Procesando archivo: a-compact-lowpass-filter-for-satellite-communication-systems-based-on-transfer-function-analysis_salida.txt
2026-04-12 12:34:52,105 [INFO] 👉 [2] Iniciando debate...
2026-04-12 12:34:52,106 [INFO] 🔄 INICIANDO RONDA: 0 | Moderador: llama3.3:70b
2026-04-12 12:34:54,750 [INFO] TOP SCORE: 2.5584475994110107
2026-04-12 12:34:54,750 [INFO] 📊 RAG: 0 tablas y 5 textos enviados al experto.
2026-04-12 12:48:48,155 [INFO] 📁 Procesando archivo: a-compact-low-noise-frontend-for-interleaved-rx-tx-arrays-at-k-ka-band_salida.txt
2026-04-12 12:48:48,171 [INFO] 👉 [1] Iniciando debate...
2026-04-12 12:48:48,186 [INFO] 🔄 INICIANDO RONDA: 0 | Moderador: llama3.3:70b
2026-04-12 12:48:50,952 [INFO] TOP SCORE: 1.4195467233657837
2026-04-12 12:48:50,952 [INFO] 📊 RAG: 0 tablas y 2 textos enviados al experto.
2026-04-12 12:49:45,421 [INFO] 📊 [DLB] Generando análisis técnico con llama3.3:70b...
2026-04-12 12:49:45,421 [INFO] 📡 [PNM] Calculando recursos de red con llama3.3:70b...
2026-04-12 12:50:24,391 [INFO] 🔄 INICIANDO RONDA: 1 | Moderador: llama3.3:70b
2026-04-12 12:50:47,461 [INFO] 📊 [DLB] Generando análisis técnico con llama3.3:70b...
2026-04-12 12:50:47,461 [INFO] 📡 [PNM] Calculando recursos de red con llama3.3:70b...
2026-04-12 12:51:36,292 [INFO] 🔄 INICIANDO RONDA: 2 | Moderador: llama3.3:70b
2026-04-12 12:52:03,989 [INFO] 📊 [DLB] Generando análisis técnico con llama3.3:70b...
2026-04-12 12:52:03,989 [INFO] 📡 [PNM] Calculando recursos de red con llama3.3:70b...
2026-04-12 12:52:46,897 [INFO] 🔄 INICIANDO RONDA: 3 | Moderador: llama3.3:70b
2026-04-12 12:53:29,225 [INFO] 📁 Procesando archivo: a-compact-low-noise-frontend-for-interleaved-rx-tx-arrays-at-k-ka-band_salida.txt
2026-04-12 12:53:29,225 [INFO] 👉 [1] Iniciando debate...
2026-04-12 12:53:29,240 [INFO] 🔄 INICIANDO RONDA: 0 | Moderador: llama3.3:70b
2026-04-12 12:53:31,678 [INFO] TOP SCORE: 1.4195467233657837
2026-04-12 12:53:31,678 [INFO] 📊 RAG: 0 tablas y 2 textos enviados al experto.
2026-04-12 12:53:49,852 [INFO] 📊 [DLB] Generando análisis técnico con llama3.3:70b...
2026-04-12 12:53:49,852 [INFO] 📡 [PNM] Calculando recursos de red con llama3.3:70b...
2026-04-12 12:54:49,381 [INFO] 🔄 INICIANDO RONDA: 1 | Moderador: llama3.3:70b
2026-04-12 12:55:10,212 [INFO] 📊 [DLB] Generando análisis técnico con llama3.3:70b...
2026-04-12 12:55:10,212 [INFO] 📡 [PNM] Calculando recursos de red con llama3.3:70b...
2026-04-12 12:56:06,144 [INFO] 🔄 INICIANDO RONDA: 2 | Moderador: llama3.3:70b
2026-04-12 12:56:32,178 [INFO] 📊 [DLB] Generando análisis técnico con llama3.3:70b...
2026-04-12 12:56:32,178 [INFO] 📡 [PNM] Calculando recursos de red con llama3.3:70b...
2026-04-12 12:57:32,805 [INFO] 🔄 INICIANDO RONDA: 3 | Moderador: llama3.3:70b
2026-04-12 12:57:58,562 [INFO] 📊 [DLB] Generando análisis técnico con llama3.3:70b...
2026-04-12 12:57:58,562 [INFO] 📡 [PNM] Calculando recursos de red con llama3.3:70b...
2026-04-12 12:58:54,864 [INFO] 🔄 INICIANDO RONDA: 4 | Moderador: llama3.3:70b
2026-04-12 12:59:21,020 [INFO] ⚖️ [JUEZ] Generando respuesta consenso con llama3.3:70b...
2026-04-12 12:59:54,522 [INFO]    ✅ Finalizado.
2026-04-12 12:59:55,522 [INFO] 📁 Procesando archivo: a-compact-lowpass-filter-for-satellite-communication-systems-based-on-transfer-function-analysis_salida.txt
2026-04-12 12:59:55,522 [INFO] 👉 [2] Iniciando debate...
2026-04-12 12:59:55,522 [INFO] 🔄 INICIANDO RONDA: 0 | Moderador: llama3.3:70b
2026-04-12 12:59:57,960 [INFO] TOP SCORE: 2.5584475994110107
2026-04-12 12:59:57,960 [INFO] 📊 RAG: 0 tablas y 5 textos enviados al experto.
2026-04-12 13:09:55,574 [INFO] 📁 Procesando archivo: a-compact-low-noise-frontend-for-interleaved-rx-tx-arrays-at-k-ka-band_salida.txt
2026-04-12 13:09:55,574 [INFO] 👉 [1] Iniciando debate...
2026-04-12 13:09:55,589 [INFO] 🔄 INICIANDO RONDA: 0 | Moderador: llama3.3:70b
2026-04-12 13:09:58,355 [INFO] TOP SCORE: 1.4195467233657837
2026-04-12 13:09:58,355 [INFO] 📊 RAG: 0 tablas y 2 textos enviados al experto.
2026-04-12 13:10:52,538 [INFO] 📊 [DLB] Generando análisis técnico con llama3.3:70b...
2026-04-12 13:10:52,538 [INFO] 📡 [PNM] Calculando recursos de red con llama3.3:70b...
2026-04-12 13:11:35,887 [INFO] 🔄 INICIANDO RONDA: 1 | Moderador: llama3.3:70b
2026-04-12 13:11:57,709 [INFO] 📊 [DLB] Generando análisis técnico con llama3.3:70b...
2026-04-12 13:11:57,709 [INFO] 📡 [PNM] Calculando recursos de red con llama3.3:70b...
2026-04-12 13:12:48,799 [INFO] 🔄 INICIANDO RONDA: 2 | Moderador: llama3.3:70b
2026-04-12 13:13:18,040 [INFO] 📊 [DLB] Generando análisis técnico con llama3.3:70b...
2026-04-12 13:13:18,040 [INFO] 📡 [PNM] Calculando recursos de red con llama3.3:70b...
2026-04-12 13:14:07,729 [INFO] 🔄 INICIANDO RONDA: 3 | Moderador: llama3.3:70b
2026-04-12 13:14:37,068 [INFO] 📊 [DLB] Generando análisis técnico con llama3.3:70b...
2026-04-12 13:14:37,068 [INFO] 📡 [PNM] Calculando recursos de red con llama3.3:70b...
2026-04-12 13:15:31,070 [INFO] 🔄 INICIANDO RONDA: 4 | Moderador: llama3.3:70b
2026-04-12 13:16:03,644 [INFO] ⚖️ [JUEZ] Generando respuesta consenso con llama3.3:70b...
2026-04-12 13:16:38,261 [INFO]    ✅ Finalizado.
2026-04-12 13:16:39,261 [INFO] 📁 Procesando archivo: a-compact-lowpass-filter-for-satellite-communication-systems-based-on-transfer-function-analysis_salida.txt
2026-04-12 13:16:39,261 [INFO] 👉 [2] Iniciando debate...
2026-04-12 13:16:39,261 [INFO] 🔄 INICIANDO RONDA: 0 | Moderador: llama3.3:70b
2026-04-12 13:16:41,699 [INFO] TOP SCORE: 2.5584475994110107
2026-04-12 13:16:41,699 [INFO] 📊 RAG: 0 tablas y 5 textos enviados al experto.
2026-04-12 13:32:39,433 [INFO] 📁 Procesando archivo: a-compact-low-noise-frontend-for-interleaved-rx-tx-arrays-at-k-ka-band_salida.txt
2026-04-12 13:32:39,448 [INFO] 👉 [1] Iniciando debate...
2026-04-12 13:32:39,464 [INFO] 🔄 INICIANDO RONDA: 0 | Moderador: llama3.3:70b
2026-04-12 13:32:42,167 [INFO] TOP SCORE: 1.4195467233657837
2026-04-12 13:32:42,167 [INFO] 📊 RAG: 0 tablas y 2 textos enviados al experto.
2026-04-12 13:33:36,853 [INFO] 📊 [DLB] Generando análisis técnico con deepseek-r1:70b...
2026-04-12 13:33:36,854 [INFO] 📡 [PNM] Calculando recursos de red con qwen2.5:72b...
2026-04-12 13:37:58,269 [INFO] 🔄 INICIANDO RONDA: 1 | Moderador: llama3.3:70b
2026-04-12 13:38:59,615 [INFO] 📊 [DLB] Generando análisis técnico con deepseek-r1:70b...
2026-04-12 13:38:59,615 [INFO] 📡 [PNM] Calculando recursos de red con qwen2.5:72b...
2026-04-12 13:43:40,208 [INFO] 🔄 INICIANDO RONDA: 2 | Moderador: llama3.3:70b
2026-04-12 13:46:54,531 [INFO] 📁 Procesando archivo: a-compact-low-noise-frontend-for-interleaved-rx-tx-arrays-at-k-ka-band_salida.txt
2026-04-12 13:46:54,546 [INFO] 👉 [1] Iniciando debate...
2026-04-12 13:46:54,546 [INFO] 🔄 INICIANDO RONDA: 0 | Moderador: llama3.3:70b
2026-04-12 13:46:56,953 [INFO] TOP SCORE: 1.4195467233657837
2026-04-12 13:46:56,953 [INFO] 📊 RAG: 0 tablas y 2 textos enviados al experto.
2026-04-12 13:47:53,755 [INFO] 📊 [DLB] Generando análisis técnico con deepseek-r1:70b...
2026-04-12 13:47:53,755 [INFO] 📡 [PNM] Calculando recursos de red con qwen2.5:72b...
2026-04-12 13:53:33,939 [INFO] 🔄 INICIANDO RONDA: 1 | Moderador: llama3.3:70b
2026-04-12 13:54:35,686 [INFO] 📊 [DLB] Generando análisis técnico con deepseek-r1:70b...
2026-04-12 13:54:35,686 [INFO] 📡 [PNM] Calculando recursos de red con qwen2.5:72b...
2026-04-12 14:00:08,050 [INFO] 🔄 INICIANDO RONDA: 2 | Moderador: llama3.3:70b
2026-04-12 14:01:09,977 [INFO] 📊 [DLB] Generando análisis técnico con deepseek-r1:70b...
2026-04-12 14:01:09,978 [INFO] 📡 [PNM] Calculando recursos de red con qwen2.5:72b...
2026-04-12 14:06:20,159 [INFO] 🔄 INICIANDO RONDA: 3 | Moderador: llama3.3:70b
2026-04-12 14:07:24,065 [INFO] 📊 [DLB] Generando análisis técnico con deepseek-r1:70b...
2026-04-12 14:07:24,066 [INFO] 📡 [PNM] Calculando recursos de red con qwen2.5:72b...
2026-04-12 14:13:43,324 [INFO] 🔄 INICIANDO RONDA: 4 | Moderador: llama3.3:70b
2026-04-12 14:14:49,972 [INFO] ⚖️ [JUEZ] Generando respuesta consenso con llama3.3:70b...
2026-04-12 14:16:00,944 [INFO]    ✅ Finalizado.
2026-04-12 14:16:01,960 [INFO] 📁 Procesando archivo: a-compact-lowpass-filter-for-satellite-communication-systems-based-on-transfer-function-analysis_salida.txt
2026-04-12 14:16:01,960 [INFO] 👉 [2] Iniciando debate...
2026-04-12 14:16:01,960 [INFO] 🔄 INICIANDO RONDA: 0 | Moderador: llama3.3:70b
2026-04-12 14:16:04,431 [INFO] TOP SCORE: 2.5584475994110107
2026-04-12 14:16:04,431 [INFO] 📊 RAG: 0 tablas y 5 textos enviados al experto.
2026-04-12 14:41:32,625 [INFO] 📁 Procesando archivo: a-compact-low-noise-frontend-for-interleaved-rx-tx-arrays-at-k-ka-band_salida.txt
2026-04-12 14:41:32,625 [INFO] 👉 [1] Iniciando debate...
2026-04-12 14:41:32,641 [INFO] 🔄 INICIANDO RONDA: 0 | Moderador: llama3.3:70b
2026-04-12 14:41:35,422 [INFO] TOP SCORE: 1.4195467233657837
2026-04-12 14:41:35,422 [INFO] 📊 RAG: 0 tablas y 2 textos enviados al experto.
2026-04-12 14:43:45,065 [INFO] 📊 [DLB] Generando análisis técnico con deepseek-r1:70b...
2026-04-12 14:43:45,065 [INFO] 📡 [PNM] Calculando recursos de red con qwen2.5:72b...
2026-04-12 14:49:53,066 [INFO] 🔄 INICIANDO RONDA: 1 | Moderador: llama3.3:70b
2026-04-12 14:50:52,468 [INFO] 📊 [DLB] Generando análisis técnico con deepseek-r1:70b...
2026-04-12 14:50:52,468 [INFO] 📡 [PNM] Calculando recursos de red con qwen2.5:72b...
2026-04-12 14:54:45,009 [INFO] 🔄 INICIANDO RONDA: 2 | Moderador: llama3.3:70b
2026-04-12 14:55:44,416 [INFO] 📊 [DLB] Generando análisis técnico con deepseek-r1:70b...
2026-04-12 14:55:44,416 [INFO] 📡 [PNM] Calculando recursos de red con qwen2.5:72b...
2026-04-12 15:00:49,979 [INFO] 🔄 INICIANDO RONDA: 3 | Moderador: llama3.3:70b
2026-04-12 15:01:50,259 [INFO] 📊 [DLB] Generando análisis técnico con deepseek-r1:70b...
2026-04-12 15:01:50,259 [INFO] 📡 [PNM] Calculando recursos de red con qwen2.5:72b...
2026-04-12 15:07:51,092 [INFO] 🔄 INICIANDO RONDA: 4 | Moderador: llama3.3:70b
2026-04-12 15:08:54,846 [INFO] ⚖️ [JUEZ] Generando respuesta consenso con llama3.3:70b...
2026-04-12 15:10:22,907 [INFO]    ✅ Finalizado.
2026-04-12 15:10:23,911 [INFO] 📁 Procesando archivo: a-compact-lowpass-filter-for-satellite-communication-systems-based-on-transfer-function-analysis_salida.txt
2026-04-12 15:10:23,911 [INFO] 👉 [2] Iniciando debate...
2026-04-12 15:10:23,911 [INFO] 🔄 INICIANDO RONDA: 0 | Moderador: llama3.3:70b
2026-04-12 15:10:26,382 [INFO] TOP SCORE: 2.5584475994110107
2026-04-12 15:10:26,382 [INFO] 📊 RAG: 0 tablas y 5 textos enviados al experto.
2026-04-12 15:12:48,315 [INFO] 📊 [DLB] Generando análisis técnico con deepseek-r1:70b...
2026-04-12 15:12:48,316 [INFO] 📡 [PNM] Calculando recursos de red con qwen2.5:72b...
2026-04-12 15:15:37,516 [INFO] 📁 Procesando archivo: a-compact-low-noise-frontend-for-interleaved-rx-tx-arrays-at-k-ka-band_salida.txt
2026-04-12 15:15:37,531 [INFO] 👉 [1] Iniciando debate...
2026-04-12 15:15:37,547 [INFO] 🔄 INICIANDO RONDA: 0 | Moderador: llama3.1:8b
2026-04-12 15:15:40,312 [INFO] TOP SCORE: 1.4195467233657837
2026-04-12 15:15:40,312 [INFO] 📊 RAG: 0 tablas y 2 textos enviados al experto.
2026-04-12 15:18:55,988 [INFO] 📁 Procesando archivo: a-compact-low-noise-frontend-for-interleaved-rx-tx-arrays-at-k-ka-band_salida.txt
2026-04-12 15:18:55,988 [INFO] 👉 [1] Iniciando debate...
2026-04-12 15:18:56,004 [INFO] 🔄 INICIANDO RONDA: 0 | Moderador: gemma2:2b
2026-04-12 15:18:58,800 [INFO] TOP SCORE: 1.4195467233657837
2026-04-12 15:18:58,800 [INFO] 📊 RAG: 0 tablas y 2 textos enviados al experto.
2026-04-12 15:19:08,873 [INFO] 📊 [DLB] Generando análisis técnico con qwen2.5:1.5b...
2026-04-12 15:19:08,873 [INFO] 📡 [PNM] Calculando recursos de red con deepseek-r1:1.5b...
2026-04-12 15:19:20,348 [INFO] 🔄 INICIANDO RONDA: 1 | Moderador: gemma2:2b
2026-04-12 15:19:21,612 [INFO] 📊 [DLB] Generando análisis técnico con qwen2.5:1.5b...
2026-04-12 15:19:21,612 [INFO] 📡 [PNM] Calculando recursos de red con deepseek-r1:1.5b...
2026-04-12 15:19:27,292 [INFO] 🔄 INICIANDO RONDA: 2 | Moderador: gemma2:2b
2026-04-12 15:19:28,869 [INFO] 📊 [DLB] Generando análisis técnico con qwen2.5:1.5b...
2026-04-12 15:19:28,869 [INFO] 📡 [PNM] Calculando recursos de red con deepseek-r1:1.5b...
2026-04-12 15:19:34,746 [INFO] 🔄 INICIANDO RONDA: 3 | Moderador: gemma2:2b
2026-04-12 15:19:36,152 [INFO] 📊 [DLB] Generando análisis técnico con qwen2.5:1.5b...
2026-04-12 15:19:36,152 [INFO] 📡 [PNM] Calculando recursos de red con deepseek-r1:1.5b...
2026-04-12 15:19:43,031 [INFO] 🔄 INICIANDO RONDA: 4 | Moderador: gemma2:2b
2026-04-12 15:19:44,434 [INFO] ⚖️ [JUEZ] Generando respuesta consenso con gemma2:2b...
2026-04-12 15:19:47,447 [INFO]    ✅ Finalizado.
2026-04-12 15:19:48,459 [INFO] 📁 Procesando archivo: a-compact-lowpass-filter-for-satellite-communication-systems-based-on-transfer-function-analysis_salida.txt
2026-04-12 15:19:48,459 [INFO] 👉 [2] Iniciando debate...
2026-04-12 15:19:48,459 [INFO] 🔄 INICIANDO RONDA: 0 | Moderador: gemma2:2b
2026-04-12 15:19:50,959 [INFO] TOP SCORE: 2.5584475994110107
2026-04-12 15:19:50,959 [INFO] 📊 RAG: 0 tablas y 5 textos enviados al experto.
2026-04-12 15:19:57,324 [INFO] 📊 [DLB] Generando análisis técnico con qwen2.5:1.5b...
2026-04-12 15:19:57,324 [INFO] 📡 [PNM] Calculando recursos de red con deepseek-r1:1.5b...
2026-04-12 15:28:28,463 [INFO] 📁 Procesando archivo: a-compact-low-noise-frontend-for-interleaved-rx-tx-arrays-at-k-ka-band_salida.txt
2026-04-12 15:28:28,463 [INFO] 👉 [1] Iniciando debate...
2026-04-12 15:28:28,478 [INFO] 🔄 INICIANDO RONDA: 0 | Moderador: gemma2:2b
2026-04-12 15:28:31,189 [INFO] TOP SCORE: 1.4195467233657837
2026-04-12 15:28:31,189 [INFO] 📊 RAG: 0 tablas y 2 textos enviados al experto.
2026-04-12 15:28:37,428 [INFO] 📊 [DLB] Generando análisis técnico con qwen2.5:1.5b...
2026-04-12 15:28:37,428 [INFO] 📡 [PNM] Calculando recursos de red con deepseek-r1:1.5b...
2026-04-12 15:28:45,263 [INFO] 🔄 INICIANDO RONDA: 1 | Moderador: gemma2:2b
2026-04-12 15:28:47,424 [INFO] 📊 [DLB] Generando análisis técnico con qwen2.5:1.5b...
2026-04-12 15:28:47,424 [INFO] 📡 [PNM] Calculando recursos de red con deepseek-r1:1.5b...
2026-04-12 15:28:54,154 [INFO] 🔄 INICIANDO RONDA: 2 | Moderador: gemma2:2b
2026-04-12 15:28:55,861 [INFO] 📊 [DLB] Generando análisis técnico con qwen2.5:1.5b...
2026-04-12 15:28:55,861 [INFO] 📡 [PNM] Calculando recursos de red con deepseek-r1:1.5b...
2026-04-12 15:29:01,745 [INFO] 🔄 INICIANDO RONDA: 3 | Moderador: gemma2:2b
2026-04-12 15:29:03,309 [INFO] 📊 [DLB] Generando análisis técnico con qwen2.5:1.5b...
2026-04-12 15:29:03,309 [INFO] 📡 [PNM] Calculando recursos de red con deepseek-r1:1.5b...
2026-04-12 15:29:09,082 [INFO] 🔄 INICIANDO RONDA: 4 | Moderador: gemma2:2b
2026-04-12 15:29:10,670 [INFO] ⚖️ [JUEZ] Generando respuesta consenso con gemma2:2b...
2026-04-12 15:29:14,798 [INFO]    ✅ Finalizado.
2026-04-12 15:29:15,804 [INFO] 📁 Procesando archivo: a-compact-lowpass-filter-for-satellite-communication-systems-based-on-transfer-function-analysis_salida.txt
2026-04-12 15:29:15,804 [INFO] 👉 [2] Iniciando debate...
2026-04-12 15:29:15,804 [INFO] 🔄 INICIANDO RONDA: 0 | Moderador: gemma2:2b
2026-04-12 15:29:18,257 [INFO] TOP SCORE: 2.5584475994110107
2026-04-12 15:29:18,257 [INFO] 📊 RAG: 0 tablas y 5 textos enviados al experto.
2026-04-12 15:29:25,064 [INFO] 📊 [DLB] Generando análisis técnico con qwen2.5:1.5b...
2026-04-12 15:29:25,064 [INFO] 📡 [PNM] Calculando recursos de red con deepseek-r1:1.5b...
2026-04-12 15:29:33,232 [INFO] 🔄 INICIANDO RONDA: 1 | Moderador: gemma2:2b
2026-04-12 15:29:35,010 [INFO] 📊 [DLB] Generando análisis técnico con qwen2.5:1.5b...
2026-04-12 15:29:35,010 [INFO] 📡 [PNM] Calculando recursos de red con deepseek-r1:1.5b...
2026-04-12 15:29:42,454 [INFO] 🔄 INICIANDO RONDA: 2 | Moderador: gemma2:2b
2026-04-12 15:29:44,258 [INFO] 📊 [DLB] Generando análisis técnico con qwen2.5:1.5b...
2026-04-12 15:29:44,258 [INFO] 📡 [PNM] Calculando recursos de red con deepseek-r1:1.5b...
2026-04-12 15:29:52,203 [INFO] 🔄 INICIANDO RONDA: 3 | Moderador: gemma2:2b
2026-04-12 15:29:54,263 [INFO] 📊 [DLB] Generando análisis técnico con qwen2.5:1.5b...
2026-04-12 15:29:54,263 [INFO] 📡 [PNM] Calculando recursos de red con deepseek-r1:1.5b...
2026-04-12 15:30:00,918 [INFO] 🔄 INICIANDO RONDA: 4 | Moderador: gemma2:2b
2026-04-12 15:30:02,590 [INFO] ⚖️ [JUEZ] Generando respuesta consenso con gemma2:2b...
2026-04-12 15:30:07,064 [INFO]    ✅ Finalizado.
2026-04-12 15:30:08,073 [INFO] 👉 [3] Iniciando debate...
2026-04-12 15:30:08,073 [INFO] 🔄 INICIANDO RONDA: 0 | Moderador: gemma2:2b
2026-04-12 15:30:10,620 [INFO] TOP SCORE: -3.2043278217315674
2026-04-12 15:30:10,620 [INFO] 📊 RAG: 0 tablas y 0 textos enviados al experto.
2026-04-12 15:30:14,533 [INFO] 📊 [DLB] Generando análisis técnico con qwen2.5:1.5b...
2026-04-12 15:30:14,533 [INFO] 📡 [PNM] Calculando recursos de red con deepseek-r1:1.5b...
2026-04-12 15:30:21,635 [INFO] 🔄 INICIANDO RONDA: 1 | Moderador: gemma2:2b
2026-04-12 15:30:23,308 [INFO] 📊 [DLB] Generando análisis técnico con qwen2.5:1.5b...
2026-04-12 15:30:23,308 [INFO] 📡 [PNM] Calculando recursos de red con deepseek-r1:1.5b...
2026-04-12 15:30:29,263 [INFO] 🔄 INICIANDO RONDA: 2 | Moderador: gemma2:2b
2026-04-12 15:30:30,940 [INFO] 📊 [DLB] Generando análisis técnico con qwen2.5:1.5b...
2026-04-12 15:30:30,940 [INFO] 📡 [PNM] Calculando recursos de red con deepseek-r1:1.5b...
2026-04-12 15:30:41,680 [INFO] 🔄 INICIANDO RONDA: 3 | Moderador: gemma2:2b
2026-04-12 15:30:43,717 [INFO] 📊 [DLB] Generando análisis técnico con qwen2.5:1.5b...
2026-04-12 15:30:43,717 [INFO] 📡 [PNM] Calculando recursos de red con deepseek-r1:1.5b...
2026-04-12 15:30:51,175 [INFO] 🔄 INICIANDO RONDA: 4 | Moderador: gemma2:2b
2026-04-12 15:30:52,468 [INFO] ⚖️ [JUEZ] Generando respuesta consenso con gemma2:2b...
2026-04-12 15:30:56,208 [INFO]    ✅ Finalizado.
2026-04-12 15:30:57,213 [INFO] 👉 [4] Iniciando debate...
2026-04-12 15:30:57,213 [INFO] 🔄 INICIANDO RONDA: 0 | Moderador: gemma2:2b
2026-04-12 15:30:59,635 [INFO] TOP SCORE: 1.0363569259643555
2026-04-12 15:30:59,635 [INFO] 📊 RAG: 0 tablas y 1 textos enviados al experto.
2026-04-12 15:31:05,671 [INFO] 📊 [DLB] Generando análisis técnico con qwen2.5:1.5b...
2026-04-12 15:31:05,671 [INFO] 📡 [PNM] Calculando recursos de red con deepseek-r1:1.5b...
2026-04-12 15:31:10,337 [INFO] 🔄 INICIANDO RONDA: 1 | Moderador: gemma2:2b
2026-04-12 15:31:12,238 [INFO] 📊 [DLB] Generando análisis técnico con qwen2.5:1.5b...
2026-04-12 15:31:12,238 [INFO] 📡 [PNM] Calculando recursos de red con deepseek-r1:1.5b...
2026-04-12 15:31:20,649 [INFO] 🔄 INICIANDO RONDA: 2 | Moderador: gemma2:2b
2026-04-12 15:31:22,505 [INFO] 📊 [DLB] Generando análisis técnico con qwen2.5:1.5b...
2026-04-12 15:31:22,505 [INFO] 📡 [PNM] Calculando recursos de red con deepseek-r1:1.5b...
2026-04-12 15:31:27,511 [INFO] 🔄 INICIANDO RONDA: 3 | Moderador: gemma2:2b
2026-04-12 15:31:29,368 [INFO] 📊 [DLB] Generando análisis técnico con qwen2.5:1.5b...
2026-04-12 15:31:29,368 [INFO] 📡 [PNM] Calculando recursos de red con deepseek-r1:1.5b...
2026-04-12 15:31:35,925 [INFO] 🔄 INICIANDO RONDA: 4 | Moderador: gemma2:2b
2026-04-12 15:31:37,616 [INFO] ⚖️ [JUEZ] Generando respuesta consenso con gemma2:2b...
2026-04-12 15:31:42,183 [INFO]    ✅ Finalizado.
2026-04-12 15:31:43,183 [INFO] 👉 [5] Iniciando debate...
2026-04-12 15:31:43,183 [INFO] 🔄 INICIANDO RONDA: 0 | Moderador: gemma2:2b
2026-04-12 16:00:55,979 [INFO] 📁 Procesando archivo: a-compact-low-noise-frontend-for-interleaved-rx-tx-arrays-at-k-ka-band_salida.txt
2026-04-12 16:00:55,979 [INFO] 👉 [1] Iniciando debate...
2026-04-12 16:00:55,994 [INFO] 🔄 INICIANDO RONDA: 0 | Moderador: llama3.3:70b
2026-04-12 16:00:58,791 [INFO] TOP SCORE: 1.4195467233657837
2026-04-12 16:00:58,791 [INFO] 📊 RAG: 0 tablas y 2 textos enviados al experto.
2026-04-12 16:02:44,179 [INFO] 📊 [DLB] Generando análisis técnico con deepseek-r1:70b...
2026-04-12 16:02:44,180 [INFO] 📡 [PNM] Calculando recursos de red con qwen2.5:72b...
2026-04-12 16:06:54,927 [INFO] 🔄 INICIANDO RONDA: 1 | Moderador: llama3.3:70b
2026-04-12 16:07:54,270 [INFO] 📊 [DLB] Generando análisis técnico con deepseek-r1:70b...
2026-04-12 16:07:54,270 [INFO] 📡 [PNM] Calculando recursos de red con qwen2.5:72b...
2026-04-12 16:13:55,358 [INFO] 🔄 INICIANDO RONDA: 2 | Moderador: llama3.3:70b
2026-04-12 16:14:51,938 [INFO] 📊 [DLB] Generando análisis técnico con deepseek-r1:70b...
2026-04-12 16:14:51,938 [INFO] 📡 [PNM] Calculando recursos de red con qwen2.5:72b...
2026-04-12 16:19:11,559 [INFO] 🔄 INICIANDO RONDA: 3 | Moderador: llama3.3:70b
2026-04-12 16:20:07,479 [INFO] 📊 [DLB] Generando análisis técnico con deepseek-r1:70b...
2026-04-12 16:20:07,479 [INFO] 📡 [PNM] Calculando recursos de red con qwen2.5:72b...
2026-04-12 16:25:38,067 [INFO] 🔄 INICIANDO RONDA: 4 | Moderador: llama3.3:70b
2026-04-12 16:26:37,305 [INFO] ⚖️ [JUEZ] Generando respuesta consenso con llama3.3:70b...
2026-04-12 16:27:48,311 [INFO]    ✅ Finalizado.
2026-04-12 16:27:49,314 [INFO] 📁 Procesando archivo: a-compact-lowpass-filter-for-satellite-communication-systems-based-on-transfer-function-analysis_salida.txt
2026-04-12 16:27:49,314 [INFO] 👉 [2] Iniciando debate...
2026-04-12 16:27:49,314 [INFO] 🔄 INICIANDO RONDA: 0 | Moderador: llama3.3:70b
2026-04-12 16:27:51,864 [INFO] TOP SCORE: 2.5584475994110107
2026-04-12 16:27:51,864 [INFO] 📊 RAG: 0 tablas y 5 textos enviados al experto.
2026-04-12 16:30:16,021 [INFO] 📁 Procesando archivo: a-compact-low-noise-frontend-for-interleaved-rx-tx-arrays-at-k-ka-band_salida.txt
2026-04-12 16:30:16,021 [INFO] 👉 [1] Iniciando debate...
2026-04-12 16:30:16,052 [INFO] 🔄 INICIANDO RONDA: 0 | Moderador: gemma2:2b
2026-04-12 16:30:18,817 [INFO] TOP SCORE: 1.4195467233657837
2026-04-12 16:30:18,817 [INFO] 📊 RAG: 0 tablas y 2 textos enviados al experto.
2026-04-12 16:30:26,086 [INFO] 📊 [DLB] Generando análisis técnico con qwen2.5:1.5b...
2026-04-12 16:30:26,086 [INFO] 📡 [PNM] Calculando recursos de red con deepseek-r1:1.5b...
2026-04-12 16:30:38,687 [INFO] 🔄 INICIANDO RONDA: 1 | Moderador: gemma2:2b
2026-04-12 16:30:40,580 [INFO] 📊 [DLB] Generando análisis técnico con qwen2.5:1.5b...
2026-04-12 16:30:40,580 [INFO] 📡 [PNM] Calculando recursos de red con deepseek-r1:1.5b...
2026-04-12 16:30:49,503 [INFO] 🔄 INICIANDO RONDA: 2 | Moderador: gemma2:2b
2026-04-12 16:30:51,216 [INFO] 📊 [DLB] Generando análisis técnico con qwen2.5:1.5b...
2026-04-12 16:30:51,216 [INFO] 📡 [PNM] Calculando recursos de red con deepseek-r1:1.5b...
2026-04-12 16:30:57,566 [INFO] 🔄 INICIANDO RONDA: 3 | Moderador: gemma2:2b
2026-04-12 16:30:59,845 [INFO] 📊 [DLB] Generando análisis técnico con qwen2.5:1.5b...
2026-04-12 16:30:59,845 [INFO] 📡 [PNM] Calculando recursos de red con deepseek-r1:1.5b...
2026-04-12 16:31:09,875 [INFO] 🔄 INICIANDO RONDA: 4 | Moderador: gemma2:2b
2026-04-12 16:31:11,601 [INFO] ⚖️ [JUEZ] Generando respuesta consenso con gemma2:2b...
2026-04-12 16:31:19,480 [INFO]    ✅ Finalizado.
2026-04-12 16:31:20,484 [INFO] 📁 Procesando archivo: a-compact-lowpass-filter-for-satellite-communication-systems-based-on-transfer-function-analysis_salida.txt
2026-04-12 16:31:20,484 [INFO] 👉 [2] Iniciando debate...
2026-04-12 16:31:20,484 [INFO] 🔄 INICIANDO RONDA: 0 | Moderador: gemma2:2b
2026-04-12 16:31:22,906 [INFO] TOP SCORE: 2.5584475994110107
2026-04-12 16:31:22,906 [INFO] 📊 RAG: 0 tablas y 5 textos enviados al experto.
2026-04-12 16:31:30,241 [INFO] 📊 [DLB] Generando análisis técnico con qwen2.5:1.5b...
2026-04-12 16:31:30,241 [INFO] 📡 [PNM] Calculando recursos de red con deepseek-r1:1.5b...
2026-04-12 16:31:41,016 [INFO] 🔄 INICIANDO RONDA: 1 | Moderador: gemma2:2b
2026-04-12 16:31:42,499 [INFO] 📊 [DLB] Generando análisis técnico con qwen2.5:1.5b...
2026-04-12 16:31:42,499 [INFO] 📡 [PNM] Calculando recursos de red con deepseek-r1:1.5b...
2026-04-12 16:31:54,107 [INFO] 🔄 INICIANDO RONDA: 2 | Moderador: gemma2:2b
2026-04-12 16:31:55,750 [INFO] 📊 [DLB] Generando análisis técnico con qwen2.5:1.5b...
2026-04-12 16:31:55,750 [INFO] 📡 [PNM] Calculando recursos de red con deepseek-r1:1.5b...
2026-04-12 16:32:05,055 [INFO] 🔄 INICIANDO RONDA: 3 | Moderador: gemma2:2b
2026-04-12 16:32:06,669 [INFO] 📊 [DLB] Generando análisis técnico con qwen2.5:1.5b...
2026-04-12 16:32:06,669 [INFO] 📡 [PNM] Calculando recursos de red con deepseek-r1:1.5b...
2026-04-12 16:32:15,122 [INFO] 🔄 INICIANDO RONDA: 4 | Moderador: gemma2:2b
2026-04-12 16:32:17,273 [INFO] ⚖️ [JUEZ] Generando respuesta consenso con gemma2:2b...
2026-04-12 16:32:21,447 [INFO]    ✅ Finalizado.
2026-04-12 16:32:22,459 [INFO] 👉 [3] Iniciando debate...
2026-04-12 16:32:22,459 [INFO] 🔄 INICIANDO RONDA: 0 | Moderador: gemma2:2b
2026-04-12 16:32:25,006 [INFO] TOP SCORE: -3.2043278217315674
2026-04-12 16:32:25,006 [INFO] 📊 RAG: 0 tablas y 0 textos enviados al experto.
2026-04-12 16:32:28,872 [INFO] 📊 [DLB] Generando análisis técnico con qwen2.5:1.5b...
2026-04-12 16:32:28,872 [INFO] 📡 [PNM] Calculando recursos de red con deepseek-r1:1.5b...
2026-04-12 16:32:42,503 [INFO] 🔄 INICIANDO RONDA: 1 | Moderador: gemma2:2b
2026-04-12 16:32:44,401 [INFO] 📊 [DLB] Generando análisis técnico con qwen2.5:1.5b...
2026-04-12 16:32:44,401 [INFO] 📡 [PNM] Calculando recursos de red con deepseek-r1:1.5b...
2026-04-12 16:32:53,596 [INFO] 🔄 INICIANDO RONDA: 2 | Moderador: gemma2:2b
2026-04-12 16:32:55,321 [INFO] 📊 [DLB] Generando análisis técnico con qwen2.5:1.5b...
2026-04-12 16:32:55,321 [INFO] 📡 [PNM] Calculando recursos de red con deepseek-r1:1.5b...
2026-04-12 16:33:03,669 [INFO] 🔄 INICIANDO RONDA: 3 | Moderador: gemma2:2b
2026-04-12 16:33:05,541 [INFO] 📊 [DLB] Generando análisis técnico con qwen2.5:1.5b...
2026-04-12 16:33:05,541 [INFO] 📡 [PNM] Calculando recursos de red con deepseek-r1:1.5b...
2026-04-12 16:33:14,333 [INFO] 🔄 INICIANDO RONDA: 4 | Moderador: gemma2:2b
2026-04-12 16:33:16,273 [INFO] ⚖️ [JUEZ] Generando respuesta consenso con gemma2:2b...
2026-04-12 16:33:24,464 [INFO]    ✅ Finalizado.
2026-04-12 16:33:25,477 [INFO] 👉 [4] Iniciando debate...
2026-04-12 16:33:25,477 [INFO] 🔄 INICIANDO RONDA: 0 | Moderador: gemma2:2b
2026-04-12 16:33:27,931 [INFO] TOP SCORE: 1.0363569259643555
2026-04-12 16:33:27,931 [INFO] 📊 RAG: 0 tablas y 1 textos enviados al experto.
2026-04-12 16:33:31,530 [INFO] 📊 [DLB] Generando análisis técnico con qwen2.5:1.5b...
2026-04-12 16:33:31,530 [INFO] 📡 [PNM] Calculando recursos de red con deepseek-r1:1.5b...
2026-04-12 16:33:48,258 [INFO] 🔄 INICIANDO RONDA: 1 | Moderador: gemma2:2b
2026-04-12 16:33:50,697 [INFO] 📊 [DLB] Generando análisis técnico con qwen2.5:1.5b...
2026-04-12 16:33:50,698 [INFO] 📡 [PNM] Calculando recursos de red con deepseek-r1:1.5b...
2026-04-12 16:34:04,302 [INFO] 🔄 INICIANDO RONDA: 2 | Moderador: gemma2:2b
2026-04-12 16:34:11,747 [INFO] 📊 [DLB] Generando análisis técnico con qwen2.5:1.5b...
2026-04-12 16:34:11,747 [INFO] 📡 [PNM] Calculando recursos de red con deepseek-r1:1.5b...
2026-04-12 16:34:27,266 [INFO] 🔄 INICIANDO RONDA: 3 | Moderador: gemma2:2b
2026-04-12 16:34:29,349 [INFO] 📊 [DLB] Generando análisis técnico con qwen2.5:1.5b...
2026-04-12 16:34:29,349 [INFO] 📡 [PNM] Calculando recursos de red con deepseek-r1:1.5b...
2026-04-12 16:34:41,156 [INFO] 🔄 INICIANDO RONDA: 4 | Moderador: gemma2:2b
2026-04-12 16:34:43,717 [INFO] ⚖️ [JUEZ] Generando respuesta consenso con gemma2:2b...
2026-04-12 16:34:52,533 [INFO]    ✅ Finalizado.
2026-04-12 16:34:53,542 [INFO] 👉 [5] Iniciando debate...
2026-04-12 16:34:53,542 [INFO] 🔄 INICIANDO RONDA: 0 | Moderador: gemma2:2b
2026-04-12 17:17:01,618 [INFO] 📁 Procesando archivo: a-compact-low-noise-frontend-for-interleaved-rx-tx-arrays-at-k-ka-band_salida.txt
2026-04-12 17:17:01,618 [INFO] 📁 Procesando archivo: a-compact-lowpass-filter-for-satellite-communication-systems-based-on-transfer-function-analysis_salida.txt
2026-04-12 17:17:01,618 [INFO] 👉 [2] Iniciando debate...
2026-04-12 17:17:01,664 [INFO] 🔄 INICIANDO RONDA: 0 | Moderador: llama3.3:70b
2026-04-12 17:17:04,540 [INFO] TOP SCORE: 2.5584475994110107
2026-04-12 17:17:04,540 [INFO] 📊 RAG: 0 tablas y 5 textos enviados al experto.
2026-04-12 17:19:00,033 [INFO] 📊 [DLB] Generando análisis técnico con deepseek-r1:70b...
2026-04-12 17:19:00,034 [INFO] 📡 [PNM] Calculando recursos de red con qwen2.5:72b...
2026-04-12 17:24:18,672 [INFO] 🔄 INICIANDO RONDA: 1 | Moderador: llama3.3:70b
2026-04-12 17:25:13,574 [INFO] 📊 [DLB] Generando análisis técnico con deepseek-r1:70b...
2026-04-12 17:25:13,575 [INFO] 📡 [PNM] Calculando recursos de red con qwen2.5:72b...
2026-04-12 17:31:13,015 [INFO] 🔄 INICIANDO RONDA: 2 | Moderador: llama3.3:70b
2026-04-12 17:32:07,966 [INFO] 📊 [DLB] Generando análisis técnico con deepseek-r1:70b...
2026-04-12 17:32:07,966 [INFO] 📡 [PNM] Calculando recursos de red con qwen2.5:72b...
2026-04-12 17:36:21,559 [INFO] 🔄 INICIANDO RONDA: 3 | Moderador: llama3.3:70b
2026-04-12 17:37:16,027 [INFO] 📊 [DLB] Generando análisis técnico con deepseek-r1:70b...
2026-04-12 17:37:16,028 [INFO] 📡 [PNM] Calculando recursos de red con qwen2.5:72b...
2026-04-12 17:40:49,082 [INFO] 🔄 INICIANDO RONDA: 4 | Moderador: llama3.3:70b
2026-04-12 17:41:43,590 [INFO] ⚖️ [JUEZ] Generando respuesta consenso con llama3.3:70b...
2026-04-12 17:42:55,211 [INFO]    ✅ Finalizado.
2026-04-12 17:42:56,213 [INFO] 👉 [3] Iniciando debate...
2026-04-12 17:42:56,216 [INFO] 🔄 INICIANDO RONDA: 0 | Moderador: llama3.3:70b
2026-04-12 17:42:58,824 [INFO] TOP SCORE: -3.2043278217315674
2026-04-12 17:42:58,824 [INFO] 📊 RAG: 0 tablas y 0 textos enviados al experto.
2026-04-12 17:44:46,900 [INFO] 📊 [DLB] Generando análisis técnico con deepseek-r1:70b...
2026-04-12 17:44:46,901 [INFO] 📡 [PNM] Calculando recursos de red con qwen2.5:72b...
2026-04-12 17:50:49,694 [INFO] 🔄 INICIANDO RONDA: 1 | Moderador: llama3.3:70b
2026-04-12 17:51:53,252 [INFO] 📊 [DLB] Generando análisis técnico con deepseek-r1:70b...
2026-04-12 17:51:53,252 [INFO] 📡 [PNM] Calculando recursos de red con qwen2.5:72b...
2026-04-12 17:57:16,262 [INFO] 🔄 INICIANDO RONDA: 2 | Moderador: llama3.3:70b
2026-04-12 17:58:19,937 [INFO] 📊 [DLB] Generando análisis técnico con deepseek-r1:70b...
2026-04-12 17:58:19,937 [INFO] 📡 [PNM] Calculando recursos de red con qwen2.5:72b...
2026-04-12 18:03:45,436 [INFO] 🔄 INICIANDO RONDA: 3 | Moderador: llama3.3:70b
2026-04-12 18:04:45,527 [INFO] 📊 [DLB] Generando análisis técnico con deepseek-r1:70b...
2026-04-12 18:04:45,527 [INFO] 📡 [PNM] Calculando recursos de red con qwen2.5:72b...
2026-04-12 18:08:44,925 [INFO] 🔄 INICIANDO RONDA: 4 | Moderador: llama3.3:70b
2026-04-12 18:09:42,354 [INFO] ⚖️ [JUEZ] Generando respuesta consenso con llama3.3:70b...
2026-04-12 18:10:52,968 [INFO]    ✅ Finalizado.
2026-04-12 18:10:53,977 [INFO] 👉 [4] Iniciando debate...
2026-04-12 18:10:53,977 [INFO] 🔄 INICIANDO RONDA: 0 | Moderador: llama3.3:70b
2026-04-12 18:10:56,448 [INFO] TOP SCORE: 1.0363569259643555
2026-04-12 18:10:56,448 [INFO] 📊 RAG: 0 tablas y 1 textos enviados al experto.
2026-04-12 18:12:42,670 [INFO] 📊 [DLB] Generando análisis técnico con deepseek-r1:70b...
2026-04-12 18:12:42,671 [INFO] 📡 [PNM] Calculando recursos de red con qwen2.5:72b...
2026-04-12 18:15:53,707 [INFO] 🔄 INICIANDO RONDA: 1 | Moderador: llama3.3:70b
2026-04-12 18:16:48,111 [INFO] 📊 [DLB] Generando análisis técnico con deepseek-r1:70b...
2026-04-12 18:16:48,112 [INFO] 📡 [PNM] Calculando recursos de red con qwen2.5:72b...
2026-04-12 18:21:03,707 [INFO] 🔄 INICIANDO RONDA: 2 | Moderador: llama3.3:70b
2026-04-12 18:22:02,531 [INFO] 📊 [DLB] Generando análisis técnico con deepseek-r1:70b...
2026-04-12 18:22:02,532 [INFO] 📡 [PNM] Calculando recursos de red con qwen2.5:72b...
2026-04-12 18:26:20,213 [INFO] 🔄 INICIANDO RONDA: 3 | Moderador: llama3.3:70b
2026-04-12 18:27:16,775 [INFO] 📊 [DLB] Generando análisis técnico con deepseek-r1:70b...
2026-04-12 18:27:16,775 [INFO] 📡 [PNM] Calculando recursos de red con qwen2.5:72b...
2026-04-12 18:30:46,739 [INFO] 🔄 INICIANDO RONDA: 4 | Moderador: llama3.3:70b
2026-04-12 18:31:43,525 [INFO] ⚖️ [JUEZ] Generando respuesta consenso con llama3.3:70b...
2026-04-12 18:32:58,889 [INFO]    ✅ Finalizado.
2026-04-12 18:32:59,896 [INFO] 👉 [5] Iniciando debate...
2026-04-12 18:32:59,896 [INFO] 🔄 INICIANDO RONDA: 0 | Moderador: llama3.3:70b
2026-04-12 18:33:02,383 [INFO] TOP SCORE: -2.4963417053222656
2026-04-12 18:33:02,383 [INFO] 📊 RAG: 0 tablas y 0 textos enviados al experto.
2026-04-12 18:34:20,639 [INFO] 📊 [DLB] Generando análisis técnico con deepseek-r1:70b...
2026-04-12 18:34:20,640 [INFO] 📡 [PNM] Calculando recursos de red con qwen2.5:72b...
2026-04-12 18:40:03,317 [INFO] 🔄 INICIANDO RONDA: 1 | Moderador: llama3.3:70b
2026-04-12 18:41:02,824 [INFO] 📊 [DLB] Generando análisis técnico con deepseek-r1:70b...
2026-04-12 18:41:02,824 [INFO] 📡 [PNM] Calculando recursos de red con qwen2.5:72b...
2026-04-12 18:45:48,282 [INFO] 🔄 INICIANDO RONDA: 2 | Moderador: llama3.3:70b
2026-04-12 18:46:49,019 [INFO] 📊 [DLB] Generando análisis técnico con deepseek-r1:70b...
2026-04-12 18:46:49,019 [INFO] 📡 [PNM] Calculando recursos de red con qwen2.5:72b...
2026-04-12 18:52:45,798 [INFO] 🔄 INICIANDO RONDA: 3 | Moderador: llama3.3:70b
2026-04-12 18:53:44,193 [INFO] 📊 [DLB] Generando análisis técnico con deepseek-r1:70b...
2026-04-12 18:53:44,193 [INFO] 📡 [PNM] Calculando recursos de red con qwen2.5:72b...
2026-04-12 18:58:45,721 [INFO] 🔄 INICIANDO RONDA: 4 | Moderador: llama3.3:70b
2026-04-12 18:59:42,183 [INFO] ⚖️ [JUEZ] Generando respuesta consenso con llama3.3:70b...
2026-04-12 19:00:52,050 [INFO]    ✅ Finalizado.
2026-04-12 19:00:53,053 [INFO] 📁 Procesando archivo: a-framework-to-classify-heterogeneous-internet-traffic-with-machine-learning-and-deep-learning-techniques-for-satellite-communications_salida.txt
2026-04-12 19:00:53,476 [INFO] 👉 [6] Iniciando debate...
2026-04-12 19:00:53,492 [INFO] 🔄 INICIANDO RONDA: 0 | Moderador: llama3.3:70b
2026-04-12 19:00:56,024 [INFO] TOP SCORE: 1.6124547719955444
2026-04-12 19:00:56,024 [INFO] 📊 RAG: 1 tablas y 3 textos enviados al experto.
2026-04-12 19:02:46,025 [INFO] 📊 [DLB] Generando análisis técnico con deepseek-r1:70b...
2026-04-12 19:02:46,026 [INFO] 📡 [PNM] Calculando recursos de red con qwen2.5:72b...
2026-04-12 19:08:51,777 [INFO] 🔄 INICIANDO RONDA: 1 | Moderador: llama3.3:70b
2026-04-12 19:09:48,344 [INFO] 📊 [DLB] Generando análisis técnico con deepseek-r1:70b...
2026-04-12 19:09:48,344 [INFO] 📡 [PNM] Calculando recursos de red con qwen2.5:72b...
2026-04-12 19:14:15,020 [INFO] 🔄 INICIANDO RONDA: 2 | Moderador: llama3.3:70b
2026-04-12 19:15:11,007 [INFO] 📊 [DLB] Generando análisis técnico con deepseek-r1:70b...
2026-04-12 19:15:11,008 [INFO] 📡 [PNM] Calculando recursos de red con qwen2.5:72b...
2026-04-12 19:19:42,621 [INFO] 🔄 INICIANDO RONDA: 3 | Moderador: llama3.3:70b
2026-04-12 19:20:37,540 [INFO] 📊 [DLB] Generando análisis técnico con deepseek-r1:70b...
2026-04-12 19:20:37,541 [INFO] 📡 [PNM] Calculando recursos de red con qwen2.5:72b...
2026-04-12 19:25:00,152 [INFO] 🔄 INICIANDO RONDA: 4 | Moderador: llama3.3:70b
2026-04-12 19:25:57,155 [INFO] ⚖️ [JUEZ] Generando respuesta consenso con llama3.3:70b...
2026-04-12 19:27:03,325 [INFO]    ✅ Finalizado.
2026-04-12 19:27:04,333 [INFO] 👉 [7] Iniciando debate...
2026-04-12 19:27:04,333 [INFO] 🔄 INICIANDO RONDA: 0 | Moderador: llama3.3:70b
2026-04-12 19:27:06,944 [INFO] TOP SCORE: -0.33143898844718933
2026-04-12 19:27:06,944 [INFO] 📊 RAG: 0 tablas y 2 textos enviados al experto.
2026-04-12 20:27:13,710 [INFO] 📁 Procesando archivo: a-compact-low-noise-frontend-for-interleaved-rx-tx-arrays-at-k-ka-band_salida.txt
2026-04-12 20:27:13,726 [INFO] 📁 Procesando archivo: a-compact-lowpass-filter-for-satellite-communication-systems-based-on-transfer-function-analysis_salida.txt
2026-04-12 20:27:13,726 [INFO] 👉 [2] Iniciando debate...
2026-04-12 20:27:13,773 [INFO] 🔄 INICIANDO RONDA: 0 | Moderador: llama3.3:70b
2026-04-12 20:27:16,601 [INFO] TOP SCORE: 2.5584475994110107
2026-04-12 20:27:16,601 [INFO] 📊 RAG: 0 tablas y 5 textos enviados al experto.
2026-04-12 20:29:33,308 [INFO] 📊 [DLB] Generando análisis técnico con deepseek-r1:70b...
2026-04-12 20:29:33,309 [INFO] 📡 [PNM] Calculando recursos de red con qwen2.5:72b...
2026-04-12 20:36:19,282 [INFO] 🔄 INICIANDO RONDA: 1 | Moderador: llama3.3:70b
2026-04-12 20:38:09,292 [INFO] 📊 [DLB] Generando análisis técnico con deepseek-r1:70b...
2026-04-12 20:38:09,293 [INFO] 📡 [PNM] Calculando recursos de red con qwen2.5:72b...
2026-04-12 20:45:58,675 [INFO] 🔄 INICIANDO RONDA: 2 | Moderador: llama3.3:70b
2026-04-12 20:47:38,003 [INFO] 📊 [DLB] Generando análisis técnico con deepseek-r1:70b...
2026-04-12 20:47:38,004 [INFO] 📡 [PNM] Calculando recursos de red con qwen2.5:72b...
2026-04-12 20:51:41,251 [INFO] 📁 Procesando archivo: a-compact-low-noise-frontend-for-interleaved-rx-tx-arrays-at-k-ka-band_salida.txt
2026-04-12 20:51:41,251 [INFO] 📁 Procesando archivo: a-compact-lowpass-filter-for-satellite-communication-systems-based-on-transfer-function-analysis_salida.txt
2026-04-12 20:51:41,251 [INFO] 👉 [2] Iniciando debate...
2026-04-12 20:51:41,251 [INFO] 🔄 INICIANDO RONDA: 0 | Moderador: llama3.3:70b
2026-04-12 20:51:43,719 [INFO] TOP SCORE: 2.5584475994110107
2026-04-12 20:51:43,719 [INFO] 📊 RAG: 0 tablas y 5 textos enviados al experto.
2026-04-12 20:53:34,311 [INFO] 📊 [DLB] Generando análisis técnico con deepseek-r1:70b...
2026-04-12 20:53:34,312 [INFO] 📡 [PNM] Calculando recursos de red con qwen2.5:72b...
2026-04-12 21:00:55,104 [INFO] 🔄 INICIANDO RONDA: 1 | Moderador: llama3.3:70b
2026-04-12 21:02:36,756 [INFO] 📊 [DLB] Generando análisis técnico con deepseek-r1:70b...
2026-04-12 21:02:36,756 [INFO] 📡 [PNM] Calculando recursos de red con qwen2.5:72b...
2026-04-12 21:09:28,744 [INFO] 🔄 INICIANDO RONDA: 2 | Moderador: llama3.3:70b
2026-04-12 21:11:14,470 [INFO] 📊 [DLB] Generando análisis técnico con deepseek-r1:70b...
2026-04-12 21:11:14,470 [INFO] 📡 [PNM] Calculando recursos de red con qwen2.5:72b...
2026-04-12 21:19:11,170 [INFO] 🔄 INICIANDO RONDA: 3 | Moderador: llama3.3:70b
2026-04-12 21:20:52,188 [INFO] 📊 [DLB] Generando análisis técnico con deepseek-r1:70b...
2026-04-12 21:20:52,188 [INFO] 📡 [PNM] Calculando recursos de red con qwen2.5:72b...
2026-04-12 21:28:19,406 [INFO] 🔄 INICIANDO RONDA: 4 | Moderador: llama3.3:70b
2026-04-12 21:29:59,004 [INFO] ⚖️ [JUEZ] Generando respuesta consenso con llama3.3:70b...
2026-04-12 21:32:20,675 [INFO]    ✅ Finalizado.
2026-04-12 21:32:21,681 [INFO] 👉 [3] Iniciando debate...
2026-04-12 21:32:21,684 [INFO] 🔄 INICIANDO RONDA: 0 | Moderador: llama3.3:70b
2026-04-12 21:32:24,324 [INFO] TOP SCORE: -3.2043278217315674
2026-04-12 21:32:24,324 [INFO] 📊 RAG: 0 tablas y 5 textos enviados al experto.
2026-04-12 21:36:50,893 [INFO] 📁 Procesando archivo: a-compact-low-noise-frontend-for-interleaved-rx-tx-arrays-at-k-ka-band_salida.txt
2026-04-12 21:36:50,893 [INFO] 👉 [1] Iniciando debate...
2026-04-12 21:36:50,909 [INFO] 🔄 INICIANDO RONDA: 0 | Moderador: llama3.1:8b
2026-04-12 21:36:53,721 [INFO] TOP SCORE: 1.4195467233657837
2026-04-12 21:36:53,721 [INFO] 📊 RAG: 0 tablas y 5 textos enviados al experto.
2026-04-12 21:37:08,436 [INFO] 📊 [DLB] Generando análisis técnico con qwen2.5:7b...
2026-04-12 21:37:08,436 [INFO] 📡 [PNM] Calculando recursos de red con mistral:7b...
2026-04-12 21:37:24,399 [INFO] 🔄 INICIANDO RONDA: 1 | Moderador: llama3.1:8b
2026-04-12 21:37:28,913 [INFO] 📊 [DLB] Generando análisis técnico con qwen2.5:7b...
2026-04-12 21:37:28,913 [INFO] 📡 [PNM] Calculando recursos de red con mistral:7b...
2026-04-12 21:37:35,832 [INFO] 🔄 INICIANDO RONDA: 2 | Moderador: llama3.1:8b
2026-04-12 21:37:40,853 [INFO] 📊 [DLB] Generando análisis técnico con qwen2.5:7b...
2026-04-12 21:37:40,853 [INFO] 📡 [PNM] Calculando recursos de red con mistral:7b...
2026-04-12 21:37:48,122 [INFO] 🔄 INICIANDO RONDA: 3 | Moderador: llama3.1:8b
2026-04-12 21:37:53,200 [INFO] 📊 [DLB] Generando análisis técnico con qwen2.5:7b...
2026-04-12 21:37:53,200 [INFO] 📡 [PNM] Calculando recursos de red con mistral:7b...
2026-04-12 21:38:00,477 [INFO] 🔄 INICIANDO RONDA: 4 | Moderador: llama3.1:8b
2026-04-12 21:38:06,175 [INFO] ⚖️ [JUEZ] Generando respuesta consenso con llama3.1:8b...
2026-04-12 21:38:18,885 [INFO]    ✅ Finalizado.
2026-04-12 21:38:19,899 [INFO] 📁 Procesando archivo: a-compact-lowpass-filter-for-satellite-communication-systems-based-on-transfer-function-analysis_salida.txt
2026-04-12 21:38:19,914 [INFO] 👉 [2] Iniciando debate...
2026-04-12 21:38:19,914 [INFO] 🔄 INICIANDO RONDA: 0 | Moderador: llama3.1:8b
2026-04-12 21:38:22,399 [INFO] TOP SCORE: 2.5584475994110107
2026-04-12 21:38:22,399 [INFO] 📊 RAG: 0 tablas y 5 textos enviados al experto.
2026-04-12 21:38:29,156 [INFO] 📊 [DLB] Generando análisis técnico con qwen2.5:7b...
2026-04-12 21:38:29,156 [INFO] 📡 [PNM] Calculando recursos de red con mistral:7b...
2026-04-12 21:38:35,679 [INFO] 🔄 INICIANDO RONDA: 1 | Moderador: llama3.1:8b
2026-04-12 21:38:41,047 [INFO] 📊 [DLB] Generando análisis técnico con qwen2.5:7b...
2026-04-12 21:38:41,047 [INFO] 📡 [PNM] Calculando recursos de red con mistral:7b...
2026-04-12 21:38:48,340 [INFO] 🔄 INICIANDO RONDA: 2 | Moderador: llama3.1:8b
2026-04-12 21:38:53,295 [INFO] 📊 [DLB] Generando análisis técnico con qwen2.5:7b...
2026-04-12 21:38:53,295 [INFO] 📡 [PNM] Calculando recursos de red con mistral:7b...
2026-04-12 21:39:00,976 [INFO] 🔄 INICIANDO RONDA: 3 | Moderador: llama3.1:8b
2026-04-12 21:39:06,851 [INFO] 📊 [DLB] Generando análisis técnico con qwen2.5:7b...
2026-04-12 21:39:06,851 [INFO] 📡 [PNM] Calculando recursos de red con mistral:7b...
2026-04-12 21:39:14,495 [INFO] 🔄 INICIANDO RONDA: 4 | Moderador: llama3.1:8b
2026-04-12 21:39:20,173 [INFO] ⚖️ [JUEZ] Generando respuesta consenso con llama3.1:8b...
2026-04-12 21:39:32,191 [INFO]    ✅ Finalizado.
2026-04-12 21:39:33,195 [INFO] 👉 [3] Iniciando debate...
2026-04-12 21:39:33,195 [INFO] 🔄 INICIANDO RONDA: 0 | Moderador: llama3.1:8b
2026-04-12 21:39:35,820 [INFO] TOP SCORE: -3.2043278217315674
2026-04-12 21:39:35,820 [INFO] 📊 RAG: 0 tablas y 5 textos enviados al experto.
2026-04-12 21:39:43,734 [INFO] 📊 [DLB] Generando análisis técnico con qwen2.5:7b...
2026-04-12 21:39:43,734 [INFO] 📡 [PNM] Calculando recursos de red con mistral:7b...
2026-04-12 21:39:55,595 [INFO] 🔄 INICIANDO RONDA: 1 | Moderador: llama3.1:8b
2026-04-12 21:40:01,206 [INFO] 📊 [DLB] Generando análisis técnico con qwen2.5:7b...
2026-04-12 21:40:01,206 [INFO] 📡 [PNM] Calculando recursos de red con mistral:7b...
2026-04-12 21:40:07,840 [INFO] 🔄 INICIANDO RONDA: 2 | Moderador: llama3.1:8b
2026-04-12 21:40:14,993 [INFO] 📊 [DLB] Generando análisis técnico con qwen2.5:7b...
2026-04-12 21:40:14,993 [INFO] 📡 [PNM] Calculando recursos de red con mistral:7b...
2026-04-12 21:40:27,738 [INFO] 🔄 INICIANDO RONDA: 3 | Moderador: llama3.1:8b
2026-04-12 21:40:33,609 [INFO] 📊 [DLB] Generando análisis técnico con qwen2.5:7b...
2026-04-12 21:40:33,609 [INFO] 📡 [PNM] Calculando recursos de red con mistral:7b...
2026-04-12 21:40:45,220 [INFO] 🔄 INICIANDO RONDA: 4 | Moderador: llama3.1:8b
2026-04-12 21:40:51,182 [INFO] ⚖️ [JUEZ] Generando respuesta consenso con llama3.1:8b...
2026-04-12 21:41:03,893 [INFO]    ✅ Finalizado.
2026-04-12 21:41:04,895 [INFO] 👉 [4] Iniciando debate...
2026-04-12 21:41:04,895 [INFO] 🔄 INICIANDO RONDA: 0 | Moderador: llama3.1:8b
2026-04-12 21:41:07,348 [INFO] TOP SCORE: 1.0363569259643555
2026-04-12 21:41:07,348 [INFO] 📊 RAG: 0 tablas y 5 textos enviados al experto.
2026-04-12 21:41:12,775 [INFO] 📊 [DLB] Generando análisis técnico con qwen2.5:7b...
2026-04-12 21:41:12,775 [INFO] 📡 [PNM] Calculando recursos de red con mistral:7b...
2026-04-12 21:41:17,838 [INFO] 🔄 INICIANDO RONDA: 1 | Moderador: llama3.1:8b
2026-04-12 21:41:21,838 [INFO] 📊 [DLB] Generando análisis técnico con qwen2.5:7b...
2026-04-12 21:41:21,838 [INFO] 📡 [PNM] Calculando recursos de red con mistral:7b...
2026-04-12 21:41:28,392 [INFO] 🔄 INICIANDO RONDA: 2 | Moderador: llama3.1:8b
2026-04-12 21:41:36,243 [INFO] 📊 [DLB] Generando análisis técnico con qwen2.5:7b...
2026-04-12 21:41:36,243 [INFO] 📡 [PNM] Calculando recursos de red con mistral:7b...
2026-04-12 21:41:42,860 [INFO] 🔄 INICIANDO RONDA: 3 | Moderador: llama3.1:8b
2026-04-12 21:41:50,643 [INFO] 📊 [DLB] Generando análisis técnico con qwen2.5:7b...
2026-04-12 21:41:50,643 [INFO] 📡 [PNM] Calculando recursos de red con mistral:7b...
2026-04-12 21:41:59,258 [INFO] 🔄 INICIANDO RONDA: 4 | Moderador: llama3.1:8b
2026-04-12 21:42:08,131 [INFO] ⚖️ [JUEZ] Generando respuesta consenso con llama3.1:8b...
2026-04-12 21:42:21,086 [INFO]    ✅ Finalizado.
2026-04-12 21:42:22,086 [INFO] 👉 [5] Iniciando debate...
2026-04-12 21:42:22,086 [INFO] 🔄 INICIANDO RONDA: 0 | Moderador: llama3.1:8b
2026-04-12 21:42:24,554 [INFO] TOP SCORE: -2.4963417053222656
2026-04-12 21:42:24,554 [INFO] 📊 RAG: 1 tablas y 5 textos enviados al experto.
2026-04-12 21:42:32,758 [INFO] 📊 [DLB] Generando análisis técnico con qwen2.5:7b...
2026-04-12 21:42:32,758 [INFO] 📡 [PNM] Calculando recursos de red con mistral:7b...
2026-04-12 21:42:40,213 [INFO] 🔄 INICIANDO RONDA: 1 | Moderador: llama3.1:8b
2026-04-12 21:42:45,662 [INFO] 📊 [DLB] Generando análisis técnico con qwen2.5:7b...
2026-04-12 21:42:45,662 [INFO] 📡 [PNM] Calculando recursos de red con mistral:7b...
2026-04-12 21:42:52,969 [INFO] 🔄 INICIANDO RONDA: 2 | Moderador: llama3.1:8b
2026-04-12 21:42:57,972 [INFO] 📊 [DLB] Generando análisis técnico con qwen2.5:7b...
2026-04-12 21:42:57,972 [INFO] 📡 [PNM] Calculando recursos de red con mistral:7b...
2026-04-12 21:43:06,223 [INFO] 🔄 INICIANDO RONDA: 3 | Moderador: llama3.1:8b
2026-04-12 21:43:11,772 [INFO] 📊 [DLB] Generando análisis técnico con qwen2.5:7b...
2026-04-12 21:43:11,772 [INFO] 📡 [PNM] Calculando recursos de red con mistral:7b...
2026-04-12 21:43:20,620 [INFO] 🔄 INICIANDO RONDA: 4 | Moderador: llama3.1:8b
2026-04-12 21:43:26,195 [INFO] ⚖️ [JUEZ] Generando respuesta consenso con llama3.1:8b...
2026-04-12 21:43:40,344 [INFO]    ✅ Finalizado.
2026-04-12 21:43:41,344 [INFO] 📁 Procesando archivo: a-framework-to-classify-heterogeneous-internet-traffic-with-machine-learning-and-deep-learning-techniques-for-satellite-communications_salida.txt
2026-04-12 21:43:41,344 [INFO] 👉 [6] Iniciando debate...
2026-04-12 21:43:41,344 [INFO] 🔄 INICIANDO RONDA: 0 | Moderador: llama3.1:8b
2026-04-12 21:43:43,923 [INFO] TOP SCORE: 1.6124547719955444
2026-04-12 21:43:43,923 [INFO] 📊 RAG: 5 tablas y 5 textos enviados al experto.
2026-04-12 21:43:53,213 [INFO] 📊 [DLB] Generando análisis técnico con qwen2.5:7b...
2026-04-12 21:43:53,213 [INFO] 📡 [PNM] Calculando recursos de red con mistral:7b...
2026-04-12 21:44:04,474 [INFO] 🔄 INICIANDO RONDA: 1 | Moderador: llama3.1:8b
2026-04-12 21:44:07,973 [INFO] 📊 [DLB] Generando análisis técnico con qwen2.5:7b...
2026-04-12 21:44:07,973 [INFO] 📡 [PNM] Calculando recursos de red con mistral:7b...
2026-04-12 21:44:17,638 [INFO] 🔄 INICIANDO RONDA: 2 | Moderador: llama3.1:8b
2026-04-12 21:44:21,629 [INFO] 📊 [DLB] Generando análisis técnico con qwen2.5:7b...
2026-04-12 21:44:21,629 [INFO] 📡 [PNM] Calculando recursos de red con mistral:7b...
2026-04-12 21:44:31,935 [INFO] 🔄 INICIANDO RONDA: 3 | Moderador: llama3.1:8b
2026-04-12 21:44:36,445 [INFO] 📊 [DLB] Generando análisis técnico con qwen2.5:7b...
2026-04-12 21:44:36,445 [INFO] 📡 [PNM] Calculando recursos de red con mistral:7b...
2026-04-12 21:44:49,337 [INFO] 🔄 INICIANDO RONDA: 4 | Moderador: llama3.1:8b
2026-04-12 21:44:54,185 [INFO] ⚖️ [JUEZ] Generando respuesta consenso con llama3.1:8b...
2026-04-12 21:45:09,218 [INFO]    ✅ Finalizado.
2026-04-12 21:45:10,230 [INFO] 👉 [7] Iniciando debate...
2026-04-12 21:45:10,230 [INFO] 🔄 INICIANDO RONDA: 0 | Moderador: llama3.1:8b
2026-04-12 21:45:12,746 [INFO] TOP SCORE: -0.33143898844718933
2026-04-12 21:45:12,746 [INFO] 📊 RAG: 5 tablas y 5 textos enviados al experto.
2026-04-12 21:45:22,511 [INFO] 📊 [DLB] Generando análisis técnico con qwen2.5:7b...
2026-04-12 21:45:22,511 [INFO] 📡 [PNM] Calculando recursos de red con mistral:7b...
2026-04-12 21:45:36,540 [INFO] 🔄 INICIANDO RONDA: 1 | Moderador: llama3.1:8b
2026-04-12 21:45:41,358 [INFO] 📊 [DLB] Generando análisis técnico con qwen2.5:7b...
2026-04-12 21:45:41,358 [INFO] 📡 [PNM] Calculando recursos de red con mistral:7b...
2026-04-12 21:45:53,128 [INFO] 🔄 INICIANDO RONDA: 2 | Moderador: llama3.1:8b
2026-04-12 21:45:57,076 [INFO] 📊 [DLB] Generando análisis técnico con qwen2.5:7b...
2026-04-12 21:45:57,076 [INFO] 📡 [PNM] Calculando recursos de red con mistral:7b...
2026-04-12 21:46:06,655 [INFO] 🔄 INICIANDO RONDA: 3 | Moderador: llama3.1:8b
2026-04-12 21:46:11,357 [INFO] 📊 [DLB] Generando análisis técnico con qwen2.5:7b...
2026-04-12 21:46:11,357 [INFO] 📡 [PNM] Calculando recursos de red con mistral:7b...
2026-04-12 21:46:22,579 [INFO] 🔄 INICIANDO RONDA: 4 | Moderador: llama3.1:8b
2026-04-12 21:46:26,528 [INFO] ⚖️ [JUEZ] Generando respuesta consenso con llama3.1:8b...
2026-04-12 21:46:40,243 [INFO]    ✅ Finalizado.
2026-04-12 21:46:41,259 [INFO] 👉 [8] Iniciando debate...
2026-04-12 21:46:41,259 [INFO] 🔄 INICIANDO RONDA: 0 | Moderador: llama3.1:8b
2026-04-12 21:46:43,743 [INFO] TOP SCORE: 0.8279486298561096
2026-04-12 21:46:43,743 [INFO] 📊 RAG: 0 tablas y 5 textos enviados al experto.
2026-04-12 21:47:21,950 [INFO] 📁 Procesando archivo: a-compact-low-noise-frontend-for-interleaved-rx-tx-arrays-at-k-ka-band_salida.txt
2026-04-12 21:47:21,950 [INFO] 📁 Procesando archivo: a-compact-lowpass-filter-for-satellite-communication-systems-based-on-transfer-function-analysis_salida.txt
2026-04-12 21:47:21,950 [INFO] 👉 [3] Iniciando debate...
2026-04-12 21:47:21,965 [INFO] 🔄 INICIANDO RONDA: 0 | Moderador: llama3.3:70b
2026-04-12 21:47:24,591 [INFO] TOP SCORE: -3.2043278217315674
2026-04-12 21:47:24,591 [INFO] 📊 RAG: 0 tablas y 5 textos enviados al experto.
2026-04-12 21:49:20,392 [INFO] 📊 [DLB] Generando análisis técnico con deepseek-r1:70b...
2026-04-12 21:49:20,393 [INFO] 📡 [PNM] Calculando recursos de red con qwen2.5:72b...
2026-04-12 21:54:57,031 [INFO] 🔄 INICIANDO RONDA: 1 | Moderador: llama3.3:70b
2026-04-12 21:56:40,428 [INFO] 📊 [DLB] Generando análisis técnico con deepseek-r1:70b...
2026-04-12 21:56:40,428 [INFO] 📡 [PNM] Calculando recursos de red con qwen2.5:72b...
2026-04-12 22:02:51,964 [INFO] 🔄 INICIANDO RONDA: 2 | Moderador: llama3.3:70b
2026-04-12 22:04:42,185 [INFO] 📊 [DLB] Generando análisis técnico con deepseek-r1:70b...
2026-04-12 22:04:42,185 [INFO] 📡 [PNM] Calculando recursos de red con qwen2.5:72b...
2026-04-12 22:11:38,238 [INFO] 🔄 INICIANDO RONDA: 3 | Moderador: llama3.3:70b
2026-04-12 22:13:16,078 [INFO] 📊 [DLB] Generando análisis técnico con deepseek-r1:70b...
2026-04-12 22:13:16,079 [INFO] 📡 [PNM] Calculando recursos de red con qwen2.5:72b...
2026-04-12 22:19:43,241 [INFO] 🔄 INICIANDO RONDA: 4 | Moderador: llama3.3:70b
2026-04-12 22:21:30,341 [INFO] ⚖️ [JUEZ] Generando respuesta consenso con llama3.3:70b...
2026-04-12 22:23:26,472 [INFO]    ✅ Finalizado.
2026-04-12 22:23:27,485 [INFO] 👉 [4] Iniciando debate...
2026-04-12 22:23:27,485 [INFO] 🔄 INICIANDO RONDA: 0 | Moderador: llama3.3:70b
2026-04-12 22:23:29,940 [INFO] TOP SCORE: 1.0363569259643555
2026-04-12 22:23:29,940 [INFO] 📊 RAG: 0 tablas y 5 textos enviados al experto.
2026-04-12 22:25:20,603 [INFO] 📊 [DLB] Generando análisis técnico con deepseek-r1:70b...
2026-04-12 22:25:20,604 [INFO] 📡 [PNM] Calculando recursos de red con qwen2.5:72b...
2026-04-12 22:33:13,726 [INFO] 🔄 INICIANDO RONDA: 1 | Moderador: llama3.3:70b
2026-04-12 22:35:01,180 [INFO] 📊 [DLB] Generando análisis técnico con deepseek-r1:70b...
2026-04-12 22:35:01,180 [INFO] 📡 [PNM] Calculando recursos de red con qwen2.5:72b...
2026-04-12 22:40:58,613 [INFO] 🔄 INICIANDO RONDA: 2 | Moderador: llama3.3:70b
2026-04-12 22:42:37,842 [INFO] 📊 [DLB] Generando análisis técnico con deepseek-r1:70b...
2026-04-12 22:42:37,842 [INFO] 📡 [PNM] Calculando recursos de red con qwen2.5:72b...
2026-04-12 22:49:14,326 [INFO] 🔄 INICIANDO RONDA: 3 | Moderador: llama3.3:70b
2026-04-12 22:50:54,855 [INFO] 📊 [DLB] Generando análisis técnico con deepseek-r1:70b...
2026-04-12 22:50:54,856 [INFO] 📡 [PNM] Calculando recursos de red con qwen2.5:72b...
2026-04-12 22:56:50,764 [INFO] 🔄 INICIANDO RONDA: 4 | Moderador: llama3.3:70b
2026-04-12 22:58:25,492 [INFO] ⚖️ [JUEZ] Generando respuesta consenso con llama3.3:70b...
2026-04-12 23:00:26,581 [INFO]    ✅ Finalizado.
2026-04-12 23:00:27,597 [INFO] 👉 [5] Iniciando debate...
2026-04-12 23:00:27,597 [INFO] 🔄 INICIANDO RONDA: 0 | Moderador: llama3.3:70b
2026-04-12 23:00:30,067 [INFO] TOP SCORE: -2.4963417053222656
2026-04-12 23:00:30,067 [INFO] 📊 RAG: 1 tablas y 5 textos enviados al experto.
2026-04-12 23:02:39,285 [INFO] 📊 [DLB] Generando análisis técnico con deepseek-r1:70b...
2026-04-12 23:02:39,286 [INFO] 📡 [PNM] Calculando recursos de red con qwen2.5:72b...
2026-04-12 23:09:15,352 [INFO] 🔄 INICIANDO RONDA: 1 | Moderador: llama3.3:70b
2026-04-12 23:11:05,790 [INFO] 📊 [DLB] Generando análisis técnico con deepseek-r1:70b...
2026-04-12 23:11:05,790 [INFO] 📡 [PNM] Calculando recursos de red con qwen2.5:72b...
2026-04-12 23:18:46,606 [INFO] 🔄 INICIANDO RONDA: 2 | Moderador: llama3.3:70b
2026-04-12 23:20:29,089 [INFO] 📊 [DLB] Generando análisis técnico con deepseek-r1:70b...
2026-04-12 23:20:29,089 [INFO] 📡 [PNM] Calculando recursos de red con qwen2.5:72b...
2026-04-12 23:27:18,907 [INFO] 🔄 INICIANDO RONDA: 3 | Moderador: llama3.3:70b
2026-04-12 23:28:53,582 [INFO] 📊 [DLB] Generando análisis técnico con deepseek-r1:70b...
2026-04-12 23:28:53,583 [INFO] 📡 [PNM] Calculando recursos de red con qwen2.5:72b...
2026-04-12 23:36:45,677 [INFO] 🔄 INICIANDO RONDA: 4 | Moderador: llama3.3:70b
2026-04-12 23:38:22,512 [INFO] ⚖️ [JUEZ] Generando respuesta consenso con llama3.3:70b...
2026-04-12 23:40:26,588 [ERROR]    ❌ Error en debate #5: [Errno 2] No such file or directory: 'C:\\Users\\Laura\\Desktop\\TFG_Laura\\03_Langgraph_Parallel\\data\\70B\\heterogeneo\\q005\\debate_q005.txt'
2026-04-12 23:40:27,601 [INFO] 📁 Procesando archivo: a-framework-to-classify-heterogeneous-internet-traffic-with-machine-learning-and-deep-learning-techniques-for-satellite-communications_salida.txt
2026-04-12 23:40:27,617 [INFO] 👉 [6] Iniciando debate...
2026-04-12 23:40:27,617 [INFO] 🔄 INICIANDO RONDA: 0 | Moderador: llama3.3:70b
2026-04-12 23:40:30,245 [INFO] TOP SCORE: 1.6124547719955444
2026-04-12 23:40:30,245 [INFO] 📊 RAG: 5 tablas y 5 textos enviados al experto.
2026-04-13 09:24:34,763 [INFO] 📁 Procesando archivo: a-compact-low-noise-frontend-for-interleaved-rx-tx-arrays-at-k-ka-band_salida.txt
2026-04-13 09:24:34,763 [INFO] 📁 Procesando archivo: a-compact-lowpass-filter-for-satellite-communication-systems-based-on-transfer-function-analysis_salida.txt
2026-04-13 09:24:34,779 [INFO] 👉 [5] Iniciando debate...
2026-04-13 09:24:34,810 [INFO] 🔄 INICIANDO RONDA: 0 | Moderador: llama3.3:70b
2026-04-13 09:24:37,670 [INFO] TOP SCORE: -2.4963417053222656
2026-04-13 09:24:37,670 [INFO] 📊 RAG: 1 tablas y 5 textos enviados al experto.
2026-04-13 09:27:16,135 [INFO] 📁 Procesando archivo: a-compact-low-noise-frontend-for-interleaved-rx-tx-arrays-at-k-ka-band_salida.txt
2026-04-13 09:27:16,135 [INFO] 📁 Procesando archivo: a-compact-lowpass-filter-for-satellite-communication-systems-based-on-transfer-function-analysis_salida.txt
2026-04-13 09:27:16,135 [INFO] 👉 [5] Iniciando debate...
2026-04-13 09:27:16,151 [INFO] 🔄 INICIANDO RONDA: 0 | Moderador: llama3.3:70b
2026-04-13 09:27:18,620 [INFO] TOP SCORE: -2.4963417053222656
2026-04-13 09:27:18,620 [INFO] 📊 RAG: 1 tablas y 5 textos enviados al experto.
2026-04-13 09:29:30,202 [INFO] 📊 [DLB] Generando análisis técnico con deepseek-r1:70b...
2026-04-13 09:29:30,203 [INFO] 📡 [PNM] Calculando recursos de red con qwen2.5:72b...
2026-04-13 09:36:02,406 [INFO] 🔄 INICIANDO RONDA: 1 | Moderador: llama3.3:70b
2026-04-13 09:37:43,013 [INFO] 📊 [DLB] Generando análisis técnico con deepseek-r1:70b...
2026-04-13 09:37:43,013 [INFO] 📡 [PNM] Calculando recursos de red con qwen2.5:72b...
2026-04-13 09:46:06,560 [INFO] 🔄 INICIANDO RONDA: 2 | Moderador: llama3.3:70b
2026-04-13 09:47:50,028 [INFO] 📊 [DLB] Generando análisis técnico con deepseek-r1:70b...
2026-04-13 09:47:50,028 [INFO] 📡 [PNM] Calculando recursos de red con qwen2.5:72b...
2026-04-13 09:55:23,403 [INFO] 🔄 INICIANDO RONDA: 3 | Moderador: llama3.3:70b
2026-04-13 09:56:58,609 [INFO] 📊 [DLB] Generando análisis técnico con deepseek-r1:70b...
2026-04-13 09:56:58,609 [INFO] 📡 [PNM] Calculando recursos de red con qwen2.5:72b...
2026-04-13 10:04:00,513 [INFO] 🔄 INICIANDO RONDA: 4 | Moderador: llama3.3:70b
2026-04-13 10:05:37,854 [INFO] ⚖️ [JUEZ] Generando respuesta consenso con llama3.3:70b...
2026-04-13 10:07:53,337 [INFO]    ✅ Finalizado.
2026-04-13 10:07:54,344 [INFO] 📁 Procesando archivo: a-framework-to-classify-heterogeneous-internet-traffic-with-machine-learning-and-deep-learning-techniques-for-satellite-communications_salida.txt
2026-04-13 10:07:54,360 [INFO] 👉 [6] Iniciando debate...
2026-04-13 10:07:54,360 [INFO] 🔄 INICIANDO RONDA: 0 | Moderador: llama3.3:70b
2026-04-13 10:07:57,017 [INFO] TOP SCORE: 1.6124547719955444
2026-04-13 10:07:57,017 [INFO] 📊 RAG: 5 tablas y 5 textos enviados al experto.
2026-04-13 10:09:53,066 [INFO] 📊 [DLB] Generando análisis técnico con deepseek-r1:70b...
2026-04-13 10:09:53,066 [INFO] 📡 [PNM] Calculando recursos de red con qwen2.5:72b...
2026-04-13 10:42:46,930 [INFO] 📁 Procesando archivo: a-compact-low-noise-frontend-for-interleaved-rx-tx-arrays-at-k-ka-band_salida.txt
2026-04-13 10:42:46,930 [INFO] 📁 Procesando archivo: a-compact-lowpass-filter-for-satellite-communication-systems-based-on-transfer-function-analysis_salida.txt
2026-04-13 10:42:46,930 [INFO] 📁 Procesando archivo: a-framework-to-classify-heterogeneous-internet-traffic-with-machine-learning-and-deep-learning-techniques-for-satellite-communications_salida.txt
2026-04-13 10:42:46,930 [INFO] 👉 [8] Iniciando debate...
2026-04-13 10:42:46,946 [INFO] 🔄 INICIANDO RONDA: 0 | Moderador: llama3.1:8b
2026-04-13 10:42:49,852 [INFO] TOP SCORE: 0.8279486298561096
2026-04-13 10:42:49,852 [INFO] 📊 RAG: 0 tablas y 5 textos enviados al experto.
2026-04-13 10:43:05,208 [INFO] 📊 [DLB] Generando análisis técnico con qwen2.5:7b...
2026-04-13 10:43:05,208 [INFO] 📡 [PNM] Calculando recursos de red con mistral:7b...
2026-04-13 10:43:20,386 [INFO] 🔄 INICIANDO RONDA: 1 | Moderador: llama3.1:8b
2026-04-13 10:43:24,318 [INFO] 📊 [DLB] Generando análisis técnico con qwen2.5:7b...
2026-04-13 10:43:24,318 [INFO] 📡 [PNM] Calculando recursos de red con mistral:7b...
2026-04-13 10:43:32,092 [INFO] 🔄 INICIANDO RONDA: 2 | Moderador: llama3.1:8b
2026-04-13 10:43:36,931 [INFO] 📊 [DLB] Generando análisis técnico con qwen2.5:7b...
2026-04-13 10:43:36,931 [INFO] 📡 [PNM] Calculando recursos de red con mistral:7b...
2026-04-13 10:43:47,825 [INFO] 🔄 INICIANDO RONDA: 3 | Moderador: llama3.1:8b
2026-04-13 10:43:53,751 [INFO] 📊 [DLB] Generando análisis técnico con qwen2.5:7b...
2026-04-13 10:43:53,751 [INFO] 📡 [PNM] Calculando recursos de red con mistral:7b...
2026-04-13 10:44:06,515 [INFO] 🔄 INICIANDO RONDA: 4 | Moderador: llama3.1:8b
2026-04-13 10:44:12,832 [INFO] ⚖️ [JUEZ] Generando respuesta consenso con llama3.1:8b...
2026-04-13 10:44:24,758 [INFO]    ✅ Finalizado.
2026-04-13 10:44:25,763 [INFO] 👉 [9] Iniciando debate...
2026-04-13 10:44:25,763 [INFO] 🔄 INICIANDO RONDA: 0 | Moderador: llama3.1:8b
2026-04-13 10:44:28,294 [INFO] TOP SCORE: -1.6705405712127686
2026-04-13 10:44:28,294 [INFO] 📊 RAG: 4 tablas y 5 textos enviados al experto.
2026-04-13 10:44:38,322 [INFO] 📊 [DLB] Generando análisis técnico con qwen2.5:7b...
2026-04-13 10:44:38,322 [INFO] 📡 [PNM] Calculando recursos de red con mistral:7b...
2026-04-13 10:44:51,755 [INFO] 🔄 INICIANDO RONDA: 1 | Moderador: llama3.1:8b
2026-04-13 10:44:57,823 [INFO] 📊 [DLB] Generando análisis técnico con qwen2.5:7b...
2026-04-13 10:44:57,823 [INFO] 📡 [PNM] Calculando recursos de red con mistral:7b...
2026-04-13 10:45:11,960 [INFO] 🔄 INICIANDO RONDA: 2 | Moderador: llama3.1:8b
2026-04-13 10:45:18,824 [INFO] 📊 [DLB] Generando análisis técnico con qwen2.5:7b...
2026-04-13 10:45:18,824 [INFO] 📡 [PNM] Calculando recursos de red con mistral:7b...
2026-04-13 10:45:34,409 [INFO] 🔄 INICIANDO RONDA: 3 | Moderador: llama3.1:8b
2026-04-13 10:45:43,711 [INFO] 📊 [DLB] Generando análisis técnico con qwen2.5:7b...
2026-04-13 10:45:43,711 [INFO] 📡 [PNM] Calculando recursos de red con mistral:7b...
2026-04-13 10:46:00,184 [INFO] 🔄 INICIANDO RONDA: 4 | Moderador: llama3.1:8b
2026-04-13 10:46:07,803 [INFO] ⚖️ [JUEZ] Generando respuesta consenso con llama3.1:8b...
2026-04-13 10:46:24,482 [INFO]    ✅ Finalizado.
2026-04-13 10:46:25,491 [INFO] 👉 [10] Iniciando debate...
2026-04-13 10:46:25,491 [INFO] 🔄 INICIANDO RONDA: 0 | Moderador: llama3.1:8b
2026-04-13 10:46:27,913 [INFO] TOP SCORE: 2.3981456756591797
2026-04-13 10:46:27,913 [INFO] 📊 RAG: 0 tablas y 5 textos enviados al experto.
2026-04-13 10:46:33,763 [INFO] 📊 [DLB] Generando análisis técnico con qwen2.5:7b...
2026-04-13 10:46:33,763 [INFO] 📡 [PNM] Calculando recursos de red con mistral:7b...
2026-04-13 10:46:43,574 [INFO] 🔄 INICIANDO RONDA: 1 | Moderador: llama3.1:8b
2026-04-13 10:46:48,614 [INFO] 📊 [DLB] Generando análisis técnico con qwen2.5:7b...
2026-04-13 10:46:48,614 [INFO] 📡 [PNM] Calculando recursos de red con mistral:7b...
2026-04-13 10:46:55,287 [INFO] 🔄 INICIANDO RONDA: 2 | Moderador: llama3.1:8b
2026-04-13 10:47:00,806 [INFO] 📊 [DLB] Generando análisis técnico con qwen2.5:7b...
2026-04-13 10:47:00,806 [INFO] 📡 [PNM] Calculando recursos de red con mistral:7b...
2026-04-13 10:47:08,050 [INFO] 🔄 INICIANDO RONDA: 3 | Moderador: llama3.1:8b
2026-04-13 10:47:14,190 [INFO] 📊 [DLB] Generando análisis técnico con qwen2.5:7b...
2026-04-13 10:47:14,190 [INFO] 📡 [PNM] Calculando recursos de red con mistral:7b...
2026-04-13 10:47:21,877 [INFO] 🔄 INICIANDO RONDA: 4 | Moderador: llama3.1:8b
2026-04-13 10:47:29,789 [INFO] ⚖️ [JUEZ] Generando respuesta consenso con llama3.1:8b...
2026-04-13 10:47:40,436 [INFO]    ✅ Finalizado.
2026-04-13 10:47:41,447 [INFO] 👉 [11] Iniciando debate...
2026-04-13 10:47:41,447 [INFO] 🔄 INICIANDO RONDA: 0 | Moderador: llama3.1:8b
2026-04-13 10:47:43,916 [INFO] TOP SCORE: 2.283893585205078
2026-04-13 10:47:43,916 [INFO] 📊 RAG: 0 tablas y 5 textos enviados al experto.
2026-04-13 10:47:50,419 [INFO] 📊 [DLB] Generando análisis técnico con qwen2.5:7b...
2026-04-13 10:47:50,419 [INFO] 📡 [PNM] Calculando recursos de red con mistral:7b...
2026-04-13 10:47:56,129 [INFO] 🔄 INICIANDO RONDA: 1 | Moderador: llama3.1:8b
2026-04-13 10:48:00,408 [INFO] 📊 [DLB] Generando análisis técnico con qwen2.5:7b...
2026-04-13 10:48:00,408 [INFO] 📡 [PNM] Calculando recursos de red con mistral:7b...
2026-04-13 10:48:09,109 [INFO] 🔄 INICIANDO RONDA: 2 | Moderador: llama3.1:8b
2026-04-13 10:48:13,336 [INFO] 📊 [DLB] Generando análisis técnico con qwen2.5:7b...
2026-04-13 10:48:13,336 [INFO] 📡 [PNM] Calculando recursos de red con mistral:7b...
2026-04-13 10:48:20,301 [INFO] 🔄 INICIANDO RONDA: 3 | Moderador: llama3.1:8b
2026-04-13 10:48:25,273 [INFO] 📊 [DLB] Generando análisis técnico con qwen2.5:7b...
2026-04-13 10:48:25,273 [INFO] 📡 [PNM] Calculando recursos de red con mistral:7b...
2026-04-13 10:48:33,690 [INFO] 🔄 INICIANDO RONDA: 4 | Moderador: llama3.1:8b
2026-04-13 10:48:43,573 [INFO] ⚖️ [JUEZ] Generando respuesta consenso con llama3.1:8b...
2026-04-13 10:48:55,553 [INFO]    ✅ Finalizado.
2026-04-13 10:48:56,567 [INFO] 👉 [12] Iniciando debate...
2026-04-13 10:48:56,567 [INFO] 🔄 INICIANDO RONDA: 0 | Moderador: llama3.1:8b
2026-04-13 10:48:58,989 [INFO] TOP SCORE: 1.3480300903320312
2026-04-13 10:48:58,989 [INFO] 📊 RAG: 0 tablas y 5 textos enviados al experto.
2026-04-13 10:49:06,998 [INFO] 📊 [DLB] Generando análisis técnico con qwen2.5:7b...
2026-04-13 10:49:06,998 [INFO] 📡 [PNM] Calculando recursos de red con mistral:7b...
2026-04-13 10:49:16,803 [INFO] 🔄 INICIANDO RONDA: 1 | Moderador: llama3.1:8b
2026-04-13 10:49:20,694 [INFO] 📊 [DLB] Generando análisis técnico con qwen2.5:7b...
2026-04-13 10:49:20,694 [INFO] 📡 [PNM] Calculando recursos de red con mistral:7b...
2026-04-13 10:49:30,064 [INFO] 🔄 INICIANDO RONDA: 2 | Moderador: llama3.1:8b
2026-04-13 10:49:33,813 [INFO] 📊 [DLB] Generando análisis técnico con qwen2.5:7b...
2026-04-13 10:49:33,813 [INFO] 📡 [PNM] Calculando recursos de red con mistral:7b...
2026-04-13 10:49:43,466 [INFO] 🔄 INICIANDO RONDA: 3 | Moderador: llama3.1:8b
2026-04-13 10:49:47,745 [INFO] 📊 [DLB] Generando análisis técnico con qwen2.5:7b...
2026-04-13 10:49:47,745 [INFO] 📡 [PNM] Calculando recursos de red con mistral:7b...
2026-04-13 10:50:00,296 [INFO] 🔄 INICIANDO RONDA: 4 | Moderador: llama3.1:8b
2026-04-13 10:50:26,025 [INFO] ⚖️ [JUEZ] Generando respuesta consenso con llama3.1:8b...
2026-04-13 10:50:39,143 [INFO]    ✅ Finalizado.
2026-04-13 10:50:40,155 [INFO] 📁 Procesando archivo: a-ka-band-satcom-transceiver-in-65-nm-cmos-with-high-linearity-tx-and-dual-channel-wide-dynamic-range-rx-for-terrestrial-terminal_salida.txt
2026-04-13 10:50:40,155 [INFO] 👉 [13] Iniciando debate...
2026-04-13 10:50:40,155 [INFO] 🔄 INICIANDO RONDA: 0 | Moderador: llama3.1:8b
2026-04-13 10:50:42,718 [INFO] TOP SCORE: -1.7276138067245483
2026-04-13 10:50:42,718 [INFO] 📊 RAG: 0 tablas y 5 textos enviados al experto.
2026-04-13 10:50:50,275 [INFO] 📊 [DLB] Generando análisis técnico con qwen2.5:7b...
2026-04-13 10:50:50,275 [INFO] 📡 [PNM] Calculando recursos de red con mistral:7b...
2026-04-13 10:50:59,689 [INFO] 🔄 INICIANDO RONDA: 1 | Moderador: llama3.1:8b
2026-04-13 10:51:04,611 [INFO] 📊 [DLB] Generando análisis técnico con qwen2.5:7b...
2026-04-13 10:51:04,611 [INFO] 📡 [PNM] Calculando recursos de red con mistral:7b...
2026-04-13 10:51:13,565 [INFO] 🔄 INICIANDO RONDA: 2 | Moderador: llama3.1:8b
2026-04-13 10:51:17,856 [INFO] 📊 [DLB] Generando análisis técnico con qwen2.5:7b...
2026-04-13 10:51:17,856 [INFO] 📡 [PNM] Calculando recursos de red con mistral:7b...
2026-04-13 10:51:27,713 [INFO] 🔄 INICIANDO RONDA: 3 | Moderador: llama3.1:8b
2026-04-13 10:51:32,231 [INFO] 📊 [DLB] Generando análisis técnico con qwen2.5:7b...
2026-04-13 10:51:32,231 [INFO] 📡 [PNM] Calculando recursos de red con mistral:7b...
2026-04-13 10:51:40,477 [INFO] 🔄 INICIANDO RONDA: 4 | Moderador: llama3.1:8b
2026-04-13 10:51:45,429 [INFO] ⚖️ [JUEZ] Generando respuesta consenso con llama3.1:8b...
2026-04-13 10:51:56,790 [INFO]    ✅ Finalizado.
2026-04-13 10:51:57,796 [INFO] 👉 [14] Iniciando debate...
2026-04-13 10:51:57,796 [INFO] 🔄 INICIANDO RONDA: 0 | Moderador: llama3.1:8b
2026-04-13 10:52:00,734 [INFO] TOP SCORE: -3.655665159225464
2026-04-13 10:52:00,734 [INFO] 📊 RAG: 0 tablas y 5 textos enviados al experto.
2026-04-13 10:52:09,891 [INFO] 📊 [DLB] Generando análisis técnico con qwen2.5:7b...
2026-04-13 10:52:09,891 [INFO] 📡 [PNM] Calculando recursos de red con mistral:7b...
2026-04-13 10:52:18,170 [INFO] 🔄 INICIANDO RONDA: 1 | Moderador: llama3.1:8b
2026-04-13 10:52:23,428 [INFO] 📊 [DLB] Generando análisis técnico con qwen2.5:7b...
2026-04-13 10:52:23,428 [INFO] 📡 [PNM] Calculando recursos de red con mistral:7b...
2026-04-13 10:52:34,190 [INFO] 🔄 INICIANDO RONDA: 2 | Moderador: llama3.1:8b
2026-04-13 10:52:40,641 [INFO] 📊 [DLB] Generando análisis técnico con qwen2.5:7b...
2026-04-13 10:52:40,641 [INFO] 📡 [PNM] Calculando recursos de red con mistral:7b...
2026-04-13 10:52:49,896 [INFO] 🔄 INICIANDO RONDA: 3 | Moderador: llama3.1:8b
2026-04-13 10:53:00,299 [INFO] 📊 [DLB] Generando análisis técnico con qwen2.5:7b...
2026-04-13 10:53:00,299 [INFO] 📡 [PNM] Calculando recursos de red con mistral:7b...
2026-04-13 10:53:13,529 [INFO] 🔄 INICIANDO RONDA: 4 | Moderador: llama3.1:8b
2026-04-13 10:53:21,807 [INFO] ⚖️ [JUEZ] Generando respuesta consenso con llama3.1:8b...
2026-04-13 10:53:36,918 [INFO]    ✅ Finalizado.
2026-04-13 10:53:37,918 [INFO] 📁 Procesando archivo: a-lagrangian-heuristic-for-satellite-range-scheduling-with-resource-constraints_salida.txt
2026-04-13 10:53:37,933 [INFO] 👉 [15] Iniciando debate...
2026-04-13 10:53:37,933 [INFO] 🔄 INICIANDO RONDA: 0 | Moderador: llama3.1:8b
2026-04-13 10:53:40,528 [INFO] TOP SCORE: 0.5249515771865845
2026-04-13 10:53:40,528 [INFO] 📊 RAG: 0 tablas y 5 textos enviados al experto.
2026-04-13 10:53:48,489 [INFO] 📊 [DLB] Generando análisis técnico con qwen2.5:7b...
2026-04-13 10:53:48,489 [INFO] 📡 [PNM] Calculando recursos de red con mistral:7b...
2026-04-13 10:53:54,829 [INFO] 🔄 INICIANDO RONDA: 1 | Moderador: llama3.1:8b
2026-04-13 10:53:58,955 [INFO] 📊 [DLB] Generando análisis técnico con qwen2.5:7b...
2026-04-13 10:53:58,955 [INFO] 📡 [PNM] Calculando recursos de red con mistral:7b...
2026-04-13 10:54:06,473 [INFO] 🔄 INICIANDO RONDA: 2 | Moderador: llama3.1:8b
2026-04-13 10:54:10,610 [INFO] 📊 [DLB] Generando análisis técnico con qwen2.5:7b...
2026-04-13 10:54:10,610 [INFO] 📡 [PNM] Calculando recursos de red con mistral:7b...
2026-04-13 10:54:19,857 [INFO] 🔄 INICIANDO RONDA: 3 | Moderador: llama3.1:8b
2026-04-13 10:54:24,427 [INFO] 📊 [DLB] Generando análisis técnico con qwen2.5:7b...
2026-04-13 10:54:24,427 [INFO] 📡 [PNM] Calculando recursos de red con mistral:7b...
2026-04-13 10:54:33,404 [INFO] 🔄 INICIANDO RONDA: 4 | Moderador: llama3.1:8b
2026-04-13 10:54:37,978 [INFO] ⚖️ [JUEZ] Generando respuesta consenso con llama3.1:8b...
2026-04-13 10:54:49,035 [INFO]    ✅ Finalizado.
2026-04-13 10:54:50,041 [INFO] 👉 [16] Iniciando debate...
2026-04-13 10:54:50,041 [INFO] 🔄 INICIANDO RONDA: 0 | Moderador: llama3.1:8b
2026-04-13 10:54:52,604 [INFO] TOP SCORE: -0.9431830048561096
2026-04-13 10:54:52,604 [INFO] 📊 RAG: 0 tablas y 5 textos enviados al experto.
2026-04-13 10:55:02,845 [INFO] 📊 [DLB] Generando análisis técnico con qwen2.5:7b...
2026-04-13 10:55:02,845 [INFO] 📡 [PNM] Calculando recursos de red con mistral:7b...
2026-04-13 10:55:13,610 [INFO] 🔄 INICIANDO RONDA: 1 | Moderador: llama3.1:8b
2026-04-13 10:55:18,813 [INFO] 📊 [DLB] Generando análisis técnico con qwen2.5:7b...
2026-04-13 10:55:18,813 [INFO] 📡 [PNM] Calculando recursos de red con mistral:7b...
2026-04-13 10:55:25,681 [INFO] 🔄 INICIANDO RONDA: 2 | Moderador: llama3.1:8b
2026-04-13 10:55:30,475 [INFO] 📊 [DLB] Generando análisis técnico con qwen2.5:7b...
2026-04-13 10:55:30,475 [INFO] 📡 [PNM] Calculando recursos de red con mistral:7b...
2026-04-13 10:55:36,683 [INFO] 🔄 INICIANDO RONDA: 3 | Moderador: llama3.1:8b
2026-04-13 10:55:41,980 [INFO] 📊 [DLB] Generando análisis técnico con qwen2.5:7b...
2026-04-13 10:55:41,980 [INFO] 📡 [PNM] Calculando recursos de red con mistral:7b...
2026-04-13 10:55:50,953 [INFO] 🔄 INICIANDO RONDA: 4 | Moderador: llama3.1:8b
2026-04-13 10:55:56,364 [INFO] ⚖️ [JUEZ] Generando respuesta consenso con llama3.1:8b...
2026-04-13 10:56:09,937 [INFO]    ✅ Finalizado.
2026-04-13 10:56:10,946 [INFO] 👉 [17] Iniciando debate...
2026-04-13 10:56:10,946 [INFO] 🔄 INICIANDO RONDA: 0 | Moderador: llama3.1:8b
2026-04-13 10:56:13,352 [INFO] TOP SCORE: -3.883606433868408
2026-04-13 10:56:13,352 [INFO] 📊 RAG: 0 tablas y 5 textos enviados al experto.
2026-04-13 10:56:19,778 [INFO] 📊 [DLB] Generando análisis técnico con qwen2.5:7b...
2026-04-13 10:56:19,778 [INFO] 📡 [PNM] Calculando recursos de red con mistral:7b...
2026-04-13 10:56:28,848 [INFO] 🔄 INICIANDO RONDA: 1 | Moderador: llama3.1:8b
2026-04-13 10:56:33,851 [INFO] 📊 [DLB] Generando análisis técnico con qwen2.5:7b...
2026-04-13 10:56:33,851 [INFO] 📡 [PNM] Calculando recursos de red con mistral:7b...
2026-04-13 10:56:43,767 [INFO] 🔄 INICIANDO RONDA: 2 | Moderador: llama3.1:8b
2026-04-13 10:56:48,952 [INFO] 📊 [DLB] Generando análisis técnico con qwen2.5:7b...
2026-04-13 10:56:48,952 [INFO] 📡 [PNM] Calculando recursos de red con mistral:7b...
2026-04-13 10:56:56,374 [INFO] 🔄 INICIANDO RONDA: 3 | Moderador: llama3.1:8b
2026-04-13 10:57:01,617 [INFO] 📊 [DLB] Generando análisis técnico con qwen2.5:7b...
2026-04-13 10:57:01,617 [INFO] 📡 [PNM] Calculando recursos de red con mistral:7b...
2026-04-13 10:57:08,870 [INFO] 🔄 INICIANDO RONDA: 4 | Moderador: llama3.1:8b
2026-04-13 10:57:13,575 [INFO] ⚖️ [JUEZ] Generando respuesta consenso con llama3.1:8b...
2026-04-13 10:57:26,820 [INFO]    ✅ Finalizado.
2026-04-13 10:57:27,821 [INFO] 👉 [18] Iniciando debate...
2026-04-13 10:57:27,821 [INFO] 🔄 INICIANDO RONDA: 0 | Moderador: llama3.1:8b
2026-04-13 10:57:30,383 [INFO] TOP SCORE: 0.4898539185523987
2026-04-13 10:57:30,383 [INFO] 📊 RAG: 0 tablas y 5 textos enviados al experto.
2026-04-13 10:57:37,007 [INFO] 📊 [DLB] Generando análisis técnico con qwen2.5:7b...
2026-04-13 10:57:37,007 [INFO] 📡 [PNM] Calculando recursos de red con mistral:7b...
2026-04-13 10:57:44,088 [INFO] 🔄 INICIANDO RONDA: 1 | Moderador: llama3.1:8b
2026-04-13 10:57:48,772 [INFO] 📊 [DLB] Generando análisis técnico con qwen2.5:7b...
2026-04-13 10:57:48,772 [INFO] 📡 [PNM] Calculando recursos de red con mistral:7b...
2026-04-13 10:57:54,989 [INFO] 🔄 INICIANDO RONDA: 2 | Moderador: llama3.1:8b
2026-04-13 10:58:05,913 [INFO] 📊 [DLB] Generando análisis técnico con qwen2.5:7b...
2026-04-13 10:58:05,913 [INFO] 📡 [PNM] Calculando recursos de red con mistral:7b...
2026-04-13 10:58:14,176 [INFO] 🔄 INICIANDO RONDA: 3 | Moderador: llama3.1:8b
2026-04-13 10:58:20,852 [INFO] 📊 [DLB] Generando análisis técnico con qwen2.5:7b...
2026-04-13 10:58:20,852 [INFO] 📡 [PNM] Calculando recursos de red con mistral:7b...
2026-04-13 10:58:29,507 [INFO] 🔄 INICIANDO RONDA: 4 | Moderador: llama3.1:8b
2026-04-13 10:58:35,040 [INFO] ⚖️ [JUEZ] Generando respuesta consenso con llama3.1:8b...
2026-04-13 10:58:47,361 [INFO]    ✅ Finalizado.
2026-04-13 10:58:48,368 [INFO] 👉 [19] Iniciando debate...
2026-04-13 10:58:48,368 [INFO] 🔄 INICIANDO RONDA: 0 | Moderador: llama3.1:8b
2026-04-13 10:58:50,774 [INFO] TOP SCORE: 0.638659656047821
2026-04-13 10:58:50,774 [INFO] 📊 RAG: 0 tablas y 5 textos enviados al experto.
2026-04-13 10:58:57,469 [INFO] 📊 [DLB] Generando análisis técnico con qwen2.5:7b...
2026-04-13 10:58:57,469 [INFO] 📡 [PNM] Calculando recursos de red con mistral:7b...
2026-04-13 10:59:04,031 [INFO] 🔄 INICIANDO RONDA: 1 | Moderador: llama3.1:8b
2026-04-13 10:59:09,692 [INFO] 📊 [DLB] Generando análisis técnico con qwen2.5:7b...
2026-04-13 10:59:09,692 [INFO] 📡 [PNM] Calculando recursos de red con mistral:7b...
2026-04-13 10:59:16,576 [INFO] 🔄 INICIANDO RONDA: 2 | Moderador: llama3.1:8b
2026-04-13 10:59:21,003 [INFO] 📊 [DLB] Generando análisis técnico con qwen2.5:7b...
2026-04-13 10:59:21,003 [INFO] 📡 [PNM] Calculando recursos de red con mistral:7b...
2026-04-13 10:59:27,452 [INFO] 🔄 INICIANDO RONDA: 3 | Moderador: llama3.1:8b
2026-04-13 10:59:32,119 [INFO] 📊 [DLB] Generando análisis técnico con qwen2.5:7b...
2026-04-13 10:59:32,119 [INFO] 📡 [PNM] Calculando recursos de red con mistral:7b...
2026-04-13 10:59:38,808 [INFO] 🔄 INICIANDO RONDA: 4 | Moderador: llama3.1:8b
2026-04-13 10:59:46,514 [INFO] ⚖️ [JUEZ] Generando respuesta consenso con llama3.1:8b...
2026-04-13 11:00:00,147 [INFO]    ✅ Finalizado.
2026-04-13 11:00:01,161 [INFO] 👉 [20] Iniciando debate...
2026-04-13 11:00:01,161 [INFO] 🔄 INICIANDO RONDA: 0 | Moderador: llama3.1:8b
2026-04-13 11:00:03,645 [INFO] TOP SCORE: 2.6979167461395264
2026-04-13 11:00:03,645 [INFO] 📊 RAG: 0 tablas y 5 textos enviados al experto.
2026-04-13 11:00:11,424 [INFO] 📊 [DLB] Generando análisis técnico con qwen2.5:7b...
2026-04-13 11:00:11,424 [INFO] 📡 [PNM] Calculando recursos de red con mistral:7b...
2026-04-13 11:00:17,583 [INFO] 🔄 INICIANDO RONDA: 1 | Moderador: llama3.1:8b
2026-04-13 11:00:22,451 [INFO] 📊 [DLB] Generando análisis técnico con qwen2.5:7b...
2026-04-13 11:00:22,451 [INFO] 📡 [PNM] Calculando recursos de red con mistral:7b...
2026-04-13 11:00:28,126 [INFO] 🔄 INICIANDO RONDA: 2 | Moderador: llama3.1:8b
2026-04-13 11:00:32,199 [INFO] 📊 [DLB] Generando análisis técnico con qwen2.5:7b...
2026-04-13 11:00:32,199 [INFO] 📡 [PNM] Calculando recursos de red con mistral:7b...
2026-04-13 11:00:38,220 [INFO] 🔄 INICIANDO RONDA: 3 | Moderador: llama3.1:8b
2026-04-13 11:00:42,264 [INFO] 📊 [DLB] Generando análisis técnico con qwen2.5:7b...
2026-04-13 11:00:42,264 [INFO] 📡 [PNM] Calculando recursos de red con mistral:7b...
2026-04-13 11:00:48,399 [INFO] 🔄 INICIANDO RONDA: 4 | Moderador: llama3.1:8b
2026-04-13 11:00:52,727 [INFO] ⚖️ [JUEZ] Generando respuesta consenso con llama3.1:8b...
2026-04-13 11:01:04,532 [INFO]    ✅ Finalizado.
2026-04-13 11:01:05,541 [INFO] 👉 [21] Iniciando debate...
2026-04-13 11:01:05,541 [INFO] 🔄 INICIANDO RONDA: 0 | Moderador: llama3.1:8b
2026-04-13 11:01:08,057 [INFO] TOP SCORE: -4.408236980438232
2026-04-13 11:01:08,057 [INFO] 📊 RAG: 0 tablas y 5 textos enviados al experto.
2026-04-13 11:01:59,874 [INFO] 📁 Procesando archivo: a-compact-low-noise-frontend-for-interleaved-rx-tx-arrays-at-k-ka-band_salida.txt
2026-04-13 11:01:59,874 [INFO] 👉 [1] Iniciando debate...
2026-04-13 11:01:59,890 [INFO] 🔄 INICIANDO RONDA: 0 | Moderador: gemma2:2b
2026-04-13 11:02:02,327 [INFO] TOP SCORE: 1.4195467233657837
2026-04-13 11:02:02,327 [INFO] 📊 RAG: 0 tablas y 5 textos enviados al experto.
2026-04-13 11:02:11,032 [INFO] 📊 [DLB] Generando análisis técnico con qwen2.5:1.5b...
2026-04-13 11:02:11,032 [INFO] 📡 [PNM] Calculando recursos de red con deepseek-r1:1.5b...
2026-04-13 11:02:24,390 [INFO] 🔄 INICIANDO RONDA: 1 | Moderador: gemma2:2b
2026-04-13 11:02:26,735 [INFO] 📊 [DLB] Generando análisis técnico con qwen2.5:1.5b...
2026-04-13 11:02:26,735 [INFO] 📡 [PNM] Calculando recursos de red con deepseek-r1:1.5b...
2026-04-13 11:02:38,826 [INFO] 🔄 INICIANDO RONDA: 2 | Moderador: gemma2:2b
2026-04-13 11:02:40,267 [INFO] 📊 [DLB] Generando análisis técnico con qwen2.5:1.5b...
2026-04-13 11:02:40,267 [INFO] 📡 [PNM] Calculando recursos de red con deepseek-r1:1.5b...
2026-04-13 11:02:50,839 [INFO] 🔄 INICIANDO RONDA: 3 | Moderador: gemma2:2b
2026-04-13 11:02:52,911 [INFO] 📊 [DLB] Generando análisis técnico con qwen2.5:1.5b...
2026-04-13 11:02:52,911 [INFO] 📡 [PNM] Calculando recursos de red con deepseek-r1:1.5b...
2026-04-13 11:03:06,851 [INFO] 🔄 INICIANDO RONDA: 4 | Moderador: gemma2:2b
2026-04-13 11:03:11,326 [INFO] ⚖️ [JUEZ] Generando respuesta consenso con gemma2:2b...
2026-04-13 11:03:21,169 [INFO]    ✅ Finalizado.
2026-04-13 11:03:22,172 [INFO] 📁 Procesando archivo: a-compact-lowpass-filter-for-satellite-communication-systems-based-on-transfer-function-analysis_salida.txt
2026-04-13 11:03:22,172 [INFO] 👉 [2] Iniciando debate...
2026-04-13 11:03:22,172 [INFO] 🔄 INICIANDO RONDA: 0 | Moderador: gemma2:2b
2026-04-13 11:03:24,641 [INFO] TOP SCORE: 2.5584475994110107
2026-04-13 11:03:24,641 [INFO] 📊 RAG: 0 tablas y 5 textos enviados al experto.
2026-04-13 11:03:30,863 [INFO] 📊 [DLB] Generando análisis técnico con qwen2.5:1.5b...
2026-04-13 11:03:30,863 [INFO] 📡 [PNM] Calculando recursos de red con deepseek-r1:1.5b...
2026-04-13 11:03:40,855 [INFO] 🔄 INICIANDO RONDA: 1 | Moderador: gemma2:2b
2026-04-13 11:03:43,291 [INFO] 📊 [DLB] Generando análisis técnico con qwen2.5:1.5b...
2026-04-13 11:03:43,291 [INFO] 📡 [PNM] Calculando recursos de red con deepseek-r1:1.5b...
2026-04-13 11:03:52,896 [INFO] 🔄 INICIANDO RONDA: 2 | Moderador: gemma2:2b
2026-04-13 11:03:55,003 [INFO] 📊 [DLB] Generando análisis técnico con qwen2.5:1.5b...
2026-04-13 11:03:55,003 [INFO] 📡 [PNM] Calculando recursos de red con deepseek-r1:1.5b...
2026-04-13 11:04:03,146 [INFO] 🔄 INICIANDO RONDA: 3 | Moderador: gemma2:2b
2026-04-13 11:04:04,894 [INFO] 📊 [DLB] Generando análisis técnico con qwen2.5:1.5b...
2026-04-13 11:04:04,894 [INFO] 📡 [PNM] Calculando recursos de red con deepseek-r1:1.5b...
2026-04-13 11:04:13,621 [INFO] 🔄 INICIANDO RONDA: 4 | Moderador: gemma2:2b
2026-04-13 11:04:15,520 [INFO] ⚖️ [JUEZ] Generando respuesta consenso con gemma2:2b...
2026-04-13 11:04:24,938 [INFO]    ✅ Finalizado.
2026-04-13 11:04:25,946 [INFO] 👉 [3] Iniciando debate...
2026-04-13 11:04:25,946 [INFO] 🔄 INICIANDO RONDA: 0 | Moderador: gemma2:2b
2026-04-13 11:04:28,461 [INFO] TOP SCORE: -3.2043278217315674
2026-04-13 11:04:28,461 [INFO] 📊 RAG: 0 tablas y 5 textos enviados al experto.
2026-04-13 11:04:32,443 [INFO] 📊 [DLB] Generando análisis técnico con qwen2.5:1.5b...
2026-04-13 11:04:32,443 [INFO] 📡 [PNM] Calculando recursos de red con deepseek-r1:1.5b...
2026-04-13 11:04:42,659 [INFO] 🔄 INICIANDO RONDA: 1 | Moderador: gemma2:2b
2026-04-13 11:04:44,722 [INFO] 📊 [DLB] Generando análisis técnico con qwen2.5:1.5b...
2026-04-13 11:04:44,722 [INFO] 📡 [PNM] Calculando recursos de red con deepseek-r1:1.5b...
2026-04-13 11:04:59,563 [INFO] 🔄 INICIANDO RONDA: 2 | Moderador: gemma2:2b
2026-04-13 11:05:01,165 [INFO] 📊 [DLB] Generando análisis técnico con qwen2.5:1.5b...
2026-04-13 11:05:01,165 [INFO] 📡 [PNM] Calculando recursos de red con deepseek-r1:1.5b...
2026-04-13 11:05:11,533 [INFO] 🔄 INICIANDO RONDA: 3 | Moderador: gemma2:2b
2026-04-13 11:05:13,319 [INFO] 📊 [DLB] Generando análisis técnico con qwen2.5:1.5b...
2026-04-13 11:05:13,319 [INFO] 📡 [PNM] Calculando recursos de red con deepseek-r1:1.5b...
2026-04-13 11:05:20,674 [INFO] 🔄 INICIANDO RONDA: 4 | Moderador: gemma2:2b
2026-04-13 11:05:23,430 [INFO] ⚖️ [JUEZ] Generando respuesta consenso con gemma2:2b...
2026-04-13 11:05:29,430 [INFO]    ✅ Finalizado.
2026-04-13 11:05:30,440 [INFO] 👉 [4] Iniciando debate...
2026-04-13 11:05:30,440 [INFO] 🔄 INICIANDO RONDA: 0 | Moderador: gemma2:2b
2026-04-13 11:05:32,877 [INFO] TOP SCORE: 1.0363569259643555
2026-04-13 11:05:32,877 [INFO] 📊 RAG: 0 tablas y 5 textos enviados al experto.
2026-04-13 11:05:35,730 [INFO] 📊 [DLB] Generando análisis técnico con qwen2.5:1.5b...
2026-04-13 11:05:35,730 [INFO] 📡 [PNM] Calculando recursos de red con deepseek-r1:1.5b...
2026-04-13 11:05:42,705 [INFO] 🔄 INICIANDO RONDA: 1 | Moderador: gemma2:2b
2026-04-13 11:05:44,513 [INFO] 📊 [DLB] Generando análisis técnico con qwen2.5:1.5b...
2026-04-13 11:05:44,513 [INFO] 📡 [PNM] Calculando recursos de red con deepseek-r1:1.5b...
2026-04-13 11:05:52,060 [INFO] 🔄 INICIANDO RONDA: 2 | Moderador: gemma2:2b
2026-04-13 11:05:54,523 [INFO] 📊 [DLB] Generando análisis técnico con qwen2.5:1.5b...
2026-04-13 11:05:54,523 [INFO] 📡 [PNM] Calculando recursos de red con deepseek-r1:1.5b...
2026-04-13 11:06:03,162 [INFO] 🔄 INICIANDO RONDA: 3 | Moderador: gemma2:2b
2026-04-13 11:06:05,894 [INFO] 📊 [DLB] Generando análisis técnico con qwen2.5:1.5b...
2026-04-13 11:06:05,894 [INFO] 📡 [PNM] Calculando recursos de red con deepseek-r1:1.5b...
2026-04-13 11:06:47,370 [INFO] 🔄 INICIANDO RONDA: 4 | Moderador: gemma2:2b
2026-04-13 11:06:49,254 [INFO] ⚖️ [JUEZ] Generando respuesta consenso con gemma2:2b...
2026-04-13 11:07:04,884 [INFO]    ✅ Finalizado.
2026-04-13 11:07:05,884 [INFO] 👉 [5] Iniciando debate...
2026-04-13 11:07:05,884 [INFO] 🔄 INICIANDO RONDA: 0 | Moderador: gemma2:2b
2026-04-13 11:07:08,368 [INFO] TOP SCORE: -2.4963417053222656
2026-04-13 11:07:08,368 [INFO] 📊 RAG: 1 tablas y 5 textos enviados al experto.
2026-04-13 11:07:14,993 [INFO] 📊 [DLB] Generando análisis técnico con qwen2.5:1.5b...
2026-04-13 11:07:14,993 [INFO] 📡 [PNM] Calculando recursos de red con deepseek-r1:1.5b...
2026-04-13 11:07:23,290 [INFO] 🔄 INICIANDO RONDA: 1 | Moderador: gemma2:2b
2026-04-13 11:07:25,285 [INFO] 📊 [DLB] Generando análisis técnico con qwen2.5:1.5b...
2026-04-13 11:07:25,285 [INFO] 📡 [PNM] Calculando recursos de red con deepseek-r1:1.5b...
2026-04-13 11:07:34,154 [INFO] 🔄 INICIANDO RONDA: 2 | Moderador: gemma2:2b
2026-04-13 11:07:36,381 [INFO] 📊 [DLB] Generando análisis técnico con qwen2.5:1.5b...
2026-04-13 11:07:36,381 [INFO] 📡 [PNM] Calculando recursos de red con deepseek-r1:1.5b...
2026-04-13 11:07:43,249 [INFO] 🔄 INICIANDO RONDA: 3 | Moderador: gemma2:2b
2026-04-13 11:07:45,133 [INFO] 📊 [DLB] Generando análisis técnico con qwen2.5:1.5b...
2026-04-13 11:07:45,133 [INFO] 📡 [PNM] Calculando recursos de red con deepseek-r1:1.5b...
2026-04-13 11:07:53,861 [INFO] 🔄 INICIANDO RONDA: 4 | Moderador: gemma2:2b
2026-04-13 11:07:56,076 [INFO] ⚖️ [JUEZ] Generando respuesta consenso con gemma2:2b...
2026-04-13 11:07:59,371 [INFO]    ✅ Finalizado.
2026-04-13 11:08:00,371 [INFO] 📁 Procesando archivo: a-framework-to-classify-heterogeneous-internet-traffic-with-machine-learning-and-deep-learning-techniques-for-satellite-communications_salida.txt
2026-04-13 11:08:00,371 [INFO] 👉 [6] Iniciando debate...
2026-04-13 11:08:00,371 [INFO] 🔄 INICIANDO RONDA: 0 | Moderador: gemma2:2b
2026-04-13 11:08:02,919 [INFO] TOP SCORE: 1.6124547719955444
2026-04-13 11:08:02,919 [INFO] 📊 RAG: 5 tablas y 5 textos enviados al experto.
2026-04-13 11:08:09,813 [INFO] 📊 [DLB] Generando análisis técnico con qwen2.5:1.5b...
2026-04-13 11:08:09,813 [INFO] 📡 [PNM] Calculando recursos de red con deepseek-r1:1.5b...
2026-04-13 11:08:17,791 [INFO] 🔄 INICIANDO RONDA: 1 | Moderador: gemma2:2b
2026-04-13 11:08:19,821 [INFO] 📊 [DLB] Generando análisis técnico con qwen2.5:1.5b...
2026-04-13 11:08:19,821 [INFO] 📡 [PNM] Calculando recursos de red con deepseek-r1:1.5b...
2026-04-13 11:08:30,609 [INFO] 🔄 INICIANDO RONDA: 2 | Moderador: gemma2:2b
2026-04-13 11:08:32,676 [INFO] 📊 [DLB] Generando análisis técnico con qwen2.5:1.5b...
2026-04-13 11:08:32,676 [INFO] 📡 [PNM] Calculando recursos de red con deepseek-r1:1.5b...
2026-04-13 11:08:41,104 [INFO] 🔄 INICIANDO RONDA: 3 | Moderador: gemma2:2b
2026-04-13 11:08:43,063 [INFO] 📊 [DLB] Generando análisis técnico con qwen2.5:1.5b...
2026-04-13 11:08:43,063 [INFO] 📡 [PNM] Calculando recursos de red con deepseek-r1:1.5b...
2026-04-13 11:08:51,228 [INFO] 🔄 INICIANDO RONDA: 4 | Moderador: gemma2:2b
2026-04-13 11:08:53,405 [INFO] ⚖️ [JUEZ] Generando respuesta consenso con gemma2:2b...
2026-04-13 11:08:57,529 [INFO]    ✅ Finalizado.
2026-04-13 11:08:58,541 [INFO] 👉 [7] Iniciando debate...
2026-04-13 11:08:58,541 [INFO] 🔄 INICIANDO RONDA: 0 | Moderador: gemma2:2b
2026-04-13 11:09:01,088 [INFO] TOP SCORE: -0.33143898844718933
2026-04-13 11:09:01,103 [INFO] 📊 RAG: 5 tablas y 5 textos enviados al experto.
2026-04-13 11:09:09,574 [INFO] 📊 [DLB] Generando análisis técnico con qwen2.5:1.5b...
2026-04-13 11:09:09,576 [INFO] 📡 [PNM] Calculando recursos de red con deepseek-r1:1.5b...
2026-04-13 11:09:25,426 [INFO] 🔄 INICIANDO RONDA: 1 | Moderador: gemma2:2b
2026-04-13 11:09:27,959 [INFO] 📊 [DLB] Generando análisis técnico con qwen2.5:1.5b...
2026-04-13 11:09:27,959 [INFO] 📡 [PNM] Calculando recursos de red con deepseek-r1:1.5b...
2026-04-13 11:09:36,918 [INFO] 🔄 INICIANDO RONDA: 2 | Moderador: gemma2:2b
2026-04-13 11:09:39,791 [INFO] 📊 [DLB] Generando análisis técnico con qwen2.5:1.5b...
2026-04-13 11:09:39,791 [INFO] 📡 [PNM] Calculando recursos de red con deepseek-r1:1.5b...
2026-04-13 11:09:50,522 [INFO] 🔄 INICIANDO RONDA: 3 | Moderador: gemma2:2b
2026-04-13 11:09:52,254 [INFO] 📊 [DLB] Generando análisis técnico con qwen2.5:1.5b...
2026-04-13 11:09:52,254 [INFO] 📡 [PNM] Calculando recursos de red con deepseek-r1:1.5b...
2026-04-13 11:10:01,418 [INFO] 🔄 INICIANDO RONDA: 4 | Moderador: gemma2:2b
2026-04-13 11:10:03,457 [INFO] ⚖️ [JUEZ] Generando respuesta consenso con gemma2:2b...
2026-04-13 11:13:11,907 [INFO] 📁 Procesando archivo: a-compact-low-noise-frontend-for-interleaved-rx-tx-arrays-at-k-ka-band_salida.txt
2026-04-13 11:13:11,907 [INFO] 👉 [1] Iniciando debate...
2026-04-13 11:13:11,922 [INFO] 🔄 INICIANDO RONDA: 0 | Moderador: gemma2:2b
2026-04-13 11:13:14,422 [INFO] TOP SCORE: 1.4195467233657837
2026-04-13 11:13:14,422 [INFO] 📊 RAG: 0 tablas y 5 textos enviados al experto.
2026-04-13 11:13:23,249 [INFO] 📊 [DLB] Generando análisis técnico con qwen2.5:1.5b...
2026-04-13 11:13:23,249 [INFO] 📡 [PNM] Calculando recursos de red con deepseek-r1:1.5b...
2026-04-13 11:13:33,878 [INFO] 🔄 INICIANDO RONDA: 1 | Moderador: gemma2:2b
2026-04-13 11:13:36,162 [INFO] 📊 [DLB] Generando análisis técnico con qwen2.5:1.5b...
2026-04-13 11:13:36,162 [INFO] 📡 [PNM] Calculando recursos de red con deepseek-r1:1.5b...
2026-04-13 11:13:45,837 [INFO] 🔄 INICIANDO RONDA: 2 | Moderador: gemma2:2b
2026-04-13 11:13:47,782 [INFO] 📊 [DLB] Generando análisis técnico con qwen2.5:1.5b...
2026-04-13 11:13:47,782 [INFO] 📡 [PNM] Calculando recursos de red con deepseek-r1:1.5b...
2026-04-13 11:13:54,980 [INFO] 🔄 INICIANDO RONDA: 3 | Moderador: gemma2:2b
2026-04-13 11:13:57,153 [INFO] 📊 [DLB] Generando análisis técnico con qwen2.5:1.5b...
2026-04-13 11:13:57,153 [INFO] 📡 [PNM] Calculando recursos de red con deepseek-r1:1.5b...
2026-04-13 11:14:05,916 [INFO] 🔄 INICIANDO RONDA: 4 | Moderador: gemma2:2b
2026-04-13 11:14:08,159 [INFO] ⚖️ [JUEZ] Generando respuesta consenso con gemma2:2b...
2026-04-13 11:14:24,430 [INFO]    ✅ Finalizado.
2026-04-13 11:14:25,439 [INFO] 📁 Procesando archivo: a-compact-lowpass-filter-for-satellite-communication-systems-based-on-transfer-function-analysis_salida.txt
2026-04-13 11:14:25,439 [INFO] 👉 [2] Iniciando debate...
2026-04-13 11:14:25,439 [INFO] 🔄 INICIANDO RONDA: 0 | Moderador: gemma2:2b
2026-04-13 11:14:27,955 [INFO] TOP SCORE: 2.5584475994110107
2026-04-13 11:14:27,955 [INFO] 📊 RAG: 0 tablas y 5 textos enviados al experto.
2026-04-13 11:14:34,387 [INFO] 📊 [DLB] Generando análisis técnico con qwen2.5:1.5b...
2026-04-13 11:14:34,387 [INFO] 📡 [PNM] Calculando recursos de red con deepseek-r1:1.5b...
2026-04-13 11:14:41,851 [INFO] 🔄 INICIANDO RONDA: 1 | Moderador: gemma2:2b
2026-04-13 11:14:43,861 [INFO] 📊 [DLB] Generando análisis técnico con qwen2.5:1.5b...
2026-04-13 11:14:43,861 [INFO] 📡 [PNM] Calculando recursos de red con deepseek-r1:1.5b...
2026-04-13 11:14:51,378 [INFO] 🔄 INICIANDO RONDA: 2 | Moderador: gemma2:2b
2026-04-13 11:14:54,025 [INFO] 📊 [DLB] Generando análisis técnico con qwen2.5:1.5b...
2026-04-13 11:14:54,025 [INFO] 📡 [PNM] Calculando recursos de red con deepseek-r1:1.5b...
2026-04-13 11:14:59,965 [INFO] 🔄 INICIANDO RONDA: 3 | Moderador: gemma2:2b
2026-04-13 11:15:01,817 [INFO] 📊 [DLB] Generando análisis técnico con qwen2.5:1.5b...
2026-04-13 11:15:01,817 [INFO] 📡 [PNM] Calculando recursos de red con deepseek-r1:1.5b...
2026-04-13 11:15:10,698 [INFO] 🔄 INICIANDO RONDA: 4 | Moderador: gemma2:2b
2026-04-13 11:15:12,684 [INFO] ⚖️ [JUEZ] Generando respuesta consenso con gemma2:2b...
2026-04-13 11:15:18,828 [INFO]    ✅ Finalizado.
2026-04-13 11:15:19,842 [INFO] 👉 [3] Iniciando debate...
2026-04-13 11:15:19,842 [INFO] 🔄 INICIANDO RONDA: 0 | Moderador: gemma2:2b
2026-04-13 11:15:22,358 [INFO] TOP SCORE: -3.2043278217315674
2026-04-13 11:15:22,358 [INFO] 📊 RAG: 0 tablas y 5 textos enviados al experto.
2026-04-13 11:15:26,480 [INFO] 📊 [DLB] Generando análisis técnico con qwen2.5:1.5b...
2026-04-13 11:15:26,480 [INFO] 📡 [PNM] Calculando recursos de red con deepseek-r1:1.5b...
2026-04-13 11:16:07,770 [INFO] 🔄 INICIANDO RONDA: 1 | Moderador: gemma2:2b
2026-04-13 11:16:09,298 [INFO] 📊 [DLB] Generando análisis técnico con qwen2.5:1.5b...
2026-04-13 11:16:09,298 [INFO] 📡 [PNM] Calculando recursos de red con deepseek-r1:1.5b...
2026-04-13 11:16:19,269 [INFO] 🔄 INICIANDO RONDA: 2 | Moderador: gemma2:2b
2026-04-13 11:16:21,326 [INFO] 📊 [DLB] Generando análisis técnico con qwen2.5:1.5b...
2026-04-13 11:16:21,326 [INFO] 📡 [PNM] Calculando recursos de red con deepseek-r1:1.5b...
2026-04-13 11:16:29,243 [INFO] 🔄 INICIANDO RONDA: 3 | Moderador: gemma2:2b
2026-04-13 11:16:31,089 [INFO] 📊 [DLB] Generando análisis técnico con qwen2.5:1.5b...
2026-04-13 11:16:31,089 [INFO] 📡 [PNM] Calculando recursos de red con deepseek-r1:1.5b...
2026-04-13 11:16:37,345 [INFO] 🔄 INICIANDO RONDA: 4 | Moderador: gemma2:2b
2026-04-13 11:16:39,340 [INFO] ⚖️ [JUEZ] Generando respuesta consenso con gemma2:2b...
2026-04-13 11:16:47,415 [INFO]    ✅ Finalizado.
2026-04-13 11:16:48,415 [INFO] 👉 [4] Iniciando debate...
2026-04-13 11:16:48,415 [INFO] 🔄 INICIANDO RONDA: 0 | Moderador: gemma2:2b
2026-04-13 11:16:50,868 [INFO] TOP SCORE: 1.0363569259643555
2026-04-13 11:16:50,868 [INFO] 📊 RAG: 0 tablas y 5 textos enviados al experto.
2026-04-13 11:16:55,255 [INFO] 📊 [DLB] Generando análisis técnico con qwen2.5:1.5b...
2026-04-13 11:16:55,255 [INFO] 📡 [PNM] Calculando recursos de red con deepseek-r1:1.5b...
2026-04-13 11:17:04,976 [INFO] 🔄 INICIANDO RONDA: 1 | Moderador: gemma2:2b
2026-04-13 11:17:07,046 [INFO] 📊 [DLB] Generando análisis técnico con qwen2.5:1.5b...
2026-04-13 11:17:07,046 [INFO] 📡 [PNM] Calculando recursos de red con deepseek-r1:1.5b...
2026-04-13 11:17:16,147 [INFO] 🔄 INICIANDO RONDA: 2 | Moderador: gemma2:2b
2026-04-13 11:17:18,014 [INFO] 📊 [DLB] Generando análisis técnico con qwen2.5:1.5b...
2026-04-13 11:17:18,014 [INFO] 📡 [PNM] Calculando recursos de red con deepseek-r1:1.5b...
2026-04-13 11:17:27,142 [INFO] 🔄 INICIANDO RONDA: 3 | Moderador: gemma2:2b
2026-04-13 11:17:29,947 [INFO] 📊 [DLB] Generando análisis técnico con qwen2.5:1.5b...
2026-04-13 11:17:29,947 [INFO] 📡 [PNM] Calculando recursos de red con deepseek-r1:1.5b...
2026-04-13 11:17:36,490 [INFO] 🔄 INICIANDO RONDA: 4 | Moderador: gemma2:2b
2026-04-13 11:17:38,841 [INFO] ⚖️ [JUEZ] Generando respuesta consenso con gemma2:2b...
2026-04-13 11:17:49,785 [INFO]    ✅ Finalizado.
2026-04-13 11:17:50,789 [INFO] 👉 [5] Iniciando debate...
2026-04-13 11:17:50,789 [INFO] 🔄 INICIANDO RONDA: 0 | Moderador: gemma2:2b
2026-04-13 11:17:53,226 [INFO] TOP SCORE: -2.4963417053222656
2026-04-13 11:17:53,226 [INFO] 📊 RAG: 1 tablas y 5 textos enviados al experto.
2026-04-13 11:18:00,973 [INFO] 📊 [DLB] Generando análisis técnico con qwen2.5:1.5b...
2026-04-13 11:18:00,973 [INFO] 📡 [PNM] Calculando recursos de red con deepseek-r1:1.5b...
2026-04-13 11:18:09,912 [INFO] 🔄 INICIANDO RONDA: 1 | Moderador: gemma2:2b
2026-04-13 11:18:12,141 [INFO] 📊 [DLB] Generando análisis técnico con qwen2.5:1.5b...
2026-04-13 11:18:12,141 [INFO] 📡 [PNM] Calculando recursos de red con deepseek-r1:1.5b...
2026-04-13 11:18:19,327 [INFO] 🔄 INICIANDO RONDA: 2 | Moderador: gemma2:2b
2026-04-13 11:18:24,136 [INFO] 📊 [DLB] Generando análisis técnico con qwen2.5:1.5b...
2026-04-13 11:18:24,136 [INFO] 📡 [PNM] Calculando recursos de red con deepseek-r1:1.5b...
2026-04-13 11:18:32,559 [INFO] 🔄 INICIANDO RONDA: 3 | Moderador: gemma2:2b
2026-04-13 11:18:34,389 [INFO] 📊 [DLB] Generando análisis técnico con qwen2.5:1.5b...
2026-04-13 11:18:34,389 [INFO] 📡 [PNM] Calculando recursos de red con deepseek-r1:1.5b...
2026-04-13 11:18:42,327 [INFO] 🔄 INICIANDO RONDA: 4 | Moderador: gemma2:2b
2026-04-13 11:18:44,899 [INFO] ⚖️ [JUEZ] Generando respuesta consenso con gemma2:2b...
2026-04-13 11:18:48,887 [INFO]    ✅ Finalizado.
2026-04-13 11:18:49,894 [INFO] 📁 Procesando archivo: a-framework-to-classify-heterogeneous-internet-traffic-with-machine-learning-and-deep-learning-techniques-for-satellite-communications_salida.txt
2026-04-13 11:18:49,894 [INFO] 👉 [6] Iniciando debate...
2026-04-13 11:18:49,894 [INFO] 🔄 INICIANDO RONDA: 0 | Moderador: gemma2:2b
2026-04-13 11:18:52,441 [INFO] TOP SCORE: 1.6124547719955444
2026-04-13 11:18:52,441 [INFO] 📊 RAG: 5 tablas y 5 textos enviados al experto.
2026-04-13 11:41:45,192 [INFO] 📁 Procesando archivo: a-compact-low-noise-frontend-for-interleaved-rx-tx-arrays-at-k-ka-band_salida.txt
2026-04-13 11:41:45,208 [INFO] 👉 [1] Iniciando debate...
2026-04-13 11:41:45,239 [INFO] 🔄 INICIANDO RONDA: 0 | Moderador: gemma2:2b
2026-04-13 11:41:47,630 [INFO] TOP SCORE: 1.4195467233657837
2026-04-13 11:41:47,630 [INFO] 📊 RAG: 0 tablas y 5 textos enviados al experto.
2026-04-13 11:41:52,304 [INFO] 📊 [DLB] Generando análisis técnico con qwen2.5:1.5b...
2026-04-13 11:41:52,304 [INFO] 📡 [PNM] Calculando recursos de red con deepseek-r1:1.5b...
2026-04-13 11:42:01,962 [INFO] 🔄 INICIANDO RONDA: 1 | Moderador: gemma2:2b
2026-04-13 11:42:04,292 [INFO] 📊 [DLB] Generando análisis técnico con qwen2.5:1.5b...
2026-04-13 11:42:04,292 [INFO] 📡 [PNM] Calculando recursos de red con deepseek-r1:1.5b...
2026-04-13 11:42:15,485 [INFO] 🔄 INICIANDO RONDA: 2 | Moderador: gemma2:2b
2026-04-13 11:42:21,359 [INFO] 📊 [DLB] Generando análisis técnico con qwen2.5:1.5b...
2026-04-13 11:42:21,359 [INFO] 📡 [PNM] Calculando recursos de red con deepseek-r1:1.5b...
2026-04-13 11:42:29,242 [INFO] 🔄 INICIANDO RONDA: 3 | Moderador: gemma2:2b
2026-04-13 11:42:32,187 [INFO] 📊 [DLB] Generando análisis técnico con qwen2.5:1.5b...
2026-04-13 11:42:32,187 [INFO] 📡 [PNM] Calculando recursos de red con deepseek-r1:1.5b...
2026-04-13 11:42:41,606 [INFO] 🔄 INICIANDO RONDA: 4 | Moderador: gemma2:2b
2026-04-13 11:42:44,081 [INFO] ⚖️ [JUEZ] Generando respuesta consenso con gemma2:2b...
2026-04-13 11:43:16,407 [INFO]    ✅ Finalizado.
2026-04-13 11:43:17,411 [INFO] 📁 Procesando archivo: a-compact-lowpass-filter-for-satellite-communication-systems-based-on-transfer-function-analysis_salida.txt
2026-04-13 11:43:17,411 [INFO] 👉 [2] Iniciando debate...
2026-04-13 11:43:17,411 [INFO] 🔄 INICIANDO RONDA: 0 | Moderador: gemma2:2b
2026-04-13 11:43:19,958 [INFO] TOP SCORE: 2.5584475994110107
2026-04-13 11:43:19,958 [INFO] 📊 RAG: 0 tablas y 5 textos enviados al experto.
2026-04-13 11:43:25,215 [INFO] 📊 [DLB] Generando análisis técnico con qwen2.5:1.5b...
2026-04-13 11:43:25,215 [INFO] 📡 [PNM] Calculando recursos de red con deepseek-r1:1.5b...
2026-04-13 11:43:33,441 [INFO] 🔄 INICIANDO RONDA: 1 | Moderador: gemma2:2b
2026-04-13 11:43:35,233 [INFO] 📊 [DLB] Generando análisis técnico con qwen2.5:1.5b...
2026-04-13 11:43:35,233 [INFO] 📡 [PNM] Calculando recursos de red con deepseek-r1:1.5b...
2026-04-13 11:43:40,905 [INFO] 🔄 INICIANDO RONDA: 2 | Moderador: gemma2:2b
2026-04-13 11:43:42,645 [INFO] 📊 [DLB] Generando análisis técnico con qwen2.5:1.5b...
2026-04-13 11:43:42,645 [INFO] 📡 [PNM] Calculando recursos de red con deepseek-r1:1.5b...
2026-04-13 11:43:50,394 [INFO] 🔄 INICIANDO RONDA: 3 | Moderador: gemma2:2b
2026-04-13 11:43:52,673 [INFO] 📊 [DLB] Generando análisis técnico con qwen2.5:1.5b...
2026-04-13 11:43:52,673 [INFO] 📡 [PNM] Calculando recursos de red con deepseek-r1:1.5b...
2026-04-13 11:44:01,115 [INFO] 🔄 INICIANDO RONDA: 4 | Moderador: gemma2:2b
2026-04-13 11:44:03,229 [INFO] ⚖️ [JUEZ] Generando respuesta consenso con gemma2:2b...
2026-04-13 11:45:35,626 [INFO]    ✅ Finalizado.
2026-04-13 11:45:36,635 [INFO] 👉 [3] Iniciando debate...
2026-04-13 11:45:36,635 [INFO] 🔄 INICIANDO RONDA: 0 | Moderador: gemma2:2b
2026-04-13 11:45:39,197 [INFO] TOP SCORE: -3.2043278217315674
2026-04-13 11:45:39,213 [INFO] 📊 RAG: 0 tablas y 5 textos enviados al experto.
2026-04-13 11:45:45,665 [INFO] 📊 [DLB] Generando análisis técnico con qwen2.5:1.5b...
2026-04-13 11:45:45,665 [INFO] 📡 [PNM] Calculando recursos de red con deepseek-r1:1.5b...
2026-04-13 11:45:55,045 [INFO] 🔄 INICIANDO RONDA: 1 | Moderador: gemma2:2b
2026-04-13 11:45:57,047 [INFO] 📊 [DLB] Generando análisis técnico con qwen2.5:1.5b...
2026-04-13 11:45:57,047 [INFO] 📡 [PNM] Calculando recursos de red con deepseek-r1:1.5b...
2026-04-13 11:46:04,904 [INFO] 🔄 INICIANDO RONDA: 2 | Moderador: gemma2:2b
2026-04-13 11:46:09,302 [INFO] 📊 [DLB] Generando análisis técnico con qwen2.5:1.5b...
2026-04-13 11:46:09,302 [INFO] 📡 [PNM] Calculando recursos de red con deepseek-r1:1.5b...
2026-04-13 11:46:18,524 [INFO] 🔄 INICIANDO RONDA: 3 | Moderador: gemma2:2b
2026-04-13 11:46:20,891 [INFO] 📊 [DLB] Generando análisis técnico con qwen2.5:1.5b...
2026-04-13 11:46:20,891 [INFO] 📡 [PNM] Calculando recursos de red con deepseek-r1:1.5b...
2026-04-13 11:46:32,814 [INFO] 🔄 INICIANDO RONDA: 4 | Moderador: gemma2:2b
2026-04-13 11:46:34,699 [INFO] ⚖️ [JUEZ] Generando respuesta consenso con gemma2:2b...
2026-04-13 11:46:44,529 [INFO]    ✅ Finalizado.
2026-04-13 11:46:45,544 [INFO] 👉 [4] Iniciando debate...
2026-04-13 11:46:45,544 [INFO] 🔄 INICIANDO RONDA: 0 | Moderador: gemma2:2b
2026-04-13 11:46:48,122 [INFO] TOP SCORE: 1.0363569259643555
2026-04-13 11:46:48,122 [INFO] 📊 RAG: 0 tablas y 5 textos enviados al experto.
2026-04-13 11:46:52,225 [INFO] 📊 [DLB] Generando análisis técnico con qwen2.5:1.5b...
2026-04-13 11:46:52,226 [INFO] 📡 [PNM] Calculando recursos de red con deepseek-r1:1.5b...
2026-04-13 11:46:59,165 [INFO] 🔄 INICIANDO RONDA: 1 | Moderador: gemma2:2b
2026-04-13 11:47:01,330 [INFO] 📊 [DLB] Generando análisis técnico con qwen2.5:1.5b...
2026-04-13 11:47:01,330 [INFO] 📡 [PNM] Calculando recursos de red con deepseek-r1:1.5b...
2026-04-13 11:47:10,070 [INFO] 🔄 INICIANDO RONDA: 2 | Moderador: gemma2:2b
2026-04-13 11:47:11,916 [INFO] 📊 [DLB] Generando análisis técnico con qwen2.5:1.5b...
2026-04-13 11:47:11,916 [INFO] 📡 [PNM] Calculando recursos de red con deepseek-r1:1.5b...
2026-04-13 11:47:17,356 [INFO] 🔄 INICIANDO RONDA: 3 | Moderador: gemma2:2b
2026-04-13 11:47:19,417 [INFO] 📊 [DLB] Generando análisis técnico con qwen2.5:1.5b...
2026-04-13 11:47:19,417 [INFO] 📡 [PNM] Calculando recursos de red con deepseek-r1:1.5b...
2026-04-13 11:47:26,108 [INFO] 🔄 INICIANDO RONDA: 4 | Moderador: gemma2:2b
2026-04-13 11:47:27,966 [INFO] ⚖️ [JUEZ] Generando respuesta consenso con gemma2:2b...
2026-04-13 11:48:18,832 [INFO]    ✅ Finalizado.
2026-04-13 11:48:19,837 [INFO] 👉 [5] Iniciando debate...
2026-04-13 11:48:19,837 [INFO] 🔄 INICIANDO RONDA: 0 | Moderador: gemma2:2b
2026-04-13 11:48:22,228 [INFO] TOP SCORE: -2.4963417053222656
2026-04-13 11:48:22,228 [INFO] 📊 RAG: 1 tablas y 5 textos enviados al experto.
2026-04-13 11:48:28,037 [INFO] 📊 [DLB] Generando análisis técnico con qwen2.5:1.5b...
2026-04-13 11:48:28,037 [INFO] 📡 [PNM] Calculando recursos de red con deepseek-r1:1.5b...
2026-04-13 11:48:36,362 [INFO] 🔄 INICIANDO RONDA: 1 | Moderador: gemma2:2b
2026-04-13 11:48:38,812 [INFO] 📊 [DLB] Generando análisis técnico con qwen2.5:1.5b...
2026-04-13 11:48:38,812 [INFO] 📡 [PNM] Calculando recursos de red con deepseek-r1:1.5b...
2026-04-13 11:48:45,689 [INFO] 🔄 INICIANDO RONDA: 2 | Moderador: gemma2:2b
2026-04-13 11:48:48,370 [INFO] 📊 [DLB] Generando análisis técnico con qwen2.5:1.5b...
2026-04-13 11:48:48,370 [INFO] 📡 [PNM] Calculando recursos de red con deepseek-r1:1.5b...
2026-04-13 11:48:57,575 [INFO] 🔄 INICIANDO RONDA: 3 | Moderador: gemma2:2b
2026-04-13 11:49:30,178 [INFO] 📁 Procesando archivo: a-compact-low-noise-frontend-for-interleaved-rx-tx-arrays-at-k-ka-band_salida.txt
2026-04-13 11:49:30,178 [INFO] 👉 [1] Iniciando debate...
2026-04-13 11:49:30,194 [INFO] 🔄 INICIANDO RONDA: 0 | Moderador: gemma2:2b
2026-04-13 11:49:32,616 [INFO] TOP SCORE: 1.4195467233657837
2026-04-13 11:49:32,616 [INFO] 📊 RAG: 0 tablas y 5 textos enviados al experto.
2026-04-13 11:49:38,700 [INFO] 📊 [DLB] Generando análisis técnico con qwen2.5:1.5b...
2026-04-13 11:49:38,700 [INFO] 📡 [PNM] Calculando recursos de red con deepseek-r1:1.5b...
2026-04-13 11:49:46,716 [INFO] 🔄 INICIANDO RONDA: 1 | Moderador: gemma2:2b
2026-04-13 11:49:49,476 [INFO] 📊 [DLB] Generando análisis técnico con qwen2.5:1.5b...
2026-04-13 11:49:49,476 [INFO] 📡 [PNM] Calculando recursos de red con deepseek-r1:1.5b...
2026-04-13 11:49:58,783 [INFO] 🔄 INICIANDO RONDA: 2 | Moderador: gemma2:2b
2026-04-13 11:50:01,475 [INFO] 📊 [DLB] Generando análisis técnico con qwen2.5:1.5b...
2026-04-13 11:50:01,475 [INFO] 📡 [PNM] Calculando recursos de red con deepseek-r1:1.5b...
2026-04-13 11:50:10,784 [INFO] 🔄 INICIANDO RONDA: 3 | Moderador: gemma2:2b
2026-04-13 11:50:12,688 [INFO] 📊 [DLB] Generando análisis técnico con qwen2.5:1.5b...
2026-04-13 11:50:12,688 [INFO] 📡 [PNM] Calculando recursos de red con deepseek-r1:1.5b...
2026-04-13 11:50:19,452 [INFO] 🔄 INICIANDO RONDA: 4 | Moderador: gemma2:2b
2026-04-13 11:50:21,317 [INFO] ⚖️ [JUEZ] Generando respuesta consenso con gemma2:2b...
2026-04-13 11:51:53,853 [INFO]    ✅ Finalizado.
2026-04-13 11:51:54,860 [INFO] 📁 Procesando archivo: a-compact-lowpass-filter-for-satellite-communication-systems-based-on-transfer-function-analysis_salida.txt
2026-04-13 11:51:54,860 [INFO] 👉 [2] Iniciando debate...
2026-04-13 11:51:54,860 [INFO] 🔄 INICIANDO RONDA: 0 | Moderador: gemma2:2b
2026-04-13 11:51:57,501 [INFO] TOP SCORE: 2.5584475994110107
2026-04-13 11:51:57,501 [INFO] 📊 RAG: 0 tablas y 5 textos enviados al experto.
2026-04-13 11:52:05,200 [INFO] 📊 [DLB] Generando análisis técnico con qwen2.5:1.5b...
2026-04-13 11:52:05,200 [INFO] 📡 [PNM] Calculando recursos de red con deepseek-r1:1.5b...
2026-04-13 11:52:13,767 [INFO] 🔄 INICIANDO RONDA: 1 | Moderador: gemma2:2b
2026-04-13 11:52:15,904 [INFO] 📊 [DLB] Generando análisis técnico con qwen2.5:1.5b...
2026-04-13 11:52:15,904 [INFO] 📡 [PNM] Calculando recursos de red con deepseek-r1:1.5b...
2026-04-13 11:52:28,146 [INFO] 🔄 INICIANDO RONDA: 2 | Moderador: gemma2:2b
2026-04-13 11:52:30,106 [INFO] 📊 [DLB] Generando análisis técnico con qwen2.5:1.5b...
2026-04-13 11:52:30,106 [INFO] 📡 [PNM] Calculando recursos de red con deepseek-r1:1.5b...
2026-04-13 11:53:11,478 [INFO] 🔄 INICIANDO RONDA: 3 | Moderador: gemma2:2b
2026-04-13 11:53:13,580 [INFO] 📊 [DLB] Generando análisis técnico con qwen2.5:1.5b...
2026-04-13 11:53:13,580 [INFO] 📡 [PNM] Calculando recursos de red con deepseek-r1:1.5b...
2026-04-13 11:53:20,355 [INFO] 🔄 INICIANDO RONDA: 4 | Moderador: gemma2:2b
2026-04-13 11:53:21,797 [INFO] ⚖️ [JUEZ] Generando respuesta consenso con gemma2:2b...
2026-04-13 11:53:58,315 [INFO]    ✅ Finalizado.
2026-04-13 11:53:59,322 [INFO] 👉 [3] Iniciando debate...
2026-04-13 11:53:59,322 [INFO] 🔄 INICIANDO RONDA: 0 | Moderador: gemma2:2b
2026-04-13 11:54:01,916 [INFO] TOP SCORE: -3.2043278217315674
2026-04-13 11:54:01,916 [INFO] 📊 RAG: 0 tablas y 5 textos enviados al experto.
2026-04-13 11:54:08,785 [INFO] 📊 [DLB] Generando análisis técnico con qwen2.5:1.5b...
2026-04-13 11:54:08,785 [INFO] 📡 [PNM] Calculando recursos de red con deepseek-r1:1.5b...
2026-04-13 11:54:16,094 [INFO] 🔄 INICIANDO RONDA: 1 | Moderador: gemma2:2b
2026-04-13 11:54:17,682 [INFO] 📊 [DLB] Generando análisis técnico con qwen2.5:1.5b...
2026-04-13 11:54:17,682 [INFO] 📡 [PNM] Calculando recursos de red con deepseek-r1:1.5b...
2026-04-13 11:54:27,014 [INFO] 🔄 INICIANDO RONDA: 2 | Moderador: gemma2:2b
2026-04-13 11:54:29,707 [INFO] 📊 [DLB] Generando análisis técnico con qwen2.5:1.5b...
2026-04-13 11:54:29,707 [INFO] 📡 [PNM] Calculando recursos de red con deepseek-r1:1.5b...
2026-04-13 11:54:36,253 [INFO] 🔄 INICIANDO RONDA: 3 | Moderador: gemma2:2b
2026-04-13 11:54:38,772 [INFO] 📊 [DLB] Generando análisis técnico con qwen2.5:1.5b...
2026-04-13 11:54:38,772 [INFO] 📡 [PNM] Calculando recursos de red con deepseek-r1:1.5b...
2026-04-13 11:54:45,588 [INFO] 🔄 INICIANDO RONDA: 4 | Moderador: gemma2:2b
2026-04-13 11:54:50,196 [INFO] ⚖️ [JUEZ] Generando respuesta consenso con gemma2:2b...
2026-04-13 11:55:35,631 [INFO]    ✅ Finalizado.
2026-04-13 11:55:36,639 [INFO] 👉 [4] Iniciando debate...
2026-04-13 11:55:36,639 [INFO] 🔄 INICIANDO RONDA: 0 | Moderador: gemma2:2b
2026-04-13 11:55:39,092 [INFO] TOP SCORE: 1.0363569259643555
2026-04-13 11:55:39,092 [INFO] 📊 RAG: 0 tablas y 5 textos enviados al experto.
2026-04-13 11:55:41,679 [INFO] 📊 [DLB] Generando análisis técnico con qwen2.5:1.5b...
2026-04-13 11:55:41,679 [INFO] 📡 [PNM] Calculando recursos de red con deepseek-r1:1.5b...
2026-04-13 11:55:49,265 [INFO] 🔄 INICIANDO RONDA: 1 | Moderador: gemma2:2b
2026-04-13 11:55:51,380 [INFO] 📊 [DLB] Generando análisis técnico con qwen2.5:1.5b...
2026-04-13 11:55:51,380 [INFO] 📡 [PNM] Calculando recursos de red con deepseek-r1:1.5b...
2026-04-13 11:56:01,065 [INFO] 🔄 INICIANDO RONDA: 2 | Moderador: gemma2:2b
2026-04-13 11:56:03,841 [INFO] 📊 [DLB] Generando análisis técnico con qwen2.5:1.5b...
2026-04-13 11:56:03,841 [INFO] 📡 [PNM] Calculando recursos de red con deepseek-r1:1.5b...
2026-04-13 11:56:11,570 [INFO] 🔄 INICIANDO RONDA: 3 | Moderador: gemma2:2b
2026-04-13 11:56:14,017 [INFO] 📊 [DLB] Generando análisis técnico con qwen2.5:1.5b...
2026-04-13 11:56:14,017 [INFO] 📡 [PNM] Calculando recursos de red con deepseek-r1:1.5b...
2026-04-13 11:56:22,104 [INFO] 🔄 INICIANDO RONDA: 4 | Moderador: gemma2:2b
2026-04-13 11:56:23,954 [INFO] ⚖️ [JUEZ] Generando respuesta consenso con gemma2:2b...
2026-04-13 11:57:56,000 [INFO]    ✅ Finalizado.
2026-04-13 11:57:57,015 [INFO] 👉 [5] Iniciando debate...
2026-04-13 11:57:57,015 [INFO] 🔄 INICIANDO RONDA: 0 | Moderador: gemma2:2b
2026-04-13 11:57:59,452 [INFO] TOP SCORE: -2.4963417053222656
2026-04-13 11:57:59,452 [INFO] 📊 RAG: 1 tablas y 5 textos enviados al experto.
2026-04-13 11:58:05,116 [INFO] 📊 [DLB] Generando análisis técnico con qwen2.5:1.5b...
2026-04-13 11:58:05,116 [INFO] 📡 [PNM] Calculando recursos de red con deepseek-r1:1.5b...
2026-04-13 11:58:13,236 [INFO] 🔄 INICIANDO RONDA: 1 | Moderador: gemma2:2b
2026-04-13 11:58:15,348 [INFO] 📊 [DLB] Generando análisis técnico con qwen2.5:1.5b...
2026-04-13 11:58:15,348 [INFO] 📡 [PNM] Calculando recursos de red con deepseek-r1:1.5b...
2026-04-13 11:58:21,782 [INFO] 🔄 INICIANDO RONDA: 2 | Moderador: gemma2:2b
2026-04-13 11:58:34,812 [INFO] 📊 [DLB] Generando análisis técnico con qwen2.5:1.5b...
2026-04-13 11:58:34,812 [INFO] 📡 [PNM] Calculando recursos de red con deepseek-r1:1.5b...
2026-04-13 11:58:44,555 [INFO] 🔄 INICIANDO RONDA: 3 | Moderador: gemma2:2b
2026-04-13 11:58:46,710 [INFO] 📊 [DLB] Generando análisis técnico con qwen2.5:1.5b...
2026-04-13 11:58:46,710 [INFO] 📡 [PNM] Calculando recursos de red con deepseek-r1:1.5b...
2026-04-13 11:58:56,143 [INFO] 🔄 INICIANDO RONDA: 4 | Moderador: gemma2:2b
2026-04-13 11:58:59,631 [INFO] ⚖️ [JUEZ] Generando respuesta consenso con gemma2:2b...
2026-04-13 11:59:28,070 [INFO]    ✅ Finalizado.
2026-04-13 11:59:29,085 [INFO] 📁 Procesando archivo: a-framework-to-classify-heterogeneous-internet-traffic-with-machine-learning-and-deep-learning-techniques-for-satellite-communications_salida.txt
2026-04-13 11:59:29,085 [INFO] 👉 [6] Iniciando debate...
2026-04-13 11:59:29,085 [INFO] 🔄 INICIANDO RONDA: 0 | Moderador: gemma2:2b
2026-04-13 11:59:31,585 [INFO] TOP SCORE: 1.6124547719955444
2026-04-13 11:59:31,585 [INFO] 📊 RAG: 5 tablas y 5 textos enviados al experto.
2026-04-13 11:59:37,649 [INFO] 📊 [DLB] Generando análisis técnico con qwen2.5:1.5b...
2026-04-13 11:59:37,649 [INFO] 📡 [PNM] Calculando recursos de red con deepseek-r1:1.5b...
2026-04-13 11:59:48,098 [INFO] 🔄 INICIANDO RONDA: 1 | Moderador: gemma2:2b
2026-04-13 11:59:50,448 [INFO] 📊 [DLB] Generando análisis técnico con qwen2.5:1.5b...
2026-04-13 11:59:50,448 [INFO] 📡 [PNM] Calculando recursos de red con deepseek-r1:1.5b...
2026-04-13 12:00:00,122 [INFO] 🔄 INICIANDO RONDA: 2 | Moderador: gemma2:2b
2026-04-13 12:00:01,565 [INFO] 📊 [DLB] Generando análisis técnico con qwen2.5:1.5b...
2026-04-13 12:00:01,565 [INFO] 📡 [PNM] Calculando recursos de red con deepseek-r1:1.5b...
2026-04-13 12:00:07,548 [INFO] 🔄 INICIANDO RONDA: 3 | Moderador: gemma2:2b
2026-04-13 12:00:09,527 [INFO] 📊 [DLB] Generando análisis técnico con qwen2.5:1.5b...
2026-04-13 12:00:09,527 [INFO] 📡 [PNM] Calculando recursos de red con deepseek-r1:1.5b...
2026-04-13 12:00:17,827 [INFO] 🔄 INICIANDO RONDA: 4 | Moderador: gemma2:2b
2026-04-13 12:00:19,805 [INFO] ⚖️ [JUEZ] Generando respuesta consenso con gemma2:2b...
2026-04-13 12:00:57,067 [INFO]    ✅ Finalizado.
2026-04-13 12:00:58,077 [INFO] 👉 [7] Iniciando debate...
2026-04-13 12:00:58,077 [INFO] 🔄 INICIANDO RONDA: 0 | Moderador: gemma2:2b
2026-04-13 12:01:00,593 [INFO] TOP SCORE: -0.33143898844718933
2026-04-13 12:01:00,593 [INFO] 📊 RAG: 5 tablas y 5 textos enviados al experto.
2026-04-13 12:01:06,657 [INFO] 📊 [DLB] Generando análisis técnico con qwen2.5:1.5b...
2026-04-13 12:01:06,657 [INFO] 📡 [PNM] Calculando recursos de red con deepseek-r1:1.5b...
2026-04-13 12:01:17,418 [INFO] 🔄 INICIANDO RONDA: 1 | Moderador: gemma2:2b
2026-04-13 12:01:19,834 [INFO] 📊 [DLB] Generando análisis técnico con qwen2.5:1.5b...
2026-04-13 12:01:19,834 [INFO] 📡 [PNM] Calculando recursos de red con deepseek-r1:1.5b...
2026-04-13 12:01:31,963 [INFO] 🔄 INICIANDO RONDA: 2 | Moderador: gemma2:2b
2026-04-13 12:01:33,702 [INFO] 📊 [DLB] Generando análisis técnico con qwen2.5:1.5b...
2026-04-13 12:01:33,702 [INFO] 📡 [PNM] Calculando recursos de red con deepseek-r1:1.5b...
2026-04-13 12:01:46,413 [INFO] 🔄 INICIANDO RONDA: 3 | Moderador: gemma2:2b
2026-04-13 12:01:48,086 [INFO] 📊 [DLB] Generando análisis técnico con qwen2.5:1.5b...
2026-04-13 12:01:48,086 [INFO] 📡 [PNM] Calculando recursos de red con deepseek-r1:1.5b...
2026-04-13 12:01:57,250 [INFO] 🔄 INICIANDO RONDA: 4 | Moderador: gemma2:2b
2026-04-13 12:01:58,958 [INFO] ⚖️ [JUEZ] Generando respuesta consenso con gemma2:2b...
2026-04-13 12:02:50,072 [INFO]    ✅ Finalizado.
2026-04-13 12:02:51,076 [INFO] 👉 [8] Iniciando debate...
2026-04-13 12:02:51,076 [INFO] 🔄 INICIANDO RONDA: 0 | Moderador: gemma2:2b
2026-04-13 12:02:53,529 [INFO] TOP SCORE: 0.8279486298561096
2026-04-13 12:02:53,529 [INFO] 📊 RAG: 0 tablas y 5 textos enviados al experto.
2026-04-13 12:02:56,790 [INFO] 📊 [DLB] Generando análisis técnico con qwen2.5:1.5b...
2026-04-13 12:02:56,791 [INFO] 📡 [PNM] Calculando recursos de red con deepseek-r1:1.5b...
2026-04-13 12:03:05,149 [INFO] 🔄 INICIANDO RONDA: 1 | Moderador: gemma2:2b
2026-04-13 12:03:07,472 [INFO] 📊 [DLB] Generando análisis técnico con qwen2.5:1.5b...
2026-04-13 12:03:07,472 [INFO] 📡 [PNM] Calculando recursos de red con deepseek-r1:1.5b...
2026-04-13 12:03:17,156 [INFO] 🔄 INICIANDO RONDA: 2 | Moderador: gemma2:2b
2026-04-13 12:03:18,860 [INFO] 📊 [DLB] Generando análisis técnico con qwen2.5:1.5b...
2026-04-13 12:03:18,860 [INFO] 📡 [PNM] Calculando recursos de red con deepseek-r1:1.5b...
2026-04-13 12:03:28,248 [INFO] 🔄 INICIANDO RONDA: 3 | Moderador: gemma2:2b
2026-04-13 12:03:30,273 [INFO] 📊 [DLB] Generando análisis técnico con qwen2.5:1.5b...
2026-04-13 12:03:30,273 [INFO] 📡 [PNM] Calculando recursos de red con deepseek-r1:1.5b...
2026-04-13 12:03:37,688 [INFO] 🔄 INICIANDO RONDA: 4 | Moderador: gemma2:2b
2026-04-13 12:03:39,786 [INFO] ⚖️ [JUEZ] Generando respuesta consenso con gemma2:2b...
2026-04-13 12:05:07,768 [INFO]    ✅ Finalizado.
2026-04-13 12:05:08,778 [INFO] 👉 [9] Iniciando debate...
2026-04-13 12:05:08,778 [INFO] 🔄 INICIANDO RONDA: 0 | Moderador: gemma2:2b
2026-04-13 12:05:11,262 [INFO] TOP SCORE: -1.6705405712127686
2026-04-13 12:05:11,262 [INFO] 📊 RAG: 4 tablas y 5 textos enviados al experto.
2026-04-13 12:05:18,193 [INFO] 📊 [DLB] Generando análisis técnico con qwen2.5:1.5b...
2026-04-13 12:05:18,193 [INFO] 📡 [PNM] Calculando recursos de red con deepseek-r1:1.5b...
2026-04-13 12:05:26,470 [INFO] 🔄 INICIANDO RONDA: 1 | Moderador: gemma2:2b
2026-04-13 12:05:29,015 [INFO] 📊 [DLB] Generando análisis técnico con qwen2.5:1.5b...
2026-04-13 12:05:29,015 [INFO] 📡 [PNM] Calculando recursos de red con deepseek-r1:1.5b...
2026-04-13 12:05:35,931 [INFO] 🔄 INICIANDO RONDA: 2 | Moderador: gemma2:2b
2026-04-13 12:05:37,654 [INFO] 📊 [DLB] Generando análisis técnico con qwen2.5:1.5b...
2026-04-13 12:05:37,654 [INFO] 📡 [PNM] Calculando recursos de red con deepseek-r1:1.5b...
2026-04-13 12:05:47,190 [INFO] 🔄 INICIANDO RONDA: 3 | Moderador: gemma2:2b
2026-04-13 12:05:49,196 [INFO] 📊 [DLB] Generando análisis técnico con qwen2.5:1.5b...
2026-04-13 12:05:49,196 [INFO] 📡 [PNM] Calculando recursos de red con deepseek-r1:1.5b...
2026-04-13 12:05:58,163 [INFO] 🔄 INICIANDO RONDA: 4 | Moderador: gemma2:2b
2026-04-13 12:06:00,293 [INFO] ⚖️ [JUEZ] Generando respuesta consenso con gemma2:2b...
2026-04-13 12:06:40,978 [INFO]    ✅ Finalizado.
2026-04-13 12:06:41,983 [INFO] 👉 [10] Iniciando debate...
2026-04-13 12:06:41,983 [INFO] 🔄 INICIANDO RONDA: 0 | Moderador: gemma2:2b
2026-04-13 12:06:44,451 [INFO] TOP SCORE: 2.3981456756591797
2026-04-13 12:06:44,451 [INFO] 📊 RAG: 0 tablas y 5 textos enviados al experto.
2026-04-13 12:06:49,110 [INFO] 📊 [DLB] Generando análisis técnico con qwen2.5:1.5b...
2026-04-13 12:06:49,110 [INFO] 📡 [PNM] Calculando recursos de red con deepseek-r1:1.5b...
2026-04-13 12:06:57,669 [INFO] 🔄 INICIANDO RONDA: 1 | Moderador: gemma2:2b
2026-04-13 12:06:59,607 [INFO] 📊 [DLB] Generando análisis técnico con qwen2.5:1.5b...
2026-04-13 12:06:59,607 [INFO] 📡 [PNM] Calculando recursos de red con deepseek-r1:1.5b...
2026-04-13 12:07:10,430 [INFO] 🔄 INICIANDO RONDA: 2 | Moderador: gemma2:2b
2026-04-13 12:07:15,454 [INFO] 📊 [DLB] Generando análisis técnico con qwen2.5:1.5b...
2026-04-13 12:07:15,454 [INFO] 📡 [PNM] Calculando recursos de red con deepseek-r1:1.5b...
2026-04-13 12:07:27,249 [INFO] 🔄 INICIANDO RONDA: 3 | Moderador: gemma2:2b
2026-04-13 12:07:30,270 [INFO] 📊 [DLB] Generando análisis técnico con qwen2.5:1.5b...
2026-04-13 12:07:30,270 [INFO] 📡 [PNM] Calculando recursos de red con deepseek-r1:1.5b...
2026-04-13 12:07:39,602 [INFO] 🔄 INICIANDO RONDA: 4 | Moderador: gemma2:2b
2026-04-13 12:07:42,251 [INFO] ⚖️ [JUEZ] Generando respuesta consenso con gemma2:2b...
2026-04-13 12:09:14,310 [INFO]    ✅ Finalizado.
2026-04-13 12:09:15,315 [INFO] 👉 [11] Iniciando debate...
2026-04-13 12:09:15,315 [INFO] 🔄 INICIANDO RONDA: 0 | Moderador: gemma2:2b
2026-04-13 12:09:17,706 [INFO] TOP SCORE: 2.283893585205078
2026-04-13 12:09:17,706 [INFO] 📊 RAG: 0 tablas y 5 textos enviados al experto.
2026-04-13 12:09:21,773 [INFO] 📊 [DLB] Generando análisis técnico con qwen2.5:1.5b...
2026-04-13 12:09:21,773 [INFO] 📡 [PNM] Calculando recursos de red con deepseek-r1:1.5b...
2026-04-13 12:09:28,798 [INFO] 🔄 INICIANDO RONDA: 1 | Moderador: gemma2:2b
2026-04-13 12:09:30,550 [INFO] 📊 [DLB] Generando análisis técnico con qwen2.5:1.5b...
2026-04-13 12:09:30,550 [INFO] 📡 [PNM] Calculando recursos de red con deepseek-r1:1.5b...
2026-04-13 12:09:40,124 [INFO] 🔄 INICIANDO RONDA: 2 | Moderador: gemma2:2b
2026-04-13 12:09:42,179 [INFO] 📊 [DLB] Generando análisis técnico con qwen2.5:1.5b...
2026-04-13 12:09:42,179 [INFO] 📡 [PNM] Calculando recursos de red con deepseek-r1:1.5b...
2026-04-13 12:09:46,485 [INFO] 🔄 INICIANDO RONDA: 3 | Moderador: gemma2:2b
2026-04-13 12:09:48,187 [INFO] 📊 [DLB] Generando análisis técnico con qwen2.5:1.5b...
2026-04-13 12:09:48,187 [INFO] 📡 [PNM] Calculando recursos de red con deepseek-r1:1.5b...
2026-04-13 12:09:55,089 [INFO] 🔄 INICIANDO RONDA: 4 | Moderador: gemma2:2b
2026-04-13 12:09:56,810 [INFO] ⚖️ [JUEZ] Generando respuesta consenso con gemma2:2b...
2026-04-13 12:10:45,094 [INFO]    ✅ Finalizado.
2026-04-13 12:10:46,098 [INFO] 👉 [12] Iniciando debate...
2026-04-13 12:10:46,098 [INFO] 🔄 INICIANDO RONDA: 0 | Moderador: gemma2:2b
2026-04-13 12:10:48,614 [INFO] TOP SCORE: 1.3480300903320312
2026-04-13 12:10:48,614 [INFO] 📊 RAG: 0 tablas y 5 textos enviados al experto.
2026-04-13 12:10:53,103 [INFO] 📊 [DLB] Generando análisis técnico con qwen2.5:1.5b...
2026-04-13 12:10:53,103 [INFO] 📡 [PNM] Calculando recursos de red con deepseek-r1:1.5b...
2026-04-13 12:11:02,551 [INFO] 🔄 INICIANDO RONDA: 1 | Moderador: gemma2:2b
2026-04-13 12:11:04,522 [INFO] 📊 [DLB] Generando análisis técnico con qwen2.5:1.5b...
2026-04-13 12:11:04,522 [INFO] 📡 [PNM] Calculando recursos de red con deepseek-r1:1.5b...
2026-04-13 12:11:14,171 [INFO] 🔄 INICIANDO RONDA: 2 | Moderador: gemma2:2b
2026-04-13 12:11:15,932 [INFO] 📊 [DLB] Generando análisis técnico con qwen2.5:1.5b...
2026-04-13 12:11:15,932 [INFO] 📡 [PNM] Calculando recursos de red con deepseek-r1:1.5b...
2026-04-13 12:11:25,552 [INFO] 🔄 INICIANDO RONDA: 3 | Moderador: gemma2:2b
2026-04-13 12:11:27,176 [INFO] 📊 [DLB] Generando análisis técnico con qwen2.5:1.5b...
2026-04-13 12:11:27,176 [INFO] 📡 [PNM] Calculando recursos de red con deepseek-r1:1.5b...
2026-04-13 12:11:34,139 [INFO] 🔄 INICIANDO RONDA: 4 | Moderador: gemma2:2b
2026-04-13 12:11:35,960 [INFO] ⚖️ [JUEZ] Generando respuesta consenso con gemma2:2b...
2026-04-13 12:12:06,305 [INFO]    ✅ Finalizado.
2026-04-13 12:12:07,316 [INFO] 📁 Procesando archivo: a-ka-band-satcom-transceiver-in-65-nm-cmos-with-high-linearity-tx-and-dual-channel-wide-dynamic-range-rx-for-terrestrial-terminal_salida.txt
2026-04-13 12:12:07,316 [INFO] 👉 [13] Iniciando debate...
2026-04-13 12:12:07,316 [INFO] 🔄 INICIANDO RONDA: 0 | Moderador: gemma2:2b
2026-04-13 12:12:09,832 [INFO] TOP SCORE: -1.7276138067245483
2026-04-13 12:12:09,832 [INFO] 📊 RAG: 0 tablas y 5 textos enviados al experto.
2026-04-13 12:12:16,242 [INFO] 📊 [DLB] Generando análisis técnico con qwen2.5:1.5b...
2026-04-13 12:12:16,242 [INFO] 📡 [PNM] Calculando recursos de red con deepseek-r1:1.5b...
2026-04-13 12:12:25,644 [INFO] 🔄 INICIANDO RONDA: 1 | Moderador: gemma2:2b
2026-04-13 12:12:28,159 [INFO] 📊 [DLB] Generando análisis técnico con qwen2.5:1.5b...
2026-04-13 12:12:28,159 [INFO] 📡 [PNM] Calculando recursos de red con deepseek-r1:1.5b...
2026-04-13 12:12:40,408 [INFO] 🔄 INICIANDO RONDA: 2 | Moderador: gemma2:2b
2026-04-13 12:12:43,050 [INFO] 📊 [DLB] Generando análisis técnico con qwen2.5:1.5b...
2026-04-13 12:12:43,050 [INFO] 📡 [PNM] Calculando recursos de red con deepseek-r1:1.5b...
2026-04-13 12:12:53,561 [INFO] 🔄 INICIANDO RONDA: 3 | Moderador: gemma2:2b
2026-04-13 12:12:55,855 [INFO] 📊 [DLB] Generando análisis técnico con qwen2.5:1.5b...
2026-04-13 12:12:55,855 [INFO] 📡 [PNM] Calculando recursos de red con deepseek-r1:1.5b...
2026-04-13 12:13:06,728 [INFO] 🔄 INICIANDO RONDA: 4 | Moderador: gemma2:2b
2026-04-13 12:13:08,756 [INFO] ⚖️ [JUEZ] Generando respuesta consenso con gemma2:2b...
2026-04-13 12:13:38,707 [INFO]    ✅ Finalizado.
2026-04-13 12:13:39,711 [INFO] 👉 [14] Iniciando debate...
2026-04-13 12:13:39,711 [INFO] 🔄 INICIANDO RONDA: 0 | Moderador: gemma2:2b
2026-04-13 12:13:42,117 [INFO] TOP SCORE: -3.655665159225464
2026-04-13 12:13:42,133 [INFO] 📊 RAG: 0 tablas y 5 textos enviados al experto.
2026-04-13 12:13:47,542 [INFO] 📊 [DLB] Generando análisis técnico con qwen2.5:1.5b...
2026-04-13 12:13:47,542 [INFO] 📡 [PNM] Calculando recursos de red con deepseek-r1:1.5b...
2026-04-13 12:14:04,281 [INFO] 🔄 INICIANDO RONDA: 1 | Moderador: gemma2:2b
2026-04-13 12:14:06,920 [INFO] 📊 [DLB] Generando análisis técnico con qwen2.5:1.5b...
2026-04-13 12:14:06,920 [INFO] 📡 [PNM] Calculando recursos de red con deepseek-r1:1.5b...
2026-04-13 12:14:18,173 [INFO] 🔄 INICIANDO RONDA: 2 | Moderador: gemma2:2b
2026-04-13 12:14:19,943 [INFO] 📊 [DLB] Generando análisis técnico con qwen2.5:1.5b...
2026-04-13 12:14:19,943 [INFO] 📡 [PNM] Calculando recursos de red con deepseek-r1:1.5b...
2026-04-13 12:14:29,627 [INFO] 🔄 INICIANDO RONDA: 3 | Moderador: gemma2:2b
2026-04-13 12:14:31,588 [INFO] 📊 [DLB] Generando análisis técnico con qwen2.5:1.5b...
2026-04-13 12:14:31,588 [INFO] 📡 [PNM] Calculando recursos de red con deepseek-r1:1.5b...
2026-04-13 12:14:41,016 [INFO] 🔄 INICIANDO RONDA: 4 | Moderador: gemma2:2b
2026-04-13 12:14:43,638 [INFO] ⚖️ [JUEZ] Generando respuesta consenso con gemma2:2b...
2026-04-13 12:15:34,989 [INFO]    ✅ Finalizado.
2026-04-13 12:15:36,000 [INFO] 📁 Procesando archivo: a-lagrangian-heuristic-for-satellite-range-scheduling-with-resource-constraints_salida.txt
2026-04-13 12:15:36,000 [INFO] 👉 [15] Iniciando debate...
2026-04-13 12:15:36,000 [INFO] 🔄 INICIANDO RONDA: 0 | Moderador: gemma2:2b
2026-04-13 12:15:38,611 [INFO] TOP SCORE: 0.5249515771865845
2026-04-13 12:15:38,611 [INFO] 📊 RAG: 0 tablas y 5 textos enviados al experto.
2026-04-13 12:15:44,541 [INFO] 📊 [DLB] Generando análisis técnico con qwen2.5:1.5b...
2026-04-13 12:15:44,541 [INFO] 📡 [PNM] Calculando recursos de red con deepseek-r1:1.5b...
2026-04-13 12:15:52,814 [INFO] 🔄 INICIANDO RONDA: 1 | Moderador: gemma2:2b
2026-04-13 12:15:54,560 [INFO] 📊 [DLB] Generando análisis técnico con qwen2.5:1.5b...
2026-04-13 12:15:54,560 [INFO] 📡 [PNM] Calculando recursos de red con deepseek-r1:1.5b...
2026-04-13 12:16:06,095 [INFO] 🔄 INICIANDO RONDA: 2 | Moderador: gemma2:2b
2026-04-13 12:16:07,962 [INFO] 📊 [DLB] Generando análisis técnico con qwen2.5:1.5b...
2026-04-13 12:16:07,962 [INFO] 📡 [PNM] Calculando recursos de red con deepseek-r1:1.5b...
2026-04-13 12:16:17,551 [INFO] 🔄 INICIANDO RONDA: 3 | Moderador: gemma2:2b
2026-04-13 12:16:19,446 [INFO] 📊 [DLB] Generando análisis técnico con qwen2.5:1.5b...
2026-04-13 12:16:19,446 [INFO] 📡 [PNM] Calculando recursos de red con deepseek-r1:1.5b...
2026-04-13 12:16:28,387 [INFO] 🔄 INICIANDO RONDA: 4 | Moderador: gemma2:2b
2026-04-13 12:16:30,440 [INFO] ⚖️ [JUEZ] Generando respuesta consenso con gemma2:2b...
2026-04-13 12:17:00,257 [INFO]    ✅ Finalizado.
2026-04-13 12:17:01,266 [INFO] 👉 [16] Iniciando debate...
2026-04-13 12:17:01,266 [INFO] 🔄 INICIANDO RONDA: 0 | Moderador: gemma2:2b
2026-04-13 12:17:03,813 [INFO] TOP SCORE: -0.9431830048561096
2026-04-13 12:17:03,813 [INFO] 📊 RAG: 0 tablas y 5 textos enviados al experto.
2026-04-13 12:17:09,199 [INFO] 📊 [DLB] Generando análisis técnico con qwen2.5:1.5b...
2026-04-13 12:17:09,200 [INFO] 📡 [PNM] Calculando recursos de red con deepseek-r1:1.5b...
2026-04-13 12:17:21,306 [INFO] 🔄 INICIANDO RONDA: 1 | Moderador: gemma2:2b
2026-04-13 12:17:29,453 [INFO] 📊 [DLB] Generando análisis técnico con qwen2.5:1.5b...
2026-04-13 12:17:29,453 [INFO] 📡 [PNM] Calculando recursos de red con deepseek-r1:1.5b...
2026-04-13 12:17:45,840 [INFO] 🔄 INICIANDO RONDA: 2 | Moderador: gemma2:2b
2026-04-13 12:17:47,754 [INFO] 📊 [DLB] Generando análisis técnico con qwen2.5:1.5b...
2026-04-13 12:17:47,754 [INFO] 📡 [PNM] Calculando recursos de red con deepseek-r1:1.5b...
2026-04-13 12:17:53,726 [INFO] 🔄 INICIANDO RONDA: 3 | Moderador: gemma2:2b
2026-04-13 12:17:55,726 [INFO] 📊 [DLB] Generando análisis técnico con qwen2.5:1.5b...
2026-04-13 12:17:55,726 [INFO] 📡 [PNM] Calculando recursos de red con deepseek-r1:1.5b...
2026-04-13 12:18:03,375 [INFO] 🔄 INICIANDO RONDA: 4 | Moderador: gemma2:2b
2026-04-13 12:18:05,162 [INFO] ⚖️ [JUEZ] Generando respuesta consenso con gemma2:2b...
2026-04-13 12:19:36,875 [INFO]    ✅ Finalizado.
2026-04-13 12:19:37,885 [INFO] 👉 [17] Iniciando debate...
2026-04-13 12:19:37,885 [INFO] 🔄 INICIANDO RONDA: 0 | Moderador: gemma2:2b
2026-04-13 12:19:40,354 [INFO] TOP SCORE: -3.883606433868408
2026-04-13 12:19:40,354 [INFO] 📊 RAG: 0 tablas y 5 textos enviados al experto.
2026-04-13 12:19:45,520 [INFO] 📊 [DLB] Generando análisis técnico con qwen2.5:1.5b...
2026-04-13 12:19:45,520 [INFO] 📡 [PNM] Calculando recursos de red con deepseek-r1:1.5b...
2026-04-13 12:19:58,633 [INFO] 🔄 INICIANDO RONDA: 1 | Moderador: gemma2:2b
2026-04-13 12:20:00,629 [INFO] 📊 [DLB] Generando análisis técnico con qwen2.5:1.5b...
2026-04-13 12:20:00,629 [INFO] 📡 [PNM] Calculando recursos de red con deepseek-r1:1.5b...
2026-04-13 12:20:10,737 [INFO] 🔄 INICIANDO RONDA: 2 | Moderador: gemma2:2b
2026-04-13 12:20:12,510 [INFO] 📊 [DLB] Generando análisis técnico con qwen2.5:1.5b...
2026-04-13 12:20:12,510 [INFO] 📡 [PNM] Calculando recursos de red con deepseek-r1:1.5b...
2026-04-13 12:20:18,314 [INFO] 🔄 INICIANDO RONDA: 3 | Moderador: gemma2:2b
2026-04-13 12:20:20,218 [INFO] 📊 [DLB] Generando análisis técnico con qwen2.5:1.5b...
2026-04-13 12:20:20,218 [INFO] 📡 [PNM] Calculando recursos de red con deepseek-r1:1.5b...
2026-04-13 12:20:28,395 [INFO] 🔄 INICIANDO RONDA: 4 | Moderador: gemma2:2b
2026-04-13 12:20:30,213 [INFO] ⚖️ [JUEZ] Generando respuesta consenso con gemma2:2b...
2026-04-13 12:21:03,600 [INFO]    ✅ Finalizado.
2026-04-13 12:21:04,610 [INFO] 👉 [18] Iniciando debate...
2026-04-13 12:21:04,610 [INFO] 🔄 INICIANDO RONDA: 0 | Moderador: gemma2:2b
2026-04-13 12:21:07,094 [INFO] TOP SCORE: 0.4898539185523987
2026-04-13 12:21:07,094 [INFO] 📊 RAG: 0 tablas y 5 textos enviados al experto.
2026-04-13 12:21:12,766 [INFO] 📊 [DLB] Generando análisis técnico con qwen2.5:1.5b...
2026-04-13 12:21:12,766 [INFO] 📡 [PNM] Calculando recursos de red con deepseek-r1:1.5b...
2026-04-13 12:21:54,368 [INFO] 🔄 INICIANDO RONDA: 1 | Moderador: gemma2:2b
2026-04-13 12:21:56,591 [INFO] 📊 [DLB] Generando análisis técnico con qwen2.5:1.5b...
2026-04-13 12:21:56,591 [INFO] 📡 [PNM] Calculando recursos de red con deepseek-r1:1.5b...
2026-04-13 12:22:07,844 [INFO] 🔄 INICIANDO RONDA: 2 | Moderador: gemma2:2b
2026-04-13 12:22:10,205 [INFO] 📊 [DLB] Generando análisis técnico con qwen2.5:1.5b...
2026-04-13 12:22:10,205 [INFO] 📡 [PNM] Calculando recursos de red con deepseek-r1:1.5b...
2026-04-13 12:22:18,649 [INFO] 🔄 INICIANDO RONDA: 3 | Moderador: gemma2:2b
2026-04-13 12:22:20,587 [INFO] 📊 [DLB] Generando análisis técnico con qwen2.5:1.5b...
2026-04-13 12:22:20,587 [INFO] 📡 [PNM] Calculando recursos de red con deepseek-r1:1.5b...
2026-04-13 12:22:31,109 [INFO] 🔄 INICIANDO RONDA: 4 | Moderador: gemma2:2b
2026-04-13 12:22:33,325 [INFO] ⚖️ [JUEZ] Generando respuesta consenso con gemma2:2b...
2026-04-13 12:23:10,992 [INFO]    ✅ Finalizado.
2026-04-13 12:23:12,007 [INFO] 👉 [19] Iniciando debate...
2026-04-13 12:23:12,007 [INFO] 🔄 INICIANDO RONDA: 0 | Moderador: gemma2:2b
2026-04-13 12:23:14,554 [INFO] TOP SCORE: 0.638659656047821
2026-04-13 12:23:14,570 [INFO] 📊 RAG: 0 tablas y 5 textos enviados al experto.
2026-04-13 12:23:17,802 [INFO] 📊 [DLB] Generando análisis técnico con qwen2.5:1.5b...
2026-04-13 12:23:17,802 [INFO] 📡 [PNM] Calculando recursos de red con deepseek-r1:1.5b...
2026-04-13 12:23:27,678 [INFO] 🔄 INICIANDO RONDA: 1 | Moderador: gemma2:2b
2026-04-13 12:23:30,040 [INFO] 📊 [DLB] Generando análisis técnico con qwen2.5:1.5b...
2026-04-13 12:23:30,040 [INFO] 📡 [PNM] Calculando recursos de red con deepseek-r1:1.5b...
2026-04-13 12:23:36,716 [INFO] 🔄 INICIANDO RONDA: 2 | Moderador: gemma2:2b
2026-04-13 12:23:40,603 [INFO] 📊 [DLB] Generando análisis técnico con qwen2.5:1.5b...
2026-04-13 12:23:40,603 [INFO] 📡 [PNM] Calculando recursos de red con deepseek-r1:1.5b...
2026-04-13 12:23:48,572 [INFO] 🔄 INICIANDO RONDA: 3 | Moderador: gemma2:2b
2026-04-13 12:23:52,208 [INFO] 📊 [DLB] Generando análisis técnico con qwen2.5:1.5b...
2026-04-13 12:23:52,208 [INFO] 📡 [PNM] Calculando recursos de red con deepseek-r1:1.5b...
2026-04-13 12:24:02,264 [INFO] 🔄 INICIANDO RONDA: 4 | Moderador: gemma2:2b
2026-04-13 12:24:07,213 [INFO] ⚖️ [JUEZ] Generando respuesta consenso con gemma2:2b...
2026-04-13 12:24:51,804 [INFO]    ✅ Finalizado.
2026-04-13 12:24:52,810 [INFO] 👉 [20] Iniciando debate...
2026-04-13 12:24:52,810 [INFO] 🔄 INICIANDO RONDA: 0 | Moderador: gemma2:2b
2026-04-13 12:24:55,279 [INFO] TOP SCORE: 2.6979167461395264
2026-04-13 12:24:55,279 [INFO] 📊 RAG: 0 tablas y 5 textos enviados al experto.
2026-04-13 12:25:01,273 [INFO] 📊 [DLB] Generando análisis técnico con qwen2.5:1.5b...
2026-04-13 12:25:01,273 [INFO] 📡 [PNM] Calculando recursos de red con deepseek-r1:1.5b...
2026-04-13 12:25:10,653 [INFO] 🔄 INICIANDO RONDA: 1 | Moderador: gemma2:2b
2026-04-13 12:25:13,161 [INFO] 📊 [DLB] Generando análisis técnico con qwen2.5:1.5b...
2026-04-13 12:25:13,161 [INFO] 📡 [PNM] Calculando recursos de red con deepseek-r1:1.5b...
2026-04-13 12:25:19,503 [INFO] 🔄 INICIANDO RONDA: 2 | Moderador: gemma2:2b
2026-04-13 12:25:21,357 [INFO] 📊 [DLB] Generando análisis técnico con qwen2.5:1.5b...
2026-04-13 12:25:21,357 [INFO] 📡 [PNM] Calculando recursos de red con deepseek-r1:1.5b...
2026-04-13 12:25:29,860 [INFO] 🔄 INICIANDO RONDA: 3 | Moderador: gemma2:2b
2026-04-13 12:25:31,681 [INFO] 📊 [DLB] Generando análisis técnico con qwen2.5:1.5b...
2026-04-13 12:25:31,681 [INFO] 📡 [PNM] Calculando recursos de red con deepseek-r1:1.5b...
2026-04-13 12:25:38,418 [INFO] 🔄 INICIANDO RONDA: 4 | Moderador: gemma2:2b
2026-04-13 12:25:40,116 [INFO] ⚖️ [JUEZ] Generando respuesta consenso con gemma2:2b...
2026-04-13 12:26:22,502 [INFO]    ✅ Finalizado.
2026-04-13 12:26:23,511 [INFO] 👉 [21] Iniciando debate...
2026-04-13 12:26:23,511 [INFO] 🔄 INICIANDO RONDA: 0 | Moderador: gemma2:2b
2026-04-13 12:26:26,246 [INFO] TOP SCORE: -4.408236980438232
2026-04-13 12:26:26,246 [INFO] 📊 RAG: 0 tablas y 5 textos enviados al experto.
2026-04-13 12:26:32,305 [INFO] 📊 [DLB] Generando análisis técnico con qwen2.5:1.5b...
2026-04-13 12:26:32,305 [INFO] 📡 [PNM] Calculando recursos de red con deepseek-r1:1.5b...
2026-04-13 12:26:46,167 [INFO] 🔄 INICIANDO RONDA: 1 | Moderador: gemma2:2b
2026-04-13 12:26:49,193 [INFO] 📊 [DLB] Generando análisis técnico con qwen2.5:1.5b...
2026-04-13 12:26:49,193 [INFO] 📡 [PNM] Calculando recursos de red con deepseek-r1:1.5b...
2026-04-13 12:26:59,751 [INFO] 🔄 INICIANDO RONDA: 2 | Moderador: gemma2:2b
2026-04-13 12:27:01,762 [INFO] 📊 [DLB] Generando análisis técnico con qwen2.5:1.5b...
2026-04-13 12:27:01,762 [INFO] 📡 [PNM] Calculando recursos de red con deepseek-r1:1.5b...
2026-04-13 12:27:08,651 [INFO] 🔄 INICIANDO RONDA: 3 | Moderador: gemma2:2b
2026-04-13 12:27:10,593 [INFO] 📊 [DLB] Generando análisis técnico con qwen2.5:1.5b...
2026-04-13 12:27:10,593 [INFO] 📡 [PNM] Calculando recursos de red con deepseek-r1:1.5b...
2026-04-13 12:27:18,917 [INFO] 🔄 INICIANDO RONDA: 4 | Moderador: gemma2:2b
2026-04-13 12:27:20,824 [INFO] ⚖️ [JUEZ] Generando respuesta consenso con gemma2:2b...
2026-04-13 12:27:56,704 [INFO]    ✅ Finalizado.
2026-04-13 12:27:57,712 [INFO] 👉 [22] Iniciando debate...
2026-04-13 12:27:57,712 [INFO] 🔄 INICIANDO RONDA: 0 | Moderador: gemma2:2b
2026-04-13 12:28:00,071 [INFO] TOP SCORE: -1.2767314910888672
2026-04-13 12:28:00,087 [INFO] 📊 RAG: 0 tablas y 5 textos enviados al experto.
2026-04-13 12:28:04,956 [INFO] 📊 [DLB] Generando análisis técnico con qwen2.5:1.5b...
2026-04-13 12:28:04,956 [INFO] 📡 [PNM] Calculando recursos de red con deepseek-r1:1.5b...
2026-04-13 12:28:13,587 [INFO] 🔄 INICIANDO RONDA: 1 | Moderador: gemma2:2b
2026-04-13 12:28:15,578 [INFO] 📊 [DLB] Generando análisis técnico con qwen2.5:1.5b...
2026-04-13 12:28:15,578 [INFO] 📡 [PNM] Calculando recursos de red con deepseek-r1:1.5b...
2026-04-13 12:28:25,505 [INFO] 🔄 INICIANDO RONDA: 2 | Moderador: gemma2:2b
2026-04-13 12:28:27,333 [INFO] 📊 [DLB] Generando análisis técnico con qwen2.5:1.5b...
2026-04-13 12:28:27,333 [INFO] 📡 [PNM] Calculando recursos de red con deepseek-r1:1.5b...
2026-04-13 12:28:35,872 [INFO] 🔄 INICIANDO RONDA: 3 | Moderador: gemma2:2b
2026-04-13 12:28:37,441 [INFO] 📊 [DLB] Generando análisis técnico con qwen2.5:1.5b...
2026-04-13 12:28:37,441 [INFO] 📡 [PNM] Calculando recursos de red con deepseek-r1:1.5b...
2026-04-13 12:28:47,358 [INFO] 🔄 INICIANDO RONDA: 4 | Moderador: gemma2:2b
2026-04-13 12:28:49,351 [INFO] ⚖️ [JUEZ] Generando respuesta consenso con gemma2:2b...
2026-04-13 12:29:33,210 [INFO]    ✅ Finalizado.
2026-04-13 12:29:34,214 [INFO] 📁 Procesando archivo: a-novel-dual-polarized-continuous-transverse-stub-antenna-based-on-corrugated-waveguides-part-ii-experimental-demonstration_salida.txt
2026-04-13 12:29:34,230 [INFO] 👉 [23] Iniciando debate...
2026-04-13 12:29:34,230 [INFO] 🔄 INICIANDO RONDA: 0 | Moderador: gemma2:2b
2026-04-13 12:29:36,636 [INFO] TOP SCORE: 3.616671323776245
2026-04-13 12:29:36,636 [INFO] 📊 RAG: 0 tablas y 5 textos enviados al experto.
2026-04-13 12:29:43,168 [INFO] 📊 [DLB] Generando análisis técnico con qwen2.5:1.5b...
2026-04-13 12:29:43,168 [INFO] 📡 [PNM] Calculando recursos de red con deepseek-r1:1.5b...
2026-04-13 12:29:52,521 [INFO] 🔄 INICIANDO RONDA: 1 | Moderador: gemma2:2b
2026-04-13 12:29:54,968 [INFO] 📊 [DLB] Generando análisis técnico con qwen2.5:1.5b...
2026-04-13 12:29:54,968 [INFO] 📡 [PNM] Calculando recursos de red con deepseek-r1:1.5b...
2026-04-13 12:30:03,075 [INFO] 🔄 INICIANDO RONDA: 2 | Moderador: gemma2:2b
2026-04-13 12:30:05,964 [INFO] 📊 [DLB] Generando análisis técnico con qwen2.5:1.5b...
2026-04-13 12:30:05,964 [INFO] 📡 [PNM] Calculando recursos de red con deepseek-r1:1.5b...
2026-04-13 12:30:15,652 [INFO] 🔄 INICIANDO RONDA: 3 | Moderador: gemma2:2b
2026-04-13 12:30:17,896 [INFO] 📊 [DLB] Generando análisis técnico con qwen2.5:1.5b...
2026-04-13 12:30:17,896 [INFO] 📡 [PNM] Calculando recursos de red con deepseek-r1:1.5b...
2026-04-13 12:30:24,876 [INFO] 🔄 INICIANDO RONDA: 4 | Moderador: gemma2:2b
2026-04-13 12:30:27,508 [INFO] ⚖️ [JUEZ] Generando respuesta consenso con gemma2:2b...
2026-04-13 12:31:34,289 [INFO]    ✅ Finalizado.
2026-04-13 12:31:35,295 [INFO] 👉 [24] Iniciando debate...
2026-04-13 12:31:35,295 [INFO] 🔄 INICIANDO RONDA: 0 | Moderador: gemma2:2b
2026-04-13 12:31:38,077 [INFO] TOP SCORE: 1.255586862564087
2026-04-13 12:31:38,077 [INFO] 📊 RAG: 0 tablas y 5 textos enviados al experto.
2026-04-13 12:31:42,837 [INFO] 📊 [DLB] Generando análisis técnico con qwen2.5:1.5b...
2026-04-13 12:31:42,837 [INFO] 📡 [PNM] Calculando recursos de red con deepseek-r1:1.5b...
2026-04-13 12:31:52,390 [INFO] 🔄 INICIANDO RONDA: 1 | Moderador: gemma2:2b
2026-04-13 12:31:54,505 [INFO] 📊 [DLB] Generando análisis técnico con qwen2.5:1.5b...
2026-04-13 12:31:54,505 [INFO] 📡 [PNM] Calculando recursos de red con deepseek-r1:1.5b...
2026-04-13 12:32:03,383 [INFO] 🔄 INICIANDO RONDA: 2 | Moderador: gemma2:2b
2026-04-13 12:32:05,688 [INFO] 📊 [DLB] Generando análisis técnico con qwen2.5:1.5b...
2026-04-13 12:32:05,688 [INFO] 📡 [PNM] Calculando recursos de red con deepseek-r1:1.5b...
2026-04-13 12:32:13,021 [INFO] 🔄 INICIANDO RONDA: 3 | Moderador: gemma2:2b
2026-04-13 12:32:15,130 [INFO] 📊 [DLB] Generando análisis técnico con qwen2.5:1.5b...
2026-04-13 12:32:15,130 [INFO] 📡 [PNM] Calculando recursos de red con deepseek-r1:1.5b...
2026-04-13 12:32:22,454 [INFO] 🔄 INICIANDO RONDA: 4 | Moderador: gemma2:2b
2026-04-13 12:32:24,328 [INFO] ⚖️ [JUEZ] Generando respuesta consenso con gemma2:2b...
2026-04-13 12:32:46,955 [INFO]    ✅ Finalizado.
2026-04-13 12:32:47,967 [INFO] 👉 [25] Iniciando debate...
2026-04-13 12:32:47,967 [INFO] 🔄 INICIANDO RONDA: 0 | Moderador: gemma2:2b
2026-04-13 12:32:50,655 [INFO] TOP SCORE: 2.0342724323272705
2026-04-13 12:32:50,655 [INFO] 📊 RAG: 0 tablas y 5 textos enviados al experto.
2026-04-13 12:32:54,606 [INFO] 📊 [DLB] Generando análisis técnico con qwen2.5:1.5b...
2026-04-13 12:32:54,606 [INFO] 📡 [PNM] Calculando recursos de red con deepseek-r1:1.5b...
2026-04-13 12:33:05,878 [INFO] 🔄 INICIANDO RONDA: 1 | Moderador: gemma2:2b
2026-04-13 12:33:07,624 [INFO] 📊 [DLB] Generando análisis técnico con qwen2.5:1.5b...
2026-04-13 12:33:07,624 [INFO] 📡 [PNM] Calculando recursos de red con deepseek-r1:1.5b...
2026-04-13 12:33:16,382 [INFO] 🔄 INICIANDO RONDA: 2 | Moderador: gemma2:2b
2026-04-13 12:33:18,208 [INFO] 📊 [DLB] Generando análisis técnico con qwen2.5:1.5b...
2026-04-13 12:33:18,208 [INFO] 📡 [PNM] Calculando recursos de red con deepseek-r1:1.5b...
2026-04-13 12:33:24,891 [INFO] 🔄 INICIANDO RONDA: 3 | Moderador: gemma2:2b
2026-04-13 12:33:26,875 [INFO] 📊 [DLB] Generando análisis técnico con qwen2.5:1.5b...
2026-04-13 12:33:26,875 [INFO] 📡 [PNM] Calculando recursos de red con deepseek-r1:1.5b...
2026-04-13 12:33:35,898 [INFO] 🔄 INICIANDO RONDA: 4 | Moderador: gemma2:2b
2026-04-13 12:33:38,283 [INFO] ⚖️ [JUEZ] Generando respuesta consenso con gemma2:2b...
2026-04-13 12:35:08,874 [INFO]    ✅ Finalizado.
2026-04-13 12:35:09,886 [INFO] 👉 [26] Iniciando debate...
2026-04-13 12:35:09,886 [INFO] 🔄 INICIANDO RONDA: 0 | Moderador: gemma2:2b
2026-04-13 12:35:12,323 [INFO] TOP SCORE: -0.2066955715417862
2026-04-13 12:35:12,323 [INFO] 📊 RAG: 0 tablas y 5 textos enviados al experto.
2026-04-13 12:35:17,631 [INFO] 📊 [DLB] Generando análisis técnico con qwen2.5:1.5b...
2026-04-13 12:35:17,631 [INFO] 📡 [PNM] Calculando recursos de red con deepseek-r1:1.5b...
2026-04-13 12:35:28,191 [INFO] 🔄 INICIANDO RONDA: 1 | Moderador: gemma2:2b
2026-04-13 12:35:30,272 [INFO] 📊 [DLB] Generando análisis técnico con qwen2.5:1.5b...
2026-04-13 12:35:30,272 [INFO] 📡 [PNM] Calculando recursos de red con deepseek-r1:1.5b...
2026-04-13 12:35:39,036 [INFO] 🔄 INICIANDO RONDA: 2 | Moderador: gemma2:2b
2026-04-13 12:35:40,780 [INFO] 📊 [DLB] Generando análisis técnico con qwen2.5:1.5b...
2026-04-13 12:35:40,780 [INFO] 📡 [PNM] Calculando recursos de red con deepseek-r1:1.5b...
2026-04-13 12:35:47,150 [INFO] 🔄 INICIANDO RONDA: 3 | Moderador: gemma2:2b
2026-04-13 12:35:49,167 [INFO] 📊 [DLB] Generando análisis técnico con qwen2.5:1.5b...
2026-04-13 12:35:49,167 [INFO] 📡 [PNM] Calculando recursos de red con deepseek-r1:1.5b...
2026-04-13 12:35:54,516 [INFO] 🔄 INICIANDO RONDA: 4 | Moderador: gemma2:2b
2026-04-13 12:35:55,900 [INFO] ⚖️ [JUEZ] Generando respuesta consenso con gemma2:2b...
2026-04-13 12:37:27,964 [INFO]    ✅ Finalizado.
2026-04-13 12:37:28,974 [INFO] 👉 [27] Iniciando debate...
2026-04-13 12:37:28,974 [INFO] 🔄 INICIANDO RONDA: 0 | Moderador: gemma2:2b
2026-04-13 12:37:31,442 [INFO] TOP SCORE: -2.8870604038238525
2026-04-13 12:37:31,442 [INFO] 📊 RAG: 0 tablas y 5 textos enviados al experto.
2026-04-13 12:37:38,357 [INFO] 📊 [DLB] Generando análisis técnico con qwen2.5:1.5b...
2026-04-13 12:37:38,357 [INFO] 📡 [PNM] Calculando recursos de red con deepseek-r1:1.5b...
2026-04-13 12:37:50,746 [INFO] 🔄 INICIANDO RONDA: 1 | Moderador: gemma2:2b
2026-04-13 12:37:52,562 [INFO] 📊 [DLB] Generando análisis técnico con qwen2.5:1.5b...
2026-04-13 12:37:52,562 [INFO] 📡 [PNM] Calculando recursos de red con deepseek-r1:1.5b...
2026-04-13 12:38:02,645 [INFO] 🔄 INICIANDO RONDA: 2 | Moderador: gemma2:2b
2026-04-13 12:38:04,443 [INFO] 📊 [DLB] Generando análisis técnico con qwen2.5:1.5b...
2026-04-13 12:38:04,443 [INFO] 📡 [PNM] Calculando recursos de red con deepseek-r1:1.5b...
2026-04-13 12:38:11,513 [INFO] 🔄 INICIANDO RONDA: 3 | Moderador: gemma2:2b
2026-04-13 12:38:13,546 [INFO] 📊 [DLB] Generando análisis técnico con qwen2.5:1.5b...
2026-04-13 12:38:13,546 [INFO] 📡 [PNM] Calculando recursos de red con deepseek-r1:1.5b...
2026-04-13 12:38:20,806 [INFO] 🔄 INICIANDO RONDA: 4 | Moderador: gemma2:2b
2026-04-13 12:38:23,012 [INFO] ⚖️ [JUEZ] Generando respuesta consenso con gemma2:2b...
2026-04-13 12:39:22,760 [INFO]    ✅ Finalizado.
2026-04-13 12:39:23,766 [INFO] 📁 Procesando archivo: a-reflector-antenna-concept-robust-against-feed-failures-for-satellite-communications_salida.txt
2026-04-13 12:39:23,766 [INFO] 👉 [28] Iniciando debate...
2026-04-13 12:39:23,766 [INFO] 🔄 INICIANDO RONDA: 0 | Moderador: gemma2:2b
2026-04-13 12:39:26,219 [INFO] TOP SCORE: 2.669060468673706
2026-04-13 12:39:26,219 [INFO] 📊 RAG: 0 tablas y 5 textos enviados al experto.
2026-04-13 12:39:30,881 [INFO] 📊 [DLB] Generando análisis técnico con qwen2.5:1.5b...
2026-04-13 12:39:30,883 [INFO] 📡 [PNM] Calculando recursos de red con deepseek-r1:1.5b...
2026-04-13 12:39:39,536 [INFO] 🔄 INICIANDO RONDA: 1 | Moderador: gemma2:2b
2026-04-13 12:39:41,861 [INFO] 📊 [DLB] Generando análisis técnico con qwen2.5:1.5b...
2026-04-13 12:39:41,861 [INFO] 📡 [PNM] Calculando recursos de red con deepseek-r1:1.5b...
2026-04-13 12:39:51,282 [INFO] 🔄 INICIANDO RONDA: 2 | Moderador: gemma2:2b
2026-04-13 12:39:53,645 [INFO] 📊 [DLB] Generando análisis técnico con qwen2.5:1.5b...
2026-04-13 12:39:53,645 [INFO] 📡 [PNM] Calculando recursos de red con deepseek-r1:1.5b...
2026-04-13 12:40:00,837 [INFO] 🔄 INICIANDO RONDA: 3 | Moderador: gemma2:2b
2026-04-13 12:40:02,955 [INFO] 📊 [DLB] Generando análisis técnico con qwen2.5:1.5b...
2026-04-13 12:40:02,955 [INFO] 📡 [PNM] Calculando recursos de red con deepseek-r1:1.5b...
2026-04-13 12:40:16,046 [INFO] 🔄 INICIANDO RONDA: 4 | Moderador: gemma2:2b
2026-04-13 12:40:18,424 [INFO] ⚖️ [JUEZ] Generando respuesta consenso con gemma2:2b...
2026-04-13 12:41:11,965 [INFO]    ✅ Finalizado.
2026-04-13 15:38:01,648 [INFO] 📁 Procesando archivo: a-compact-low-noise-frontend-for-interleaved-rx-tx-arrays-at-k-ka-band_salida.txt
2026-04-13 15:38:01,648 [INFO] 📁 Procesando archivo: a-compact-lowpass-filter-for-satellite-communication-systems-based-on-transfer-function-analysis_salida.txt
2026-04-13 15:38:01,648 [INFO] 📁 Procesando archivo: a-framework-to-classify-heterogeneous-internet-traffic-with-machine-learning-and-deep-learning-techniques-for-satellite-communications_salida.txt
2026-04-13 15:38:01,648 [INFO] 📁 Procesando archivo: a-ka-band-satcom-transceiver-in-65-nm-cmos-with-high-linearity-tx-and-dual-channel-wide-dynamic-range-rx-for-terrestrial-terminal_salida.txt
2026-04-13 15:38:01,648 [INFO] 📁 Procesando archivo: a-lagrangian-heuristic-for-satellite-range-scheduling-with-resource-constraints_salida.txt
2026-04-13 15:38:01,648 [INFO] 📁 Procesando archivo: a-novel-dual-polarized-continuous-transverse-stub-antenna-based-on-corrugated-waveguides-part-ii-experimental-demonstration_salida.txt
2026-04-13 15:38:01,648 [INFO] 👉 [25] Iniciando debate...
2026-04-13 15:38:01,664 [INFO] 🔄 INICIANDO RONDA: 0 | Moderador: gemma2:2b
2026-04-13 15:38:04,086 [INFO] TOP SCORE: 2.0342724323272705
2026-04-13 15:38:04,086 [INFO] 📊 RAG: 0 tablas y 5 textos enviados al experto.
2026-04-13 15:38:13,829 [INFO] 📊 [DLB] Generando análisis técnico con qwen2.5:1.5b...
2026-04-13 15:38:13,829 [INFO] 📡 [PNM] Calculando recursos de red con deepseek-r1:1.5b...
2026-04-13 15:38:28,320 [INFO] 🔄 INICIANDO RONDA: 1 | Moderador: gemma2:2b
2026-04-13 15:38:30,712 [INFO] 📊 [DLB] Generando análisis técnico con qwen2.5:1.5b...
2026-04-13 15:38:30,712 [INFO] 📡 [PNM] Calculando recursos de red con deepseek-r1:1.5b...
2026-04-13 15:38:36,660 [INFO] 🔄 INICIANDO RONDA: 2 | Moderador: gemma2:2b
2026-04-13 15:38:46,175 [INFO] 📊 [DLB] Generando análisis técnico con qwen2.5:1.5b...
2026-04-13 15:38:46,175 [INFO] 📡 [PNM] Calculando recursos de red con deepseek-r1:1.5b...
2026-04-13 15:38:52,659 [INFO] 🔄 INICIANDO RONDA: 3 | Moderador: gemma2:2b
2026-04-13 15:38:55,276 [INFO] 📊 [DLB] Generando análisis técnico con qwen2.5:1.5b...
2026-04-13 15:38:55,276 [INFO] 📡 [PNM] Calculando recursos de red con deepseek-r1:1.5b...
2026-04-13 15:39:03,274 [INFO] 🔄 INICIANDO RONDA: 4 | Moderador: gemma2:2b
2026-04-13 15:39:05,247 [INFO] ⚖️ [JUEZ] Generando respuesta consenso con gemma2:2b...
2026-04-13 15:39:52,929 [INFO]    ✅ Finalizado.
2026-04-13 15:39:53,940 [INFO] 👉 [26] Iniciando debate...
2026-04-13 15:39:53,940 [INFO] 🔄 INICIANDO RONDA: 0 | Moderador: gemma2:2b
2026-04-13 15:39:56,409 [INFO] TOP SCORE: -0.2066955715417862
2026-04-13 15:39:56,409 [INFO] 📊 RAG: 0 tablas y 5 textos enviados al experto.
2026-04-13 15:40:03,017 [INFO] 📊 [DLB] Generando análisis técnico con qwen2.5:1.5b...
2026-04-13 15:40:03,017 [INFO] 📡 [PNM] Calculando recursos de red con deepseek-r1:1.5b...
2026-04-13 15:40:13,694 [INFO] 🔄 INICIANDO RONDA: 1 | Moderador: gemma2:2b
2026-04-13 15:40:15,480 [INFO] 📊 [DLB] Generando análisis técnico con qwen2.5:1.5b...
2026-04-13 15:40:15,480 [INFO] 📡 [PNM] Calculando recursos de red con deepseek-r1:1.5b...
2026-04-13 15:40:22,031 [INFO] 🔄 INICIANDO RONDA: 2 | Moderador: gemma2:2b
2026-04-13 15:40:23,846 [INFO] 📊 [DLB] Generando análisis técnico con qwen2.5:1.5b...
2026-04-13 15:40:23,846 [INFO] 📡 [PNM] Calculando recursos de red con deepseek-r1:1.5b...
2026-04-13 15:40:30,944 [INFO] 🔄 INICIANDO RONDA: 3 | Moderador: gemma2:2b
2026-04-13 15:40:32,732 [INFO] 📊 [DLB] Generando análisis técnico con qwen2.5:1.5b...
2026-04-13 15:40:32,732 [INFO] 📡 [PNM] Calculando recursos de red con deepseek-r1:1.5b...
2026-04-13 15:40:40,018 [INFO] 🔄 INICIANDO RONDA: 4 | Moderador: gemma2:2b
2026-04-13 15:40:42,192 [INFO] ⚖️ [JUEZ] Generando respuesta consenso con gemma2:2b...
2026-04-13 15:42:17,013 [INFO]    ✅ Finalizado.
2026-04-13 15:42:18,013 [INFO] 👉 [27] Iniciando debate...
2026-04-13 15:42:18,013 [INFO] 🔄 INICIANDO RONDA: 0 | Moderador: gemma2:2b
2026-04-13 15:42:20,435 [INFO] TOP SCORE: -2.8870604038238525
2026-04-13 15:42:20,435 [INFO] 📊 RAG: 0 tablas y 5 textos enviados al experto.
2026-04-13 15:42:24,968 [INFO] 📊 [DLB] Generando análisis técnico con qwen2.5:1.5b...
2026-04-13 15:42:24,968 [INFO] 📡 [PNM] Calculando recursos de red con deepseek-r1:1.5b...
2026-04-13 15:42:36,122 [INFO] 🔄 INICIANDO RONDA: 1 | Moderador: gemma2:2b
2026-04-13 15:42:38,194 [INFO] 📊 [DLB] Generando análisis técnico con qwen2.5:1.5b...
2026-04-13 15:42:38,194 [INFO] 📡 [PNM] Calculando recursos de red con deepseek-r1:1.5b...
2026-04-13 15:42:47,202 [INFO] 🔄 INICIANDO RONDA: 2 | Moderador: gemma2:2b
2026-04-13 15:42:49,005 [INFO] 📊 [DLB] Generando análisis técnico con qwen2.5:1.5b...
2026-04-13 15:42:49,005 [INFO] 📡 [PNM] Calculando recursos de red con deepseek-r1:1.5b...
2026-04-13 15:42:57,710 [INFO] 🔄 INICIANDO RONDA: 3 | Moderador: gemma2:2b
2026-04-13 15:43:00,370 [INFO] 📊 [DLB] Generando análisis técnico con qwen2.5:1.5b...
2026-04-13 15:43:00,370 [INFO] 📡 [PNM] Calculando recursos de red con deepseek-r1:1.5b...
2026-04-13 15:43:10,476 [INFO] 🔄 INICIANDO RONDA: 4 | Moderador: gemma2:2b
2026-04-13 15:43:13,579 [INFO] ⚖️ [JUEZ] Generando respuesta consenso con gemma2:2b...
2026-04-13 15:44:48,487 [INFO]    ✅ Finalizado.
2026-04-13 15:44:49,492 [INFO] 📁 Procesando archivo: a-reflector-antenna-concept-robust-against-feed-failures-for-satellite-communications_salida.txt
2026-04-13 15:44:49,492 [INFO] 👉 [28] Iniciando debate...
2026-04-13 15:44:49,492 [INFO] 🔄 INICIANDO RONDA: 0 | Moderador: gemma2:2b
2026-04-13 15:44:51,946 [INFO] TOP SCORE: 2.669060468673706
2026-04-13 15:44:51,946 [INFO] 📊 RAG: 0 tablas y 5 textos enviados al experto.
2026-04-13 15:44:55,857 [INFO] 📊 [DLB] Generando análisis técnico con qwen2.5:1.5b...
2026-04-13 15:44:55,857 [INFO] 📡 [PNM] Calculando recursos de red con deepseek-r1:1.5b...
2026-04-13 15:45:04,600 [INFO] 🔄 INICIANDO RONDA: 1 | Moderador: gemma2:2b
2026-04-13 15:45:06,291 [INFO] 📊 [DLB] Generando análisis técnico con qwen2.5:1.5b...
2026-04-13 15:45:06,291 [INFO] 📡 [PNM] Calculando recursos de red con deepseek-r1:1.5b...
2026-04-13 15:45:13,884 [INFO] 🔄 INICIANDO RONDA: 2 | Moderador: gemma2:2b
2026-04-13 15:45:21,224 [INFO] 📊 [DLB] Generando análisis técnico con qwen2.5:1.5b...
2026-04-13 15:45:21,224 [INFO] 📡 [PNM] Calculando recursos de red con deepseek-r1:1.5b...
2026-04-13 15:45:28,708 [INFO] 🔄 INICIANDO RONDA: 3 | Moderador: gemma2:2b
2026-04-13 15:45:34,188 [INFO] 📊 [DLB] Generando análisis técnico con qwen2.5:1.5b...
2026-04-13 15:45:34,188 [INFO] 📡 [PNM] Calculando recursos de red con deepseek-r1:1.5b...
2026-04-13 15:45:42,211 [INFO] 🔄 INICIANDO RONDA: 4 | Moderador: gemma2:2b
2026-04-13 15:45:44,271 [INFO] ⚖️ [JUEZ] Generando respuesta consenso con gemma2:2b...
2026-04-13 15:46:34,076 [INFO]    ✅ Finalizado.
2026-04-13 15:46:35,088 [INFO] 👉 [29] Iniciando debate...
2026-04-13 15:46:35,088 [INFO] 🔄 INICIANDO RONDA: 0 | Moderador: gemma2:2b
2026-04-13 15:46:37,542 [INFO] TOP SCORE: 0.15891176462173462
2026-04-13 15:46:37,542 [INFO] 📊 RAG: 0 tablas y 5 textos enviados al experto.
2026-04-13 15:46:43,511 [INFO] 📊 [DLB] Generando análisis técnico con qwen2.5:1.5b...
2026-04-13 15:46:43,512 [INFO] 📡 [PNM] Calculando recursos de red con deepseek-r1:1.5b...
2026-04-13 15:46:55,709 [INFO] 🔄 INICIANDO RONDA: 1 | Moderador: gemma2:2b
2026-04-13 15:46:57,279 [INFO] 📊 [DLB] Generando análisis técnico con qwen2.5:1.5b...
2026-04-13 15:46:57,279 [INFO] 📡 [PNM] Calculando recursos de red con deepseek-r1:1.5b...
2026-04-13 15:47:04,437 [INFO] 🔄 INICIANDO RONDA: 2 | Moderador: gemma2:2b
2026-04-13 15:47:06,171 [INFO] 📊 [DLB] Generando análisis técnico con qwen2.5:1.5b...
2026-04-13 15:47:06,171 [INFO] 📡 [PNM] Calculando recursos de red con deepseek-r1:1.5b...
2026-04-13 15:47:17,215 [INFO] 🔄 INICIANDO RONDA: 3 | Moderador: gemma2:2b
2026-04-13 15:47:19,210 [INFO] 📊 [DLB] Generando análisis técnico con qwen2.5:1.5b...
2026-04-13 15:47:19,210 [INFO] 📡 [PNM] Calculando recursos de red con deepseek-r1:1.5b...
2026-04-13 15:47:28,364 [INFO] 🔄 INICIANDO RONDA: 4 | Moderador: gemma2:2b
2026-04-13 15:47:30,441 [INFO] ⚖️ [JUEZ] Generando respuesta consenso con gemma2:2b...
2026-04-13 15:48:02,185 [INFO]    ✅ Finalizado.
2026-04-13 15:48:03,197 [INFO] 👉 [30] Iniciando debate...
2026-04-13 15:48:03,197 [INFO] 🔄 INICIANDO RONDA: 0 | Moderador: gemma2:2b
2026-04-13 15:48:05,697 [INFO] TOP SCORE: 0.5885249376296997
2026-04-13 15:48:05,697 [INFO] 📊 RAG: 6 tablas y 5 textos enviados al experto.
2026-04-13 15:48:11,147 [INFO] 📊 [DLB] Generando análisis técnico con qwen2.5:1.5b...
2026-04-13 15:48:11,147 [INFO] 📡 [PNM] Calculando recursos de red con deepseek-r1:1.5b...
2026-04-13 15:48:22,195 [INFO] 🔄 INICIANDO RONDA: 1 | Moderador: gemma2:2b
2026-04-13 15:48:24,134 [INFO] 📊 [DLB] Generando análisis técnico con qwen2.5:1.5b...
2026-04-13 15:48:24,134 [INFO] 📡 [PNM] Calculando recursos de red con deepseek-r1:1.5b...
2026-04-13 15:48:34,791 [INFO] 🔄 INICIANDO RONDA: 2 | Moderador: gemma2:2b
2026-04-13 15:48:36,440 [INFO] 📊 [DLB] Generando análisis técnico con qwen2.5:1.5b...
2026-04-13 15:48:36,440 [INFO] 📡 [PNM] Calculando recursos de red con deepseek-r1:1.5b...
2026-04-13 15:48:46,473 [INFO] 🔄 INICIANDO RONDA: 3 | Moderador: gemma2:2b
2026-04-13 15:48:48,252 [INFO] 📊 [DLB] Generando análisis técnico con qwen2.5:1.5b...
2026-04-13 15:48:48,252 [INFO] 📡 [PNM] Calculando recursos de red con deepseek-r1:1.5b...
2026-04-13 15:48:58,608 [INFO] 🔄 INICIANDO RONDA: 4 | Moderador: gemma2:2b
2026-04-13 15:49:00,580 [INFO] ⚖️ [JUEZ] Generando respuesta consenso con gemma2:2b...
2026-04-13 15:49:40,274 [INFO]    ✅ Finalizado.
2026-04-13 15:49:41,274 [INFO] 👉 [31] Iniciando debate...
2026-04-13 15:49:41,274 [INFO] 🔄 INICIANDO RONDA: 0 | Moderador: gemma2:2b
2026-04-13 15:49:43,852 [INFO] TOP SCORE: 5.374831199645996
2026-04-13 15:49:43,852 [INFO] 📊 RAG: 0 tablas y 5 textos enviados al experto.
2026-04-13 15:49:48,712 [INFO] 📊 [DLB] Generando análisis técnico con qwen2.5:1.5b...
2026-04-13 15:49:48,712 [INFO] 📡 [PNM] Calculando recursos de red con deepseek-r1:1.5b...
2026-04-13 15:49:56,138 [INFO] 🔄 INICIANDO RONDA: 1 | Moderador: gemma2:2b
2026-04-13 15:49:58,582 [INFO] 📊 [DLB] Generando análisis técnico con qwen2.5:1.5b...
2026-04-13 15:49:58,582 [INFO] 📡 [PNM] Calculando recursos de red con deepseek-r1:1.5b...
2026-04-13 15:50:07,483 [INFO] 🔄 INICIANDO RONDA: 2 | Moderador: gemma2:2b
2026-04-13 15:50:09,727 [INFO] 📊 [DLB] Generando análisis técnico con qwen2.5:1.5b...
2026-04-13 15:50:09,727 [INFO] 📡 [PNM] Calculando recursos de red con deepseek-r1:1.5b...
2026-04-13 15:50:14,390 [INFO] 🔄 INICIANDO RONDA: 3 | Moderador: gemma2:2b
2026-04-13 15:50:16,980 [INFO] 📊 [DLB] Generando análisis técnico con qwen2.5:1.5b...
2026-04-13 15:50:16,980 [INFO] 📡 [PNM] Calculando recursos de red con deepseek-r1:1.5b...
2026-04-13 15:50:26,354 [INFO] 🔄 INICIANDO RONDA: 4 | Moderador: gemma2:2b
2026-04-13 15:50:29,602 [INFO] ⚖️ [JUEZ] Generando respuesta consenso con gemma2:2b...
2026-04-13 15:52:29,728 [INFO] 📁 Procesando archivo: a-compact-low-noise-frontend-for-interleaved-rx-tx-arrays-at-k-ka-band_salida.txt
2026-04-13 15:52:29,728 [INFO] 📁 Procesando archivo: a-compact-lowpass-filter-for-satellite-communication-systems-based-on-transfer-function-analysis_salida.txt
2026-04-13 15:52:29,728 [INFO] 📁 Procesando archivo: a-framework-to-classify-heterogeneous-internet-traffic-with-machine-learning-and-deep-learning-techniques-for-satellite-communications_salida.txt
2026-04-13 15:52:29,744 [INFO] 👉 [6] Iniciando debate...
2026-04-13 15:52:29,744 [INFO] 🔄 INICIANDO RONDA: 0 | Moderador: llama3.3:70b
2026-04-13 15:52:32,322 [INFO] TOP SCORE: 1.6124547719955444
2026-04-13 15:52:32,322 [INFO] 📊 RAG: 5 tablas y 5 textos enviados al experto.
2026-04-13 15:54:38,038 [INFO] 📊 [DLB] Generando análisis técnico con deepseek-r1:70b...
2026-04-13 15:54:38,039 [INFO] 📡 [PNM] Calculando recursos de red con qwen2.5:72b...
2026-04-13 16:01:46,024 [INFO] 🔄 INICIANDO RONDA: 1 | Moderador: llama3.3:70b
2026-04-13 16:03:34,559 [INFO] 📊 [DLB] Generando análisis técnico con deepseek-r1:70b...
2026-04-13 16:03:34,559 [INFO] 📡 [PNM] Calculando recursos de red con qwen2.5:72b...
2026-04-13 16:11:02,108 [INFO] 🔄 INICIANDO RONDA: 2 | Moderador: llama3.3:70b
2026-04-13 16:12:45,791 [INFO] 📊 [DLB] Generando análisis técnico con deepseek-r1:70b...
2026-04-13 16:12:45,791 [INFO] 📡 [PNM] Calculando recursos de red con qwen2.5:72b...
2026-04-13 16:20:21,379 [INFO] 🔄 INICIANDO RONDA: 3 | Moderador: llama3.3:70b
2026-04-13 16:21:58,281 [INFO] 📊 [DLB] Generando análisis técnico con deepseek-r1:70b...
2026-04-13 16:21:58,281 [INFO] 📡 [PNM] Calculando recursos de red con qwen2.5:72b...
2026-04-13 16:29:10,891 [INFO] 🔄 INICIANDO RONDA: 4 | Moderador: llama3.3:70b
2026-04-13 16:30:51,506 [INFO] ⚖️ [JUEZ] Generando respuesta consenso con llama3.3:70b...
2026-04-13 16:33:08,928 [INFO]    ✅ Finalizado.
2026-04-13 16:33:09,939 [INFO] 👉 [7] Iniciando debate...
2026-04-13 16:33:09,939 [INFO] 🔄 INICIANDO RONDA: 0 | Moderador: llama3.3:70b
2026-04-13 16:33:12,489 [INFO] TOP SCORE: -0.33143898844718933
2026-04-13 16:33:12,489 [INFO] 📊 RAG: 5 tablas y 5 textos enviados al experto.
2026-04-13 16:35:15,959 [INFO] 📊 [DLB] Generando análisis técnico con deepseek-r1:70b...
2026-04-13 16:35:15,961 [INFO] 📡 [PNM] Calculando recursos de red con qwen2.5:72b...
2026-04-13 16:42:44,487 [INFO] 🔄 INICIANDO RONDA: 1 | Moderador: llama3.3:70b
2026-04-13 16:44:25,199 [INFO] 📊 [DLB] Generando análisis técnico con deepseek-r1:70b...
2026-04-13 16:44:25,199 [INFO] 📡 [PNM] Calculando recursos de red con qwen2.5:72b...
2026-04-13 16:51:05,096 [INFO] 🔄 INICIANDO RONDA: 2 | Moderador: llama3.3:70b
2026-04-13 16:52:45,742 [INFO] 📊 [DLB] Generando análisis técnico con deepseek-r1:70b...
2026-04-13 16:52:45,742 [INFO] 📡 [PNM] Calculando recursos de red con qwen2.5:72b...
2026-04-13 16:59:35,049 [INFO] 🔄 INICIANDO RONDA: 3 | Moderador: llama3.3:70b
2026-04-13 17:01:07,148 [INFO] 📊 [DLB] Generando análisis técnico con deepseek-r1:70b...
2026-04-13 17:01:07,148 [INFO] 📡 [PNM] Calculando recursos de red con qwen2.5:72b...
2026-04-13 17:09:34,539 [INFO] 🔄 INICIANDO RONDA: 4 | Moderador: llama3.3:70b
2026-04-13 17:11:13,749 [INFO] ⚖️ [JUEZ] Generando respuesta consenso con llama3.3:70b...
2026-04-13 17:13:18,756 [INFO]    ✅ Finalizado.
2026-04-13 17:13:19,761 [INFO] 👉 [8] Iniciando debate...
2026-04-13 17:13:19,761 [INFO] 🔄 INICIANDO RONDA: 0 | Moderador: llama3.3:70b
2026-04-13 17:13:22,327 [INFO] TOP SCORE: 0.8279486298561096
2026-04-13 17:13:22,327 [INFO] 📊 RAG: 0 tablas y 5 textos enviados al experto.
2026-04-13 17:26:03,158 [INFO] 📁 Procesando archivo: a-compact-low-noise-frontend-for-interleaved-rx-tx-arrays-at-k-ka-band_salida.txt
2026-04-13 17:26:03,158 [INFO] 📁 Procesando archivo: a-compact-lowpass-filter-for-satellite-communication-systems-based-on-transfer-function-analysis_salida.txt
2026-04-13 17:26:03,158 [INFO] 📁 Procesando archivo: a-framework-to-classify-heterogeneous-internet-traffic-with-machine-learning-and-deep-learning-techniques-for-satellite-communications_salida.txt
2026-04-13 17:26:03,158 [INFO] 👉 [8] Iniciando debate...
2026-04-13 17:26:03,174 [INFO] 🔄 INICIANDO RONDA: 0 | Moderador: llama3.3:70b
2026-04-13 17:26:06,174 [INFO] TOP SCORE: 0.8279486298561096
2026-04-13 17:26:06,174 [INFO] 📊 RAG: 0 tablas y 5 textos enviados al experto.
2026-04-13 17:28:08,345 [INFO] 📊 [DLB] Generando análisis técnico con deepseek-r1:70b...
2026-04-13 17:28:08,346 [INFO] 📡 [PNM] Calculando recursos de red con qwen2.5:72b...
2026-04-13 17:34:13,436 [INFO] 🔄 INICIANDO RONDA: 1 | Moderador: llama3.3:70b
2026-04-13 17:35:52,469 [INFO] 📊 [DLB] Generando análisis técnico con deepseek-r1:70b...
2026-04-13 17:35:52,469 [INFO] 📡 [PNM] Calculando recursos de red con qwen2.5:72b...
2026-04-13 17:42:59,531 [INFO] 🔄 INICIANDO RONDA: 2 | Moderador: llama3.3:70b
2026-04-13 17:44:36,023 [INFO] 📊 [DLB] Generando análisis técnico con deepseek-r1:70b...
2026-04-13 17:44:36,024 [INFO] 📡 [PNM] Calculando recursos de red con qwen2.5:72b...
2026-04-13 17:51:02,038 [INFO] 🔄 INICIANDO RONDA: 3 | Moderador: llama3.3:70b
2026-04-13 17:52:38,515 [INFO] 📊 [DLB] Generando análisis técnico con deepseek-r1:70b...
2026-04-13 17:52:38,515 [INFO] 📡 [PNM] Calculando recursos de red con qwen2.5:72b...
2026-04-13 18:00:18,453 [INFO] 🔄 INICIANDO RONDA: 4 | Moderador: llama3.3:70b
2026-04-13 18:01:56,162 [INFO] ⚖️ [JUEZ] Generando respuesta consenso con llama3.3:70b...
2026-04-13 18:03:52,142 [INFO]    ✅ Finalizado.
2026-04-13 18:03:53,145 [INFO] 👉 [9] Iniciando debate...
2026-04-13 18:03:53,145 [INFO] 🔄 INICIANDO RONDA: 0 | Moderador: llama3.3:70b
2026-04-13 18:03:55,990 [INFO] TOP SCORE: -1.6705405712127686
2026-04-13 18:03:55,990 [INFO] 📊 RAG: 4 tablas y 5 textos enviados al experto.
2026-04-13 18:06:13,938 [INFO] 📊 [DLB] Generando análisis técnico con deepseek-r1:70b...
2026-04-13 18:06:13,939 [INFO] 📡 [PNM] Calculando recursos de red con qwen2.5:72b...
2026-04-13 18:12:22,207 [INFO] 📁 Procesando archivo: a-compact-low-noise-frontend-for-interleaved-rx-tx-arrays-at-k-ka-band_salida.txt
2026-04-13 18:12:22,207 [INFO] 👉 [1] Iniciando debate...
2026-04-13 18:12:22,223 [INFO] 🔄 INICIANDO RONDA: 0 | Moderador: llama3.3:70b
2026-04-13 18:12:24,723 [INFO] TOP SCORE: 1.4195467233657837
2026-04-13 18:12:24,723 [INFO] 📊 RAG: 0 tablas y 5 textos enviados al experto.
2026-04-13 18:14:37,987 [INFO] 📊 [DLB] Generando análisis técnico con llama3.3:70b...
2026-04-13 18:14:37,987 [INFO] 📡 [PNM] Calculando recursos de red con llama3.3:70b...
2026-04-13 18:15:37,749 [INFO] 🔄 INICIANDO RONDA: 1 | Moderador: llama3.3:70b
2026-04-13 18:15:58,102 [INFO] 📊 [DLB] Generando análisis técnico con llama3.3:70b...
2026-04-13 18:15:58,102 [INFO] 📡 [PNM] Calculando recursos de red con llama3.3:70b...
2026-04-13 18:17:02,699 [INFO] 🔄 INICIANDO RONDA: 2 | Moderador: llama3.3:70b
2026-04-13 18:17:28,547 [INFO] 📊 [DLB] Generando análisis técnico con llama3.3:70b...
2026-04-13 18:17:28,547 [INFO] 📡 [PNM] Calculando recursos de red con llama3.3:70b...
2026-04-13 18:18:38,580 [INFO] 🔄 INICIANDO RONDA: 3 | Moderador: llama3.3:70b
2026-04-13 18:19:01,967 [INFO] 📊 [DLB] Generando análisis técnico con llama3.3:70b...
2026-04-13 18:19:01,967 [INFO] 📡 [PNM] Calculando recursos de red con llama3.3:70b...
2026-04-13 18:20:10,725 [INFO] 🔄 INICIANDO RONDA: 4 | Moderador: llama3.3:70b
2026-04-13 18:20:33,802 [INFO] ⚖️ [MODERADOR] Generando respuesta consenso con llama3.3:70b...
2026-04-13 18:21:48,588 [INFO]    ✅ Finalizado.
2026-04-13 18:21:49,593 [INFO] 📁 Procesando archivo: a-compact-lowpass-filter-for-satellite-communication-systems-based-on-transfer-function-analysis_salida.txt
2026-04-13 18:21:49,593 [INFO] 👉 [2] Iniciando debate...
2026-04-13 18:21:49,593 [INFO] 🔄 INICIANDO RONDA: 0 | Moderador: llama3.3:70b
2026-04-13 18:21:52,077 [INFO] TOP SCORE: 2.5584475994110107
2026-04-13 18:21:52,077 [INFO] 📊 RAG: 0 tablas y 5 textos enviados al experto.
2026-04-13 18:23:09,586 [INFO] 📊 [DLB] Generando análisis técnico con llama3.3:70b...
2026-04-13 18:23:09,588 [INFO] 📡 [PNM] Calculando recursos de red con llama3.3:70b...
2026-04-13 18:24:05,028 [INFO] 🔄 INICIANDO RONDA: 1 | Moderador: llama3.3:70b
2026-04-13 18:24:27,099 [INFO] 📊 [DLB] Generando análisis técnico con llama3.3:70b...
2026-04-13 18:24:27,099 [INFO] 📡 [PNM] Calculando recursos de red con llama3.3:70b...
2026-04-13 18:25:24,946 [INFO] 🔄 INICIANDO RONDA: 2 | Moderador: llama3.3:70b
2026-04-13 18:25:48,983 [INFO] 📊 [DLB] Generando análisis técnico con llama3.3:70b...
2026-04-13 18:25:48,983 [INFO] 📡 [PNM] Calculando recursos de red con llama3.3:70b...
2026-04-13 18:26:36,865 [INFO] 🔄 INICIANDO RONDA: 3 | Moderador: llama3.3:70b
2026-04-13 18:27:00,234 [INFO] 📊 [DLB] Generando análisis técnico con llama3.3:70b...
2026-04-13 18:27:00,234 [INFO] 📡 [PNM] Calculando recursos de red con llama3.3:70b...
2026-04-13 18:27:56,788 [INFO] 🔄 INICIANDO RONDA: 4 | Moderador: llama3.3:70b
2026-04-13 18:28:24,116 [INFO] ⚖️ [MODERADOR] Generando respuesta consenso con llama3.3:70b...
2026-04-13 18:29:22,068 [INFO]    ✅ Finalizado.
2026-04-13 18:29:23,079 [INFO] 👉 [3] Iniciando debate...
2026-04-13 18:29:23,079 [INFO] 🔄 INICIANDO RONDA: 0 | Moderador: llama3.3:70b
2026-04-13 18:29:25,704 [INFO] TOP SCORE: -3.2043278217315674
2026-04-13 18:29:25,704 [INFO] 📊 RAG: 0 tablas y 5 textos enviados al experto.
2026-04-13 18:30:50,906 [INFO] 📊 [DLB] Generando análisis técnico con llama3.3:70b...
2026-04-13 18:30:50,906 [INFO] 📡 [PNM] Calculando recursos de red con llama3.3:70b...
2026-04-13 18:31:49,325 [INFO] 🔄 INICIANDO RONDA: 1 | Moderador: llama3.3:70b
2026-04-13 18:32:07,413 [INFO] 📊 [DLB] Generando análisis técnico con llama3.3:70b...
2026-04-13 18:32:07,413 [INFO] 📡 [PNM] Calculando recursos de red con llama3.3:70b...
2026-04-13 18:33:06,309 [INFO] 🔄 INICIANDO RONDA: 2 | Moderador: llama3.3:70b
2026-04-13 18:33:31,971 [INFO] 📊 [DLB] Generando análisis técnico con llama3.3:70b...
2026-04-13 18:33:31,971 [INFO] 📡 [PNM] Calculando recursos de red con llama3.3:70b...
2026-04-13 18:34:28,995 [INFO] 🔄 INICIANDO RONDA: 3 | Moderador: llama3.3:70b
2026-04-13 18:34:46,507 [INFO] 📊 [DLB] Generando análisis técnico con llama3.3:70b...
2026-04-13 18:34:46,507 [INFO] 📡 [PNM] Calculando recursos de red con llama3.3:70b...
2026-04-13 18:35:46,427 [INFO] 🔄 INICIANDO RONDA: 4 | Moderador: llama3.3:70b
2026-04-13 18:36:03,507 [INFO] ⚖️ [MODERADOR] Generando respuesta consenso con llama3.3:70b...
2026-04-13 18:37:07,352 [INFO]    ✅ Finalizado.
2026-04-13 18:37:08,365 [INFO] 👉 [4] Iniciando debate...
2026-04-13 18:37:08,365 [INFO] 🔄 INICIANDO RONDA: 0 | Moderador: llama3.3:70b
2026-04-13 18:37:10,866 [INFO] TOP SCORE: 1.0363569259643555
2026-04-13 18:37:10,866 [INFO] 📊 RAG: 0 tablas y 5 textos enviados al experto.
2026-04-13 18:38:48,996 [INFO] 📊 [DLB] Generando análisis técnico con llama3.3:70b...
2026-04-13 18:38:48,996 [INFO] 📡 [PNM] Calculando recursos de red con llama3.3:70b...
2026-04-13 18:39:45,726 [INFO] 🔄 INICIANDO RONDA: 1 | Moderador: llama3.3:70b
2026-04-13 18:40:08,195 [INFO] 📊 [DLB] Generando análisis técnico con llama3.3:70b...
2026-04-13 18:40:08,195 [INFO] 📡 [PNM] Calculando recursos de red con llama3.3:70b...
2026-04-13 18:41:12,329 [INFO] 🔄 INICIANDO RONDA: 2 | Moderador: llama3.3:70b
2026-04-13 18:41:35,433 [INFO] 📊 [DLB] Generando análisis técnico con llama3.3:70b...
2026-04-13 18:41:35,433 [INFO] 📡 [PNM] Calculando recursos de red con llama3.3:70b...
2026-04-13 18:42:27,193 [INFO] 🔄 INICIANDO RONDA: 3 | Moderador: llama3.3:70b
2026-04-13 18:42:51,569 [INFO] 📊 [DLB] Generando análisis técnico con llama3.3:70b...
2026-04-13 18:42:51,569 [INFO] 📡 [PNM] Calculando recursos de red con llama3.3:70b...
2026-04-13 18:43:50,331 [INFO] 🔄 INICIANDO RONDA: 4 | Moderador: llama3.3:70b
2026-04-13 18:44:11,599 [INFO] ⚖️ [MODERADOR] Generando respuesta consenso con llama3.3:70b...
2026-04-13 18:45:04,123 [INFO]    ✅ Finalizado.
2026-04-13 18:45:05,127 [INFO] 👉 [5] Iniciando debate...
2026-04-13 18:45:05,127 [INFO] 🔄 INICIANDO RONDA: 0 | Moderador: llama3.3:70b
2026-04-13 18:45:08,612 [INFO] TOP SCORE: -2.4963417053222656
2026-04-13 18:45:08,612 [INFO] 📊 RAG: 1 tablas y 5 textos enviados al experto.
2026-04-13 18:46:44,680 [INFO] 📊 [DLB] Generando análisis técnico con llama3.3:70b...
2026-04-13 18:46:44,680 [INFO] 📡 [PNM] Calculando recursos de red con llama3.3:70b...
2026-04-13 18:47:46,207 [INFO] 🔄 INICIANDO RONDA: 1 | Moderador: llama3.3:70b
2026-04-13 18:48:05,901 [INFO] 📊 [DLB] Generando análisis técnico con llama3.3:70b...
2026-04-13 18:48:05,901 [INFO] 📡 [PNM] Calculando recursos de red con llama3.3:70b...
2026-04-13 18:49:02,414 [INFO] 🔄 INICIANDO RONDA: 2 | Moderador: llama3.3:70b
2026-04-13 18:49:25,291 [INFO] 📊 [DLB] Generando análisis técnico con llama3.3:70b...
2026-04-13 18:49:25,291 [INFO] 📡 [PNM] Calculando recursos de red con llama3.3:70b...
2026-04-13 18:50:28,148 [INFO] 🔄 INICIANDO RONDA: 3 | Moderador: llama3.3:70b
2026-04-13 18:50:49,186 [INFO] 📊 [DLB] Generando análisis técnico con llama3.3:70b...
2026-04-13 18:50:49,186 [INFO] 📡 [PNM] Calculando recursos de red con llama3.3:70b...
2026-04-13 18:51:47,792 [INFO] 🔄 INICIANDO RONDA: 4 | Moderador: llama3.3:70b
2026-04-13 18:52:07,847 [INFO] ⚖️ [MODERADOR] Generando respuesta consenso con llama3.3:70b...
2026-04-13 18:53:21,857 [INFO]    ✅ Finalizado.
2026-04-13 18:53:22,868 [INFO] 📁 Procesando archivo: a-framework-to-classify-heterogeneous-internet-traffic-with-machine-learning-and-deep-learning-techniques-for-satellite-communications_salida.txt
2026-04-13 18:53:22,868 [INFO] 👉 [6] Iniciando debate...
2026-04-13 18:53:22,868 [INFO] 🔄 INICIANDO RONDA: 0 | Moderador: llama3.3:70b
2026-04-13 18:53:25,399 [INFO] TOP SCORE: 1.6124547719955444
2026-04-13 18:53:25,415 [INFO] 📊 RAG: 5 tablas y 5 textos enviados al experto.
2026-04-13 18:55:20,785 [INFO] 📊 [DLB] Generando análisis técnico con llama3.3:70b...
2026-04-13 18:55:20,785 [INFO] 📡 [PNM] Calculando recursos de red con llama3.3:70b...
2026-04-13 18:56:42,916 [INFO] 🔄 INICIANDO RONDA: 1 | Moderador: llama3.3:70b
2026-04-13 18:57:06,804 [INFO] 📊 [DLB] Generando análisis técnico con llama3.3:70b...
2026-04-13 18:57:06,804 [INFO] 📡 [PNM] Calculando recursos de red con llama3.3:70b...
2026-04-13 18:58:20,626 [INFO] 🔄 INICIANDO RONDA: 2 | Moderador: llama3.3:70b
2026-04-13 18:58:47,540 [INFO] 📊 [DLB] Generando análisis técnico con llama3.3:70b...
2026-04-13 18:58:47,540 [INFO] 📡 [PNM] Calculando recursos de red con llama3.3:70b...
2026-04-13 18:59:57,745 [INFO] 🔄 INICIANDO RONDA: 3 | Moderador: llama3.3:70b
2026-04-13 19:00:20,449 [INFO] 📊 [DLB] Generando análisis técnico con llama3.3:70b...
2026-04-13 19:00:20,449 [INFO] 📡 [PNM] Calculando recursos de red con llama3.3:70b...
2026-04-13 19:01:35,896 [INFO] 🔄 INICIANDO RONDA: 4 | Moderador: llama3.3:70b
2026-04-13 19:01:58,074 [INFO] ⚖️ [MODERADOR] Generando respuesta consenso con llama3.3:70b...
2026-04-13 19:03:08,382 [INFO]    ✅ Finalizado.
2026-04-13 19:03:09,390 [INFO] 👉 [7] Iniciando debate...
2026-04-13 19:03:09,390 [INFO] 🔄 INICIANDO RONDA: 0 | Moderador: llama3.3:70b
2026-04-13 19:03:11,937 [INFO] TOP SCORE: -0.33143898844718933
2026-04-13 19:03:11,937 [INFO] 📊 RAG: 5 tablas y 5 textos enviados al experto.
2026-04-13 19:04:52,159 [INFO] 📊 [DLB] Generando análisis técnico con llama3.3:70b...
2026-04-13 19:04:52,159 [INFO] 📡 [PNM] Calculando recursos de red con llama3.3:70b...
2026-04-13 19:06:10,072 [INFO] 🔄 INICIANDO RONDA: 1 | Moderador: llama3.3:70b
2026-04-13 19:06:29,494 [INFO] 📊 [DLB] Generando análisis técnico con llama3.3:70b...
2026-04-13 19:06:29,494 [INFO] 📡 [PNM] Calculando recursos de red con llama3.3:70b...
2026-04-14 17:12:36,483 [INFO] 📁 Procesando archivo: a-compact-low-noise-frontend-for-interleaved-rx-tx-arrays-at-k-ka-band_salida.txt
2026-04-14 17:12:36,483 [INFO] 📁 Procesando archivo: a-compact-lowpass-filter-for-satellite-communication-systems-based-on-transfer-function-analysis_salida.txt
2026-04-14 17:12:36,483 [INFO] 📁 Procesando archivo: a-framework-to-classify-heterogeneous-internet-traffic-with-machine-learning-and-deep-learning-techniques-for-satellite-communications_salida.txt
2026-04-14 17:12:36,499 [INFO] 👉 [9] Iniciando debate...
2026-04-14 17:12:36,530 [INFO] 🔄 INICIANDO RONDA: 0 | Moderador: llama3.3:70b
2026-04-14 17:12:39,624 [INFO] TOP SCORE: -1.6705405712127686
2026-04-14 17:12:39,624 [INFO] 📊 RAG: 4 tablas y 5 textos enviados al experto.
2026-04-14 17:14:54,105 [INFO] 📊 [DLB] Generando análisis técnico con deepseek-r1:70b...
2026-04-14 17:14:54,106 [INFO] 📡 [PNM] Calculando recursos de red con qwen2.5:72b...
2026-04-14 17:19:38,887 [INFO] 🔄 INICIANDO RONDA: 1 | Moderador: llama3.3:70b
2026-04-14 17:20:35,107 [INFO] 📊 [DLB] Generando análisis técnico con deepseek-r1:70b...
2026-04-14 17:20:35,107 [INFO] 📡 [PNM] Calculando recursos de red con qwen2.5:72b...
2026-04-14 17:25:50,252 [INFO] 🔄 INICIANDO RONDA: 2 | Moderador: llama3.3:70b
2026-04-14 17:26:51,161 [INFO] 📊 [DLB] Generando análisis técnico con deepseek-r1:70b...
2026-04-14 17:26:51,161 [INFO] 📡 [PNM] Calculando recursos de red con qwen2.5:72b...
2026-04-14 17:32:54,872 [INFO] 🔄 INICIANDO RONDA: 3 | Moderador: llama3.3:70b
2026-04-14 17:33:53,195 [INFO] 📊 [DLB] Generando análisis técnico con deepseek-r1:70b...
2026-04-14 17:33:53,196 [INFO] 📡 [PNM] Calculando recursos de red con qwen2.5:72b...
2026-04-14 17:39:16,072 [INFO] 🔄 INICIANDO RONDA: 4 | Moderador: llama3.3:70b
2026-04-14 17:40:14,043 [INFO] ⚖️ [MODERADOR] Generando respuesta consenso con llama3.3:70b...
2026-04-14 17:42:01,259 [INFO]    ✅ Finalizado.
2026-04-14 17:42:02,271 [INFO] 👉 [10] Iniciando debate...
2026-04-14 17:42:02,272 [INFO] 🔄 INICIANDO RONDA: 0 | Moderador: llama3.3:70b
2026-04-14 17:42:04,789 [INFO] TOP SCORE: 2.3981456756591797
2026-04-14 17:42:04,789 [INFO] 📊 RAG: 0 tablas y 5 textos enviados al experto.
2026-04-14 17:44:00,829 [INFO] 📊 [DLB] Generando análisis técnico con deepseek-r1:70b...
2026-04-14 17:44:00,830 [INFO] 📡 [PNM] Calculando recursos de red con qwen2.5:72b...
2026-04-14 17:49:24,134 [INFO] 🔄 INICIANDO RONDA: 1 | Moderador: llama3.3:70b
2026-04-14 17:50:30,265 [INFO] 📊 [DLB] Generando análisis técnico con deepseek-r1:70b...
2026-04-14 17:50:30,266 [INFO] 📡 [PNM] Calculando recursos de red con qwen2.5:72b...
2026-04-14 17:55:46,787 [INFO] 🔄 INICIANDO RONDA: 2 | Moderador: llama3.3:70b
2026-04-14 17:56:51,580 [INFO] 📊 [DLB] Generando análisis técnico con deepseek-r1:70b...
2026-04-14 17:56:51,580 [INFO] 📡 [PNM] Calculando recursos de red con qwen2.5:72b...
2026-04-14 18:02:33,312 [INFO] 🔄 INICIANDO RONDA: 3 | Moderador: llama3.3:70b
2026-04-14 18:03:35,454 [INFO] 📊 [DLB] Generando análisis técnico con deepseek-r1:70b...
2026-04-14 18:03:35,454 [INFO] 📡 [PNM] Calculando recursos de red con qwen2.5:72b...
2026-04-14 18:08:57,329 [INFO] 🔄 INICIANDO RONDA: 4 | Moderador: llama3.3:70b
2026-04-14 18:09:53,944 [INFO] ⚖️ [MODERADOR] Generando respuesta consenso con llama3.3:70b...
2026-04-14 18:11:31,932 [INFO]    ✅ Finalizado.
2026-04-14 18:11:32,942 [INFO] 👉 [11] Iniciando debate...
2026-04-14 18:11:32,942 [INFO] 🔄 INICIANDO RONDA: 0 | Moderador: llama3.3:70b
2026-04-14 18:11:35,397 [INFO] TOP SCORE: 2.283893585205078
2026-04-14 18:11:35,397 [INFO] 📊 RAG: 0 tablas y 5 textos enviados al experto.
2026-04-14 18:27:56,768 [INFO] 📁 Procesando archivo: a-compact-low-noise-frontend-for-interleaved-rx-tx-arrays-at-k-ka-band_salida.txt
2026-04-14 18:27:56,768 [INFO] 👉 [1] Iniciando debate...
2026-04-14 18:27:56,815 [INFO] 🔄 INICIANDO RONDA: 0 | Moderador: llama3.3:70b
2026-04-14 18:27:59,565 [INFO] TOP SCORE: 1.4195467233657837
2026-04-14 18:27:59,565 [INFO] 📊 RAG: 0 tablas y 5 textos enviados al experto.
2026-04-14 18:28:59,033 [INFO] 📊 [DLB] Generando análisis técnico con deepseek-r1:70b...
2026-04-14 18:28:59,034 [INFO] 📡 [PNM] Calculando recursos de red con qwen2.5:72b...
2026-04-14 18:33:08,699 [INFO] 🔄 INICIANDO RONDA: 1 | Moderador: llama3.3:70b
2026-04-14 18:34:08,792 [INFO] 📊 [DLB] Generando análisis técnico con deepseek-r1:70b...
2026-04-14 18:34:08,792 [INFO] 📡 [PNM] Calculando recursos de red con qwen2.5:72b...
2026-04-14 18:41:36,352 [INFO] 🔄 INICIANDO RONDA: 2 | Moderador: llama3.3:70b
2026-04-14 18:42:35,121 [INFO] 📊 [DLB] Generando análisis técnico con deepseek-r1:70b...
2026-04-14 18:42:35,122 [INFO] 📡 [PNM] Calculando recursos de red con qwen2.5:72b...
2026-04-14 18:47:38,567 [INFO] 🔄 INICIANDO RONDA: 3 | Moderador: llama3.3:70b
2026-04-14 18:48:36,930 [INFO] 📊 [DLB] Generando análisis técnico con deepseek-r1:70b...
2026-04-14 18:48:36,930 [INFO] 📡 [PNM] Calculando recursos de red con qwen2.5:72b...
2026-04-14 18:55:26,951 [INFO] 🔄 INICIANDO RONDA: 4 | Moderador: llama3.3:70b
2026-04-14 18:56:29,497 [INFO] ⚖️ [MODERADOR] Generando respuesta consenso con llama3.3:70b...
2026-04-14 18:58:03,975 [INFO]    ✅ Finalizado.
2026-04-14 18:58:04,990 [INFO] 📁 Procesando archivo: a-compact-lowpass-filter-for-satellite-communication-systems-based-on-transfer-function-analysis_salida.txt
2026-04-14 18:58:04,990 [INFO] 👉 [2] Iniciando debate...
2026-04-14 18:58:04,990 [INFO] 🔄 INICIANDO RONDA: 0 | Moderador: llama3.3:70b
2026-04-14 18:58:07,555 [INFO] TOP SCORE: 2.5584475994110107
2026-04-14 18:58:07,555 [INFO] 📊 RAG: 0 tablas y 5 textos enviados al experto.
2026-04-14 19:10:20,023 [INFO] 📁 Procesando archivo: a-compact-low-noise-frontend-for-interleaved-rx-tx-arrays-at-k-ka-band_salida.txt
2026-04-14 19:10:20,023 [INFO] 📁 Procesando archivo: a-compact-lowpass-filter-for-satellite-communication-systems-based-on-transfer-function-analysis_salida.txt
2026-04-14 19:10:20,023 [INFO] 📁 Procesando archivo: a-framework-to-classify-heterogeneous-internet-traffic-with-machine-learning-and-deep-learning-techniques-for-satellite-communications_salida.txt
2026-04-14 19:10:20,023 [INFO] 👉 [7] Iniciando debate...
2026-04-14 19:10:20,039 [INFO] 🔄 INICIANDO RONDA: 0 | Moderador: llama3.3:70b
2026-04-14 19:10:22,961 [INFO] TOP SCORE: -0.33143898844718933
2026-04-14 19:10:22,961 [INFO] 📊 RAG: 5 tablas y 5 textos enviados al experto.
2026-04-14 19:11:34,895 [INFO] 📊 [DLB] Generando análisis técnico con llama3.3:70b...
2026-04-14 19:11:34,895 [INFO] 📡 [PNM] Calculando recursos de red con llama3.3:70b...
2026-04-14 19:12:47,682 [INFO] 🔄 INICIANDO RONDA: 1 | Moderador: llama3.3:70b
2026-04-14 19:13:07,946 [INFO] 📊 [DLB] Generando análisis técnico con llama3.3:70b...
2026-04-14 19:13:07,946 [INFO] 📡 [PNM] Calculando recursos de red con llama3.3:70b...
2026-04-14 19:14:15,982 [INFO] 🔄 INICIANDO RONDA: 2 | Moderador: llama3.3:70b
2026-04-14 19:14:35,298 [INFO] 📊 [DLB] Generando análisis técnico con llama3.3:70b...
2026-04-14 19:14:35,298 [INFO] 📡 [PNM] Calculando recursos de red con llama3.3:70b...
2026-04-14 19:15:46,347 [INFO] 🔄 INICIANDO RONDA: 3 | Moderador: llama3.3:70b
2026-04-14 19:16:05,564 [INFO] 📊 [DLB] Generando análisis técnico con llama3.3:70b...
2026-04-14 19:16:05,564 [INFO] 📡 [PNM] Calculando recursos de red con llama3.3:70b...
2026-04-14 19:17:16,028 [INFO] 🔄 INICIANDO RONDA: 4 | Moderador: llama3.3:70b
2026-04-14 19:17:36,681 [INFO] ⚖️ [MODERADOR] Generando respuesta consenso con llama3.3:70b...
2026-04-14 19:18:37,303 [INFO]    ✅ Finalizado.
2026-04-14 19:18:38,310 [INFO] 👉 [8] Iniciando debate...
2026-04-14 19:18:38,310 [INFO] 🔄 INICIANDO RONDA: 0 | Moderador: llama3.3:70b
2026-04-14 19:18:40,779 [INFO] TOP SCORE: 0.8279486298561096
2026-04-14 19:18:40,779 [INFO] 📊 RAG: 0 tablas y 5 textos enviados al experto.
2026-04-14 19:19:05,016 [INFO] 📊 [DLB] Generando análisis técnico con llama3.3:70b...
2026-04-14 19:19:05,016 [INFO] 📡 [PNM] Calculando recursos de red con llama3.3:70b...
2026-04-14 19:19:47,929 [INFO] 🔄 INICIANDO RONDA: 1 | Moderador: llama3.3:70b
2026-04-14 19:20:09,577 [INFO] 📊 [DLB] Generando análisis técnico con llama3.3:70b...
2026-04-14 19:20:09,577 [INFO] 📡 [PNM] Calculando recursos de red con llama3.3:70b...
2026-04-14 19:20:51,958 [INFO] 🔄 INICIANDO RONDA: 2 | Moderador: llama3.3:70b
2026-04-14 19:21:12,323 [INFO] 📊 [DLB] Generando análisis técnico con llama3.3:70b...
2026-04-14 19:21:12,323 [INFO] 📡 [PNM] Calculando recursos de red con llama3.3:70b...
2026-04-14 19:21:55,613 [INFO] 🔄 INICIANDO RONDA: 3 | Moderador: llama3.3:70b
2026-04-14 19:22:15,550 [INFO] 📊 [DLB] Generando análisis técnico con llama3.3:70b...
2026-04-14 19:22:15,550 [INFO] 📡 [PNM] Calculando recursos de red con llama3.3:70b...
2026-04-14 19:23:02,818 [INFO] 🔄 INICIANDO RONDA: 4 | Moderador: llama3.3:70b
2026-04-14 19:23:21,678 [INFO] ⚖️ [MODERADOR] Generando respuesta consenso con llama3.3:70b...
2026-04-14 19:24:08,470 [INFO]    ✅ Finalizado.
2026-04-14 19:24:09,470 [INFO] 👉 [9] Iniciando debate...
2026-04-14 19:24:09,470 [INFO] 🔄 INICIANDO RONDA: 0 | Moderador: llama3.3:70b
2026-04-14 19:24:11,986 [INFO] TOP SCORE: -1.6705405712127686
2026-04-14 19:24:11,986 [INFO] 📊 RAG: 4 tablas y 5 textos enviados al experto.
2026-04-14 19:24:49,755 [INFO] 📊 [DLB] Generando análisis técnico con llama3.3:70b...
2026-04-14 19:24:49,755 [INFO] 📡 [PNM] Calculando recursos de red con llama3.3:70b...
2026-04-14 19:26:06,803 [INFO] 🔄 INICIANDO RONDA: 1 | Moderador: llama3.3:70b
2026-04-14 19:26:27,366 [INFO] 📊 [DLB] Generando análisis técnico con llama3.3:70b...
2026-04-14 19:26:27,366 [INFO] 📡 [PNM] Calculando recursos de red con llama3.3:70b...
2026-04-14 19:27:36,542 [INFO] 🔄 INICIANDO RONDA: 2 | Moderador: llama3.3:70b
2026-04-14 19:27:56,318 [INFO] 📊 [DLB] Generando análisis técnico con llama3.3:70b...
2026-04-14 19:27:56,318 [INFO] 📡 [PNM] Calculando recursos de red con llama3.3:70b...
2026-04-14 19:29:00,686 [INFO] 🔄 INICIANDO RONDA: 3 | Moderador: llama3.3:70b
2026-04-14 19:29:19,632 [INFO] 📊 [DLB] Generando análisis técnico con llama3.3:70b...
2026-04-14 19:29:19,632 [INFO] 📡 [PNM] Calculando recursos de red con llama3.3:70b...
2026-04-14 19:30:30,332 [INFO] 🔄 INICIANDO RONDA: 4 | Moderador: llama3.3:70b
2026-04-14 19:30:50,106 [INFO] ⚖️ [MODERADOR] Generando respuesta consenso con llama3.3:70b...
2026-04-14 19:31:53,266 [INFO]    ✅ Finalizado.
2026-04-14 19:31:54,278 [INFO] 👉 [10] Iniciando debate...
2026-04-14 19:31:54,278 [INFO] 🔄 INICIANDO RONDA: 0 | Moderador: llama3.3:70b
2026-04-14 19:31:56,731 [INFO] TOP SCORE: 2.3981456756591797
2026-04-14 19:31:56,731 [INFO] 📊 RAG: 0 tablas y 5 textos enviados al experto.
2026-04-14 19:32:23,156 [INFO] 📊 [DLB] Generando análisis técnico con llama3.3:70b...
2026-04-14 19:32:23,156 [INFO] 📡 [PNM] Calculando recursos de red con llama3.3:70b...
2026-04-14 19:33:20,798 [INFO] 🔄 INICIANDO RONDA: 1 | Moderador: llama3.3:70b
2026-04-14 19:33:38,556 [INFO] 📊 [DLB] Generando análisis técnico con llama3.3:70b...
2026-04-14 19:33:38,556 [INFO] 📡 [PNM] Calculando recursos de red con llama3.3:70b...
2026-04-14 19:34:33,336 [INFO] 🔄 INICIANDO RONDA: 2 | Moderador: llama3.3:70b
2026-04-14 19:34:54,037 [INFO] 📊 [DLB] Generando análisis técnico con llama3.3:70b...
2026-04-14 19:34:54,037 [INFO] 📡 [PNM] Calculando recursos de red con llama3.3:70b...
2026-04-14 19:35:51,349 [INFO] 🔄 INICIANDO RONDA: 3 | Moderador: llama3.3:70b
2026-04-14 19:36:12,368 [INFO] 📊 [DLB] Generando análisis técnico con llama3.3:70b...
2026-04-14 19:36:12,368 [INFO] 📡 [PNM] Calculando recursos de red con llama3.3:70b...
2026-04-14 19:37:03,956 [INFO] 🔄 INICIANDO RONDA: 4 | Moderador: llama3.3:70b
2026-04-14 19:37:21,422 [INFO] ⚖️ [MODERADOR] Generando respuesta consenso con llama3.3:70b...
2026-04-14 19:38:12,737 [INFO]    ✅ Finalizado.
2026-04-14 19:38:13,745 [INFO] 👉 [11] Iniciando debate...
2026-04-14 19:38:13,745 [INFO] 🔄 INICIANDO RONDA: 0 | Moderador: llama3.3:70b
2026-04-14 19:38:16,104 [INFO] TOP SCORE: 2.283893585205078
2026-04-14 19:38:16,104 [INFO] 📊 RAG: 0 tablas y 5 textos enviados al experto.
2026-04-14 19:38:42,018 [INFO] 📊 [DLB] Generando análisis técnico con llama3.3:70b...
2026-04-14 19:38:42,018 [INFO] 📡 [PNM] Calculando recursos de red con llama3.3:70b...
2026-04-14 19:39:24,380 [INFO] 🔄 INICIANDO RONDA: 1 | Moderador: llama3.3:70b
2026-04-14 19:39:46,463 [INFO] 📊 [DLB] Generando análisis técnico con llama3.3:70b...
2026-04-14 19:39:46,463 [INFO] 📡 [PNM] Calculando recursos de red con llama3.3:70b...
2026-04-14 19:40:33,771 [INFO] 🔄 INICIANDO RONDA: 2 | Moderador: llama3.3:70b
2026-04-14 19:40:54,487 [INFO] 📊 [DLB] Generando análisis técnico con llama3.3:70b...
2026-04-14 19:40:54,487 [INFO] 📡 [PNM] Calculando recursos de red con llama3.3:70b...
2026-04-14 19:41:42,528 [INFO] 🔄 INICIANDO RONDA: 3 | Moderador: llama3.3:70b
2026-04-14 19:42:01,847 [INFO] 📊 [DLB] Generando análisis técnico con llama3.3:70b...
2026-04-14 19:42:01,847 [INFO] 📡 [PNM] Calculando recursos de red con llama3.3:70b...
2026-04-14 19:42:45,372 [INFO] 🔄 INICIANDO RONDA: 4 | Moderador: llama3.3:70b
2026-04-14 19:43:03,914 [INFO] ⚖️ [MODERADOR] Generando respuesta consenso con llama3.3:70b...
2026-04-14 19:43:46,962 [INFO]    ✅ Finalizado.
2026-04-14 19:43:47,972 [INFO] 👉 [12] Iniciando debate...
2026-04-14 19:43:47,972 [INFO] 🔄 INICIANDO RONDA: 0 | Moderador: llama3.3:70b
2026-04-14 19:43:50,410 [INFO] TOP SCORE: 1.3480300903320312
2026-04-14 19:43:50,410 [INFO] 📊 RAG: 0 tablas y 5 textos enviados al experto.
2026-04-14 21:19:07,152 [INFO] 📁 Procesando archivo: a-compact-low-noise-frontend-for-interleaved-rx-tx-arrays-at-k-ka-band_salida.txt
2026-04-14 21:19:07,168 [INFO] 📁 Procesando archivo: a-compact-lowpass-filter-for-satellite-communication-systems-based-on-transfer-function-analysis_salida.txt
2026-04-14 21:19:07,183 [INFO] 📁 Procesando archivo: a-framework-to-classify-heterogeneous-internet-traffic-with-machine-learning-and-deep-learning-techniques-for-satellite-communications_salida.txt
2026-04-14 21:19:07,183 [INFO] 👉 [11] Iniciando debate...
2026-04-14 21:19:07,230 [INFO] 🔄 INICIANDO RONDA: 0 | Moderador: llama3.3:70b
2026-04-14 21:19:10,011 [INFO] TOP SCORE: 2.283893585205078
2026-04-14 21:19:10,011 [INFO] 📊 RAG: 0 tablas y 5 textos enviados al experto.
2026-04-14 21:20:07,431 [INFO] 📊 [DLB] Generando análisis técnico con deepseek-r1:70b...
2026-04-14 21:20:07,432 [INFO] 📡 [PNM] Calculando recursos de red con qwen2.5:72b...
2026-04-14 21:23:54,548 [INFO] 🔄 INICIANDO RONDA: 1 | Moderador: llama3.3:70b
2026-04-14 21:24:45,908 [INFO] 📊 [DLB] Generando análisis técnico con deepseek-r1:70b...
2026-04-14 21:24:45,908 [INFO] 📡 [PNM] Calculando recursos de red con qwen2.5:72b...
2026-04-14 21:28:13,108 [INFO] 🔄 INICIANDO RONDA: 2 | Moderador: llama3.3:70b
2026-04-14 21:29:08,745 [INFO] 📊 [DLB] Generando análisis técnico con deepseek-r1:70b...
2026-04-14 21:29:08,745 [INFO] 📡 [PNM] Calculando recursos de red con qwen2.5:72b...
2026-04-14 21:32:51,051 [INFO] 🔄 INICIANDO RONDA: 3 | Moderador: llama3.3:70b
2026-04-14 21:33:49,619 [INFO] 📊 [DLB] Generando análisis técnico con deepseek-r1:70b...
2026-04-14 21:33:49,619 [INFO] 📡 [PNM] Calculando recursos de red con qwen2.5:72b...
2026-04-14 21:37:24,842 [INFO] 🔄 INICIANDO RONDA: 4 | Moderador: llama3.3:70b
2026-04-14 21:38:20,165 [INFO] ⚖️ [MODERADOR] Generando respuesta consenso con llama3.3:70b...
2026-04-14 21:39:45,440 [INFO]    ✅ Finalizado.
2026-04-14 21:39:46,450 [INFO] 👉 [12] Iniciando debate...
2026-04-14 21:39:46,453 [INFO] 🔄 INICIANDO RONDA: 0 | Moderador: llama3.3:70b
2026-04-14 21:39:48,906 [INFO] TOP SCORE: 1.3480300903320312
2026-04-14 21:39:48,906 [INFO] 📊 RAG: 0 tablas y 5 textos enviados al experto.
2026-04-14 21:40:48,678 [INFO] 📊 [DLB] Generando análisis técnico con deepseek-r1:70b...
2026-04-14 21:40:48,679 [INFO] 📡 [PNM] Calculando recursos de red con qwen2.5:72b...
2026-04-14 21:44:37,046 [INFO] 🔄 INICIANDO RONDA: 1 | Moderador: llama3.3:70b
2026-04-14 21:45:31,476 [INFO] 📊 [DLB] Generando análisis técnico con deepseek-r1:70b...
2026-04-14 21:45:31,477 [INFO] 📡 [PNM] Calculando recursos de red con qwen2.5:72b...
2026-04-14 21:50:34,101 [INFO] 🔄 INICIANDO RONDA: 2 | Moderador: llama3.3:70b
2026-04-14 21:51:31,823 [INFO] 📊 [DLB] Generando análisis técnico con deepseek-r1:70b...
2026-04-14 21:51:31,824 [INFO] 📡 [PNM] Calculando recursos de red con qwen2.5:72b...
2026-04-14 21:55:23,362 [INFO] 🔄 INICIANDO RONDA: 3 | Moderador: llama3.3:70b
2026-04-14 21:56:20,709 [INFO] 📊 [DLB] Generando análisis técnico con deepseek-r1:70b...
2026-04-14 21:56:20,710 [INFO] 📡 [PNM] Calculando recursos de red con qwen2.5:72b...
2026-04-14 22:00:53,059 [INFO] 🔄 INICIANDO RONDA: 4 | Moderador: llama3.3:70b
2026-04-14 22:01:50,063 [INFO] ⚖️ [MODERADOR] Generando respuesta consenso con llama3.3:70b...
2026-04-14 22:03:18,384 [INFO]    ✅ Finalizado.
2026-04-14 22:03:19,393 [INFO] 📁 Procesando archivo: a-ka-band-satcom-transceiver-in-65-nm-cmos-with-high-linearity-tx-and-dual-channel-wide-dynamic-range-rx-for-terrestrial-terminal_salida.txt
2026-04-14 22:03:19,395 [INFO] 👉 [13] Iniciando debate...
2026-04-14 22:03:19,395 [INFO] 🔄 INICIANDO RONDA: 0 | Moderador: llama3.3:70b
2026-04-14 22:03:21,990 [INFO] TOP SCORE: -1.7276138067245483
2026-04-14 22:03:21,990 [INFO] 📊 RAG: 0 tablas y 5 textos enviados al experto.
2026-04-14 22:04:18,359 [INFO] 📊 [DLB] Generando análisis técnico con deepseek-r1:70b...
2026-04-14 22:04:18,359 [INFO] 📡 [PNM] Calculando recursos de red con qwen2.5:72b...
2026-04-14 22:09:17,394 [INFO] 🔄 INICIANDO RONDA: 1 | Moderador: llama3.3:70b
2026-04-14 22:10:16,572 [INFO] 📊 [DLB] Generando análisis técnico con deepseek-r1:70b...
2026-04-14 22:10:16,573 [INFO] 📡 [PNM] Calculando recursos de red con qwen2.5:72b...
2026-04-14 22:16:49,382 [INFO] 🔄 INICIANDO RONDA: 2 | Moderador: llama3.3:70b
2026-04-14 22:17:49,723 [INFO] 📊 [DLB] Generando análisis técnico con deepseek-r1:70b...
2026-04-14 22:17:49,723 [INFO] 📡 [PNM] Calculando recursos de red con qwen2.5:72b...
2026-04-14 22:23:41,685 [INFO] 🔄 INICIANDO RONDA: 3 | Moderador: llama3.3:70b
2026-04-14 22:24:46,031 [INFO] 📊 [DLB] Generando análisis técnico con deepseek-r1:70b...
2026-04-14 22:24:46,031 [INFO] 📡 [PNM] Calculando recursos de red con qwen2.5:72b...
2026-04-14 22:31:13,771 [INFO] 🔄 INICIANDO RONDA: 4 | Moderador: llama3.3:70b
2026-04-14 22:32:13,597 [INFO] ⚖️ [MODERADOR] Generando respuesta consenso con llama3.3:70b...
2026-04-14 22:33:58,397 [INFO]    ✅ Finalizado.
2026-04-14 22:33:59,411 [INFO] 👉 [14] Iniciando debate...
2026-04-14 22:33:59,411 [INFO] 🔄 INICIANDO RONDA: 0 | Moderador: llama3.3:70b
2026-04-14 22:34:01,818 [INFO] TOP SCORE: -3.655665159225464
2026-04-14 22:34:01,818 [INFO] 📊 RAG: 0 tablas y 5 textos enviados al experto.
2026-04-14 22:35:04,314 [INFO] 📊 [DLB] Generando análisis técnico con deepseek-r1:70b...
2026-04-14 22:35:04,315 [INFO] 📡 [PNM] Calculando recursos de red con qwen2.5:72b...
2026-04-14 22:39:47,023 [INFO] 🔄 INICIANDO RONDA: 1 | Moderador: llama3.3:70b
2026-04-14 22:40:42,582 [INFO] 📊 [DLB] Generando análisis técnico con deepseek-r1:70b...
2026-04-14 22:40:42,582 [INFO] 📡 [PNM] Calculando recursos de red con qwen2.5:72b...
2026-04-14 22:47:04,066 [INFO] 🔄 INICIANDO RONDA: 2 | Moderador: llama3.3:70b
2026-04-14 22:48:04,219 [INFO] 📊 [DLB] Generando análisis técnico con deepseek-r1:70b...
2026-04-14 22:48:04,219 [INFO] 📡 [PNM] Calculando recursos de red con qwen2.5:72b...
2026-04-14 22:53:11,774 [INFO] 🔄 INICIANDO RONDA: 3 | Moderador: llama3.3:70b
2026-04-14 22:54:14,294 [INFO] 📊 [DLB] Generando análisis técnico con deepseek-r1:70b...
2026-04-14 22:54:14,295 [INFO] 📡 [PNM] Calculando recursos de red con qwen2.5:72b...
2026-04-14 23:00:20,745 [INFO] 🔄 INICIANDO RONDA: 4 | Moderador: llama3.3:70b
2026-04-14 23:01:24,452 [INFO] ⚖️ [MODERADOR] Generando respuesta consenso con llama3.3:70b...
2026-04-14 23:03:01,656 [INFO]    ✅ Finalizado.
2026-04-14 23:03:02,656 [INFO] 📁 Procesando archivo: a-lagrangian-heuristic-for-satellite-range-scheduling-with-resource-constraints_salida.txt
2026-04-14 23:03:02,658 [INFO] 👉 [15] Iniciando debate...
2026-04-14 23:03:02,658 [INFO] 🔄 INICIANDO RONDA: 0 | Moderador: llama3.3:70b
2026-04-14 23:04:03,801 [INFO] 📁 Procesando archivo: a-compact-low-noise-frontend-for-interleaved-rx-tx-arrays-at-k-ka-band_salida.txt
2026-04-14 23:04:03,801 [INFO] 📁 Procesando archivo: a-compact-lowpass-filter-for-satellite-communication-systems-based-on-transfer-function-analysis_salida.txt
2026-04-14 23:04:03,817 [INFO] 📁 Procesando archivo: a-framework-to-classify-heterogeneous-internet-traffic-with-machine-learning-and-deep-learning-techniques-for-satellite-communications_salida.txt
2026-04-14 23:04:03,817 [INFO] 👉 [12] Iniciando debate...
2026-04-14 23:04:03,864 [INFO] 🔄 INICIANDO RONDA: 0 | Moderador: llama3.3:70b
2026-04-14 23:04:06,442 [INFO] TOP SCORE: 1.3480300903320312
2026-04-14 23:04:06,442 [INFO] 📊 RAG: 0 tablas y 5 textos enviados al experto.
2026-04-14 23:05:07,541 [INFO] 📊 [DLB] Generando análisis técnico con llama3.3:70b...
2026-04-14 23:05:07,541 [INFO] 📡 [PNM] Calculando recursos de red con llama3.3:70b...
2026-04-14 23:05:52,874 [INFO] 🔄 INICIANDO RONDA: 1 | Moderador: llama3.3:70b
2026-04-14 23:06:12,983 [INFO] 📊 [DLB] Generando análisis técnico con llama3.3:70b...
2026-04-14 23:06:12,983 [INFO] 📡 [PNM] Calculando recursos de red con llama3.3:70b...
2026-04-14 23:07:05,435 [INFO] 🔄 INICIANDO RONDA: 2 | Moderador: llama3.3:70b
2026-04-14 23:07:24,416 [INFO] 📊 [DLB] Generando análisis técnico con llama3.3:70b...
2026-04-14 23:07:24,416 [INFO] 📡 [PNM] Calculando recursos de red con llama3.3:70b...
2026-04-14 23:08:13,078 [INFO] 🔄 INICIANDO RONDA: 3 | Moderador: llama3.3:70b
2026-04-14 23:08:30,465 [INFO] 📊 [DLB] Generando análisis técnico con llama3.3:70b...
2026-04-14 23:08:30,465 [INFO] 📡 [PNM] Calculando recursos de red con llama3.3:70b...
2026-04-14 23:09:21,515 [INFO] 🔄 INICIANDO RONDA: 4 | Moderador: llama3.3:70b
2026-04-14 23:09:43,236 [INFO] ⚖️ [MODERADOR] Generando respuesta consenso con llama3.3:70b...
2026-04-14 23:10:28,907 [INFO]    ✅ Finalizado.
2026-04-14 23:10:29,911 [INFO] 📁 Procesando archivo: a-ka-band-satcom-transceiver-in-65-nm-cmos-with-high-linearity-tx-and-dual-channel-wide-dynamic-range-rx-for-terrestrial-terminal_salida.txt
2026-04-14 23:10:29,911 [INFO] 👉 [13] Iniciando debate...
2026-04-14 23:10:29,911 [INFO] 🔄 INICIANDO RONDA: 0 | Moderador: llama3.3:70b
2026-04-14 23:10:32,427 [INFO] TOP SCORE: -1.7276138067245483
2026-04-14 23:10:32,427 [INFO] 📊 RAG: 0 tablas y 5 textos enviados al experto.
2026-04-14 23:10:54,687 [INFO] 📊 [DLB] Generando análisis técnico con llama3.3:70b...
2026-04-14 23:10:54,687 [INFO] 📡 [PNM] Calculando recursos de red con llama3.3:70b...
2026-04-14 23:11:51,388 [INFO] 🔄 INICIANDO RONDA: 1 | Moderador: llama3.3:70b
2026-04-14 23:12:11,894 [INFO] 📊 [DLB] Generando análisis técnico con llama3.3:70b...
2026-04-14 23:12:11,894 [INFO] 📡 [PNM] Calculando recursos de red con llama3.3:70b...
2026-04-14 23:13:05,654 [INFO] 🔄 INICIANDO RONDA: 2 | Moderador: llama3.3:70b
2026-04-14 23:13:28,717 [INFO] 📊 [DLB] Generando análisis técnico con llama3.3:70b...
2026-04-14 23:13:28,717 [INFO] 📡 [PNM] Calculando recursos de red con llama3.3:70b...
2026-04-14 23:14:18,552 [INFO] 🔄 INICIANDO RONDA: 3 | Moderador: llama3.3:70b
2026-04-14 23:14:38,453 [INFO] 📊 [DLB] Generando análisis técnico con llama3.3:70b...
2026-04-14 23:14:38,453 [INFO] 📡 [PNM] Calculando recursos de red con llama3.3:70b...
2026-04-14 23:15:28,370 [INFO] 🔄 INICIANDO RONDA: 4 | Moderador: llama3.3:70b
2026-04-14 23:15:48,087 [INFO] ⚖️ [MODERADOR] Generando respuesta consenso con llama3.3:70b...
2026-04-14 23:16:43,426 [INFO]    ✅ Finalizado.
2026-04-14 23:16:44,436 [INFO] 👉 [14] Iniciando debate...
2026-04-14 23:16:44,436 [INFO] 🔄 INICIANDO RONDA: 0 | Moderador: llama3.3:70b
2026-04-14 23:16:46,889 [INFO] TOP SCORE: -3.655665159225464
2026-04-14 23:16:46,889 [INFO] 📊 RAG: 0 tablas y 5 textos enviados al experto.
2026-04-14 23:17:12,919 [INFO] 📊 [DLB] Generando análisis técnico con llama3.3:70b...
2026-04-14 23:17:12,919 [INFO] 📡 [PNM] Calculando recursos de red con llama3.3:70b...
2026-04-14 23:18:05,497 [INFO] 🔄 INICIANDO RONDA: 1 | Moderador: llama3.3:70b
2026-04-14 23:18:24,515 [INFO] 📊 [DLB] Generando análisis técnico con llama3.3:70b...
2026-04-14 23:18:24,515 [INFO] 📡 [PNM] Calculando recursos de red con llama3.3:70b...
2026-04-14 23:19:17,089 [INFO] 🔄 INICIANDO RONDA: 2 | Moderador: llama3.3:70b
2026-04-14 23:19:37,630 [INFO] 📊 [DLB] Generando análisis técnico con llama3.3:70b...
2026-04-14 23:19:37,630 [INFO] 📡 [PNM] Calculando recursos de red con llama3.3:70b...
2026-04-14 23:20:34,494 [INFO] 🔄 INICIANDO RONDA: 3 | Moderador: llama3.3:70b
2026-04-14 23:20:55,342 [INFO] 📊 [DLB] Generando análisis técnico con llama3.3:70b...
2026-04-14 23:20:55,342 [INFO] 📡 [PNM] Calculando recursos de red con llama3.3:70b...
2026-04-14 23:21:55,167 [INFO] 🔄 INICIANDO RONDA: 4 | Moderador: llama3.3:70b
2026-04-14 23:22:15,644 [INFO] ⚖️ [MODERADOR] Generando respuesta consenso con llama3.3:70b...
2026-04-14 23:23:10,932 [INFO]    ✅ Finalizado.
2026-04-14 23:23:11,947 [INFO] 📁 Procesando archivo: a-lagrangian-heuristic-for-satellite-range-scheduling-with-resource-constraints_salida.txt
2026-04-14 23:23:11,947 [INFO] 👉 [15] Iniciando debate...
2026-04-14 23:23:11,947 [INFO] 🔄 INICIANDO RONDA: 0 | Moderador: llama3.3:70b
2026-04-14 23:23:14,635 [INFO] TOP SCORE: 0.5249515771865845
2026-04-14 23:23:14,635 [INFO] 📊 RAG: 0 tablas y 5 textos enviados al experto.
2026-04-14 23:23:40,165 [INFO] 📊 [DLB] Generando análisis técnico con llama3.3:70b...
2026-04-14 23:23:40,165 [INFO] 📡 [PNM] Calculando recursos de red con llama3.3:70b...
2026-04-14 23:24:29,720 [INFO] 🔄 INICIANDO RONDA: 1 | Moderador: llama3.3:70b
2026-04-14 23:24:48,189 [INFO] 📊 [DLB] Generando análisis técnico con llama3.3:70b...
2026-04-14 23:24:48,189 [INFO] 📡 [PNM] Calculando recursos de red con llama3.3:70b...
2026-04-14 23:25:36,773 [INFO] 🔄 INICIANDO RONDA: 2 | Moderador: llama3.3:70b
2026-04-14 23:25:55,223 [INFO] 📊 [DLB] Generando análisis técnico con llama3.3:70b...
2026-04-14 23:25:55,223 [INFO] 📡 [PNM] Calculando recursos de red con llama3.3:70b...
2026-04-14 23:26:40,470 [INFO] 🔄 INICIANDO RONDA: 3 | Moderador: llama3.3:70b
2026-04-14 23:27:01,706 [INFO] 📊 [DLB] Generando análisis técnico con llama3.3:70b...
2026-04-14 23:27:01,706 [INFO] 📡 [PNM] Calculando recursos de red con llama3.3:70b...
2026-04-14 23:27:44,519 [INFO] 🔄 INICIANDO RONDA: 4 | Moderador: llama3.3:70b
2026-04-14 23:28:03,783 [INFO] ⚖️ [MODERADOR] Generando respuesta consenso con llama3.3:70b...
2026-04-14 23:28:54,560 [INFO]    ✅ Finalizado.
2026-04-14 23:28:55,565 [INFO] 👉 [16] Iniciando debate...
2026-04-14 23:28:55,565 [INFO] 🔄 INICIANDO RONDA: 0 | Moderador: llama3.3:70b
2026-04-14 23:28:58,065 [INFO] TOP SCORE: -0.9431830048561096
2026-04-14 23:28:58,065 [INFO] 📊 RAG: 0 tablas y 5 textos enviados al experto.
2026-04-15 10:36:07,671 [INFO] 📁 Procesando archivo: a-compact-low-noise-frontend-for-interleaved-rx-tx-arrays-at-k-ka-band_salida.txt
2026-04-15 10:36:07,686 [INFO] 📁 Procesando archivo: a-compact-lowpass-filter-for-satellite-communication-systems-based-on-transfer-function-analysis_salida.txt
2026-04-15 10:36:07,686 [INFO] 👉 [2] Iniciando debate...
2026-04-15 10:36:07,718 [INFO] 🔄 INICIANDO RONDA: 0 | Moderador: llama3.3:70b
2026-04-15 10:36:10,702 [INFO] TOP SCORE: 2.5584475994110107
2026-04-15 10:36:10,702 [INFO] 📊 RAG: 0 tablas y 5 textos enviados al experto.
2026-04-15 10:37:08,014 [INFO] 📊 [DLB] Generando análisis técnico con llama3.3:70b...
2026-04-15 10:37:08,014 [INFO] 📡 [PNM] Calculando recursos de red con llama3.3:70b...
2026-04-15 10:38:24,881 [INFO] 📁 Procesando archivo: a-compact-low-noise-frontend-for-interleaved-rx-tx-arrays-at-k-ka-band_salida.txt
2026-04-15 10:38:24,881 [INFO] 👉 [1] Iniciando debate...
2026-04-15 10:38:24,897 [INFO] 🔄 INICIANDO RONDA: 0 | Moderador: llama3.1:8b
2026-04-15 10:38:27,350 [INFO] TOP SCORE: 1.4195467233657837
2026-04-15 10:38:27,350 [INFO] 📊 RAG: 0 tablas y 5 textos enviados al experto.
2026-04-15 10:38:37,359 [INFO] 📊 [DLB] Generando análisis técnico con llama3.1:8b...
2026-04-15 10:38:37,359 [INFO] 📡 [PNM] Calculando recursos de red con llama3.1:8b...
2026-04-15 10:38:46,915 [INFO] 🔄 INICIANDO RONDA: 1 | Moderador: llama3.1:8b
2026-04-15 10:38:51,099 [INFO] 📊 [DLB] Generando análisis técnico con llama3.1:8b...
2026-04-15 10:38:51,099 [INFO] 📡 [PNM] Calculando recursos de red con llama3.1:8b...
2026-04-15 10:39:02,223 [INFO] 🔄 INICIANDO RONDA: 2 | Moderador: llama3.1:8b
2026-04-15 10:39:06,563 [INFO] 📊 [DLB] Generando análisis técnico con llama3.1:8b...
2026-04-15 10:39:06,563 [INFO] 📡 [PNM] Calculando recursos de red con llama3.1:8b...
2026-04-15 10:39:22,663 [INFO] 🔄 INICIANDO RONDA: 3 | Moderador: llama3.1:8b
2026-04-15 10:39:29,149 [INFO] 📊 [DLB] Generando análisis técnico con llama3.1:8b...
2026-04-15 10:39:29,149 [INFO] 📡 [PNM] Calculando recursos de red con llama3.1:8b...
2026-04-15 10:39:45,174 [INFO] 🔄 INICIANDO RONDA: 4 | Moderador: llama3.1:8b
2026-04-15 10:39:51,901 [INFO] ⚖️ [MODERADOR] Generando respuesta consenso con llama3.1:8b...
2026-04-15 10:40:09,705 [INFO]    ✅ Finalizado.
2026-04-15 10:40:10,715 [INFO] 📁 Procesando archivo: a-compact-lowpass-filter-for-satellite-communication-systems-based-on-transfer-function-analysis_salida.txt
2026-04-15 10:40:10,715 [INFO] 👉 [2] Iniciando debate...
2026-04-15 10:40:10,715 [INFO] 🔄 INICIANDO RONDA: 0 | Moderador: llama3.1:8b
2026-04-15 10:40:13,137 [INFO] TOP SCORE: 2.5584475994110107
2026-04-15 10:40:13,137 [INFO] 📊 RAG: 0 tablas y 5 textos enviados al experto.
2026-04-15 10:40:19,000 [INFO] 📊 [DLB] Generando análisis técnico con llama3.1:8b...
2026-04-15 10:40:19,000 [INFO] 📡 [PNM] Calculando recursos de red con llama3.1:8b...
2026-04-15 10:40:28,449 [INFO] 🔄 INICIANDO RONDA: 1 | Moderador: llama3.1:8b
2026-04-15 10:40:33,405 [INFO] 📊 [DLB] Generando análisis técnico con llama3.1:8b...
2026-04-15 10:40:33,405 [INFO] 📡 [PNM] Calculando recursos de red con llama3.1:8b...
2026-04-15 10:40:45,147 [INFO] 🔄 INICIANDO RONDA: 2 | Moderador: llama3.1:8b
2026-04-15 10:40:51,198 [INFO] 📊 [DLB] Generando análisis técnico con llama3.1:8b...
2026-04-15 10:40:51,198 [INFO] 📡 [PNM] Calculando recursos de red con llama3.1:8b...
2026-04-15 10:41:03,014 [INFO] 🔄 INICIANDO RONDA: 3 | Moderador: llama3.1:8b
2026-04-15 10:41:09,426 [INFO] 📊 [DLB] Generando análisis técnico con llama3.1:8b...
2026-04-15 10:41:09,426 [INFO] 📡 [PNM] Calculando recursos de red con llama3.1:8b...
2026-04-15 10:41:26,667 [INFO] 🔄 INICIANDO RONDA: 4 | Moderador: llama3.1:8b
2026-04-15 10:41:32,972 [INFO] ⚖️ [MODERADOR] Generando respuesta consenso con llama3.1:8b...
2026-04-15 10:41:52,801 [INFO]    ✅ Finalizado.
2026-04-15 10:41:53,807 [INFO] 👉 [3] Iniciando debate...
2026-04-15 10:41:53,807 [INFO] 🔄 INICIANDO RONDA: 0 | Moderador: llama3.1:8b
2026-04-15 10:41:56,447 [INFO] TOP SCORE: -3.2043278217315674
2026-04-15 10:41:56,447 [INFO] 📊 RAG: 0 tablas y 5 textos enviados al experto.
2026-04-15 10:42:01,101 [INFO] 📊 [DLB] Generando análisis técnico con llama3.1:8b...
2026-04-15 10:42:01,101 [INFO] 📡 [PNM] Calculando recursos de red con llama3.1:8b...
2026-04-15 10:42:10,561 [INFO] 🔄 INICIANDO RONDA: 1 | Moderador: llama3.1:8b
2026-04-15 10:42:14,474 [INFO] 📊 [DLB] Generando análisis técnico con llama3.1:8b...
2026-04-15 10:42:14,474 [INFO] 📡 [PNM] Calculando recursos de red con llama3.1:8b...
2026-04-15 10:42:25,359 [INFO] 🔄 INICIANDO RONDA: 2 | Moderador: llama3.1:8b
2026-04-15 10:42:29,522 [INFO] 📊 [DLB] Generando análisis técnico con llama3.1:8b...
2026-04-15 10:42:29,522 [INFO] 📡 [PNM] Calculando recursos de red con llama3.1:8b...
2026-04-15 10:42:43,142 [INFO] 🔄 INICIANDO RONDA: 3 | Moderador: llama3.1:8b
2026-04-15 10:42:47,477 [INFO] 📊 [DLB] Generando análisis técnico con llama3.1:8b...
2026-04-15 10:42:47,477 [INFO] 📡 [PNM] Calculando recursos de red con llama3.1:8b...
2026-04-15 10:43:00,317 [INFO] 🔄 INICIANDO RONDA: 4 | Moderador: llama3.1:8b
2026-04-15 10:43:04,446 [INFO] ⚖️ [MODERADOR] Generando respuesta consenso con llama3.1:8b...
2026-04-15 10:43:24,827 [INFO]    ✅ Finalizado.
2026-04-15 10:43:25,837 [INFO] 👉 [4] Iniciando debate...
2026-04-15 10:43:25,837 [INFO] 🔄 INICIANDO RONDA: 0 | Moderador: llama3.1:8b
2026-04-15 10:43:28,477 [INFO] TOP SCORE: 1.0363569259643555
2026-04-15 10:43:28,477 [INFO] 📊 RAG: 0 tablas y 5 textos enviados al experto.
2026-04-15 10:43:33,257 [INFO] 📊 [DLB] Generando análisis técnico con llama3.1:8b...
2026-04-15 10:43:33,257 [INFO] 📡 [PNM] Calculando recursos de red con llama3.1:8b...
2026-04-15 10:43:42,786 [INFO] 🔄 INICIANDO RONDA: 1 | Moderador: llama3.1:8b
2026-04-15 10:43:46,918 [INFO] 📊 [DLB] Generando análisis técnico con llama3.1:8b...
2026-04-15 10:43:46,918 [INFO] 📡 [PNM] Calculando recursos de red con llama3.1:8b...
2026-04-15 10:43:56,688 [INFO] 🔄 INICIANDO RONDA: 2 | Moderador: llama3.1:8b
2026-04-15 10:44:01,178 [INFO] 📊 [DLB] Generando análisis técnico con llama3.1:8b...
2026-04-15 10:44:01,178 [INFO] 📡 [PNM] Calculando recursos de red con llama3.1:8b...
2026-04-15 10:44:10,970 [INFO] 🔄 INICIANDO RONDA: 3 | Moderador: llama3.1:8b
2026-04-15 10:44:15,988 [INFO] 📊 [DLB] Generando análisis técnico con llama3.1:8b...
2026-04-15 10:44:15,988 [INFO] 📡 [PNM] Calculando recursos de red con llama3.1:8b...
2026-04-15 10:44:25,560 [INFO] 🔄 INICIANDO RONDA: 4 | Moderador: llama3.1:8b
2026-04-15 10:44:29,793 [INFO] ⚖️ [MODERADOR] Generando respuesta consenso con llama3.1:8b...
2026-04-15 10:44:46,547 [INFO]    ✅ Finalizado.
2026-04-15 10:44:47,556 [INFO] 👉 [5] Iniciando debate...
2026-04-15 10:44:47,556 [INFO] 🔄 INICIANDO RONDA: 0 | Moderador: llama3.1:8b
2026-04-15 10:44:50,072 [INFO] TOP SCORE: -2.4963417053222656
2026-04-15 10:44:50,088 [INFO] 📊 RAG: 1 tablas y 5 textos enviados al experto.
2026-04-15 10:44:52,453 [INFO] 📊 [DLB] Generando análisis técnico con llama3.1:8b...
2026-04-15 10:44:52,453 [INFO] 📡 [PNM] Calculando recursos de red con llama3.1:8b...
2026-04-15 10:45:02,505 [INFO] 🔄 INICIANDO RONDA: 1 | Moderador: llama3.1:8b
2026-04-15 10:45:07,033 [INFO] 📊 [DLB] Generando análisis técnico con llama3.1:8b...
2026-04-15 10:45:07,033 [INFO] 📡 [PNM] Calculando recursos de red con llama3.1:8b...
2026-04-15 10:45:18,470 [INFO] 🔄 INICIANDO RONDA: 2 | Moderador: llama3.1:8b
2026-04-15 10:45:22,898 [INFO] 📊 [DLB] Generando análisis técnico con llama3.1:8b...
2026-04-15 10:45:22,898 [INFO] 📡 [PNM] Calculando recursos de red con llama3.1:8b...
2026-04-15 10:45:35,301 [INFO] 🔄 INICIANDO RONDA: 3 | Moderador: llama3.1:8b
2026-04-15 10:45:39,812 [INFO] 📊 [DLB] Generando análisis técnico con llama3.1:8b...
2026-04-15 10:45:39,812 [INFO] 📡 [PNM] Calculando recursos de red con llama3.1:8b...
2026-04-15 10:45:54,318 [INFO] 🔄 INICIANDO RONDA: 4 | Moderador: llama3.1:8b
2026-04-15 10:45:59,129 [INFO] ⚖️ [MODERADOR] Generando respuesta consenso con llama3.1:8b...
2026-04-15 10:46:23,771 [INFO]    ✅ Finalizado.
2026-04-15 10:46:24,778 [INFO] 📁 Procesando archivo: a-framework-to-classify-heterogeneous-internet-traffic-with-machine-learning-and-deep-learning-techniques-for-satellite-communications_salida.txt
2026-04-15 10:46:24,778 [INFO] 👉 [6] Iniciando debate...
2026-04-15 10:46:24,778 [INFO] 🔄 INICIANDO RONDA: 0 | Moderador: llama3.1:8b
2026-04-15 10:46:27,294 [INFO] TOP SCORE: 1.6124547719955444
2026-04-15 10:46:27,294 [INFO] 📊 RAG: 5 tablas y 5 textos enviados al experto.
2026-04-15 10:46:31,634 [INFO] 📊 [DLB] Generando análisis técnico con llama3.1:8b...
2026-04-15 10:46:31,634 [INFO] 📡 [PNM] Calculando recursos de red con llama3.1:8b...
2026-04-15 10:46:43,349 [INFO] 🔄 INICIANDO RONDA: 1 | Moderador: llama3.1:8b
2026-04-15 10:46:47,073 [INFO] 📊 [DLB] Generando análisis técnico con llama3.1:8b...
2026-04-15 10:46:47,073 [INFO] 📡 [PNM] Calculando recursos de red con llama3.1:8b...
2026-04-15 10:47:00,030 [INFO] 🔄 INICIANDO RONDA: 2 | Moderador: llama3.1:8b
2026-04-15 10:47:05,524 [INFO] 📊 [DLB] Generando análisis técnico con llama3.1:8b...
2026-04-15 10:47:05,524 [INFO] 📡 [PNM] Calculando recursos de red con llama3.1:8b...
2026-04-15 10:47:20,850 [INFO] 🔄 INICIANDO RONDA: 3 | Moderador: llama3.1:8b
2026-04-15 10:47:27,979 [INFO] 📊 [DLB] Generando análisis técnico con llama3.1:8b...
2026-04-15 10:47:27,979 [INFO] 📡 [PNM] Calculando recursos de red con llama3.1:8b...
2026-04-15 10:47:45,655 [INFO] 🔄 INICIANDO RONDA: 4 | Moderador: llama3.1:8b
2026-04-15 10:47:50,861 [INFO] ⚖️ [MODERADOR] Generando respuesta consenso con llama3.1:8b...
2026-04-15 10:48:12,765 [INFO]    ✅ Finalizado.
2026-04-15 10:48:13,767 [INFO] 👉 [7] Iniciando debate...
2026-04-15 10:48:13,767 [INFO] 🔄 INICIANDO RONDA: 0 | Moderador: llama3.1:8b
2026-04-15 10:48:16,376 [INFO] TOP SCORE: -0.33143898844718933
2026-04-15 10:48:16,376 [INFO] 📊 RAG: 5 tablas y 5 textos enviados al experto.
2026-04-15 10:48:19,987 [INFO] 📊 [DLB] Generando análisis técnico con llama3.1:8b...
2026-04-15 10:48:19,987 [INFO] 📡 [PNM] Calculando recursos de red con llama3.1:8b...
2026-04-15 10:48:32,579 [INFO] 🔄 INICIANDO RONDA: 1 | Moderador: llama3.1:8b
2026-04-15 10:48:37,127 [INFO] 📊 [DLB] Generando análisis técnico con llama3.1:8b...
2026-04-15 10:48:37,127 [INFO] 📡 [PNM] Calculando recursos de red con llama3.1:8b...
2026-04-15 10:48:51,377 [INFO] 🔄 INICIANDO RONDA: 2 | Moderador: llama3.1:8b
2026-04-15 10:48:57,257 [INFO] 📊 [DLB] Generando análisis técnico con llama3.1:8b...
2026-04-15 10:48:57,257 [INFO] 📡 [PNM] Calculando recursos de red con llama3.1:8b...
2026-04-15 10:49:26,026 [INFO] 🔄 INICIANDO RONDA: 3 | Moderador: llama3.1:8b
2026-04-15 10:49:33,413 [INFO] 📊 [DLB] Generando análisis técnico con llama3.1:8b...
2026-04-15 10:49:33,413 [INFO] 📡 [PNM] Calculando recursos de red con llama3.1:8b...
2026-04-15 10:49:53,565 [INFO] 🔄 INICIANDO RONDA: 4 | Moderador: llama3.1:8b
2026-04-15 10:49:59,855 [INFO] ⚖️ [MODERADOR] Generando respuesta consenso con llama3.1:8b...
2026-04-15 10:50:22,883 [INFO]    ✅ Finalizado.
2026-04-15 10:50:23,892 [INFO] 👉 [8] Iniciando debate...
2026-04-15 10:50:23,892 [INFO] 🔄 INICIANDO RONDA: 0 | Moderador: llama3.1:8b
2026-04-15 10:50:26,455 [INFO] TOP SCORE: 0.8279486298561096
2026-04-15 10:50:26,455 [INFO] 📊 RAG: 0 tablas y 5 textos enviados al experto.
2026-04-15 10:50:28,019 [INFO] 📊 [DLB] Generando análisis técnico con llama3.1:8b...
2026-04-15 10:50:28,019 [INFO] 📡 [PNM] Calculando recursos de red con llama3.1:8b...
2026-04-15 10:50:36,266 [INFO] 🔄 INICIANDO RONDA: 1 | Moderador: llama3.1:8b
2026-04-15 10:50:39,860 [INFO] 📊 [DLB] Generando análisis técnico con llama3.1:8b...
2026-04-15 10:50:39,860 [INFO] 📡 [PNM] Calculando recursos de red con llama3.1:8b...
2026-04-15 10:50:48,911 [INFO] 🔄 INICIANDO RONDA: 2 | Moderador: llama3.1:8b
2026-04-15 10:50:52,647 [INFO] 📊 [DLB] Generando análisis técnico con llama3.1:8b...
2026-04-15 10:50:52,647 [INFO] 📡 [PNM] Calculando recursos de red con llama3.1:8b...
2026-04-15 10:51:07,147 [INFO] 🔄 INICIANDO RONDA: 3 | Moderador: llama3.1:8b
2026-04-15 10:51:13,323 [INFO] 📊 [DLB] Generando análisis técnico con llama3.1:8b...
2026-04-15 10:51:13,323 [INFO] 📡 [PNM] Calculando recursos de red con llama3.1:8b...
2026-04-15 10:51:26,543 [INFO] 🔄 INICIANDO RONDA: 4 | Moderador: llama3.1:8b
2026-04-15 10:51:32,733 [INFO] ⚖️ [MODERADOR] Generando respuesta consenso con llama3.1:8b...
2026-04-15 10:51:50,829 [INFO]    ✅ Finalizado.
2026-04-15 10:51:51,839 [INFO] 👉 [9] Iniciando debate...
2026-04-15 10:51:51,839 [INFO] 🔄 INICIANDO RONDA: 0 | Moderador: llama3.1:8b
2026-04-15 10:51:54,511 [INFO] TOP SCORE: -1.6705405712127686
2026-04-15 10:51:54,511 [INFO] 📊 RAG: 4 tablas y 5 textos enviados al experto.
2026-04-15 10:51:57,997 [INFO] 📊 [DLB] Generando análisis técnico con llama3.1:8b...
2026-04-15 10:51:57,997 [INFO] 📡 [PNM] Calculando recursos de red con llama3.1:8b...
2026-04-15 10:52:09,272 [INFO] 🔄 INICIANDO RONDA: 1 | Moderador: llama3.1:8b
2026-04-15 10:52:13,355 [INFO] 📊 [DLB] Generando análisis técnico con llama3.1:8b...
2026-04-15 10:52:13,355 [INFO] 📡 [PNM] Calculando recursos de red con llama3.1:8b...
2026-04-15 10:52:27,496 [INFO] 🔄 INICIANDO RONDA: 2 | Moderador: llama3.1:8b
2026-04-15 10:52:32,003 [INFO] 📊 [DLB] Generando análisis técnico con llama3.1:8b...
2026-04-15 10:52:32,003 [INFO] 📡 [PNM] Calculando recursos de red con llama3.1:8b...
2026-04-15 10:52:46,255 [INFO] 🔄 INICIANDO RONDA: 3 | Moderador: llama3.1:8b
2026-04-15 10:52:50,642 [INFO] 📊 [DLB] Generando análisis técnico con llama3.1:8b...
2026-04-15 10:52:50,642 [INFO] 📡 [PNM] Calculando recursos de red con llama3.1:8b...
2026-04-15 10:53:05,358 [INFO] 🔄 INICIANDO RONDA: 4 | Moderador: llama3.1:8b
2026-04-15 10:53:10,021 [INFO] ⚖️ [MODERADOR] Generando respuesta consenso con llama3.1:8b...
2026-04-15 10:53:32,708 [INFO]    ✅ Finalizado.
2026-04-15 10:53:33,714 [INFO] 👉 [10] Iniciando debate...
2026-04-15 10:53:33,714 [INFO] 🔄 INICIANDO RONDA: 0 | Moderador: llama3.1:8b
2026-04-15 10:53:36,230 [INFO] TOP SCORE: 2.3981456756591797
2026-04-15 10:53:36,230 [INFO] 📊 RAG: 0 tablas y 5 textos enviados al experto.
2026-04-15 10:53:41,085 [INFO] 📊 [DLB] Generando análisis técnico con llama3.1:8b...
2026-04-15 10:53:41,085 [INFO] 📡 [PNM] Calculando recursos de red con llama3.1:8b...
2026-04-15 10:53:52,420 [INFO] 🔄 INICIANDO RONDA: 1 | Moderador: llama3.1:8b
2026-04-15 10:53:59,156 [INFO] 📊 [DLB] Generando análisis técnico con llama3.1:8b...
2026-04-15 10:53:59,156 [INFO] 📡 [PNM] Calculando recursos de red con llama3.1:8b...
2026-04-15 10:54:21,768 [INFO] 🔄 INICIANDO RONDA: 2 | Moderador: llama3.1:8b
2026-04-15 10:54:28,876 [INFO] 📊 [DLB] Generando análisis técnico con llama3.1:8b...
2026-04-15 10:54:28,876 [INFO] 📡 [PNM] Calculando recursos de red con llama3.1:8b...
2026-04-15 10:54:47,562 [INFO] 🔄 INICIANDO RONDA: 3 | Moderador: llama3.1:8b
2026-04-15 10:54:56,505 [INFO] 📊 [DLB] Generando análisis técnico con llama3.1:8b...
2026-04-15 10:54:56,505 [INFO] 📡 [PNM] Calculando recursos de red con llama3.1:8b...
2026-04-15 10:55:23,245 [INFO] 🔄 INICIANDO RONDA: 4 | Moderador: llama3.1:8b
2026-04-15 10:55:32,622 [INFO] ⚖️ [MODERADOR] Generando respuesta consenso con llama3.1:8b...
2026-04-15 10:55:57,039 [INFO]    ✅ Finalizado.
2026-04-15 10:55:58,046 [INFO] 👉 [11] Iniciando debate...
2026-04-15 10:55:58,046 [INFO] 🔄 INICIANDO RONDA: 0 | Moderador: llama3.1:8b
2026-04-15 10:56:00,531 [INFO] TOP SCORE: 2.283893585205078
2026-04-15 10:56:00,531 [INFO] 📊 RAG: 0 tablas y 5 textos enviados al experto.
2026-04-15 10:56:02,183 [INFO] 📊 [DLB] Generando análisis técnico con llama3.1:8b...
2026-04-15 10:56:02,183 [INFO] 📡 [PNM] Calculando recursos de red con llama3.1:8b...
2026-04-15 10:56:09,635 [INFO] 🔄 INICIANDO RONDA: 1 | Moderador: llama3.1:8b
2026-04-15 10:56:13,147 [INFO] 📊 [DLB] Generando análisis técnico con llama3.1:8b...
2026-04-15 10:56:13,147 [INFO] 📡 [PNM] Calculando recursos de red con llama3.1:8b...
2026-04-15 10:56:21,939 [INFO] 🔄 INICIANDO RONDA: 2 | Moderador: llama3.1:8b
2026-04-15 10:56:26,297 [INFO] 📊 [DLB] Generando análisis técnico con llama3.1:8b...
2026-04-15 10:56:26,297 [INFO] 📡 [PNM] Calculando recursos de red con llama3.1:8b...
2026-04-15 10:56:35,601 [INFO] 🔄 INICIANDO RONDA: 3 | Moderador: llama3.1:8b
2026-04-15 10:56:41,708 [INFO] 📊 [DLB] Generando análisis técnico con llama3.1:8b...
2026-04-15 10:56:41,708 [INFO] 📡 [PNM] Calculando recursos de red con llama3.1:8b...
2026-04-15 10:56:55,540 [INFO] 🔄 INICIANDO RONDA: 4 | Moderador: llama3.1:8b
2026-04-15 10:57:00,597 [INFO] ⚖️ [MODERADOR] Generando respuesta consenso con llama3.1:8b...
2026-04-15 10:57:16,918 [INFO]    ✅ Finalizado.
2026-04-15 10:57:17,922 [INFO] 👉 [12] Iniciando debate...
2026-04-15 10:57:17,922 [INFO] 🔄 INICIANDO RONDA: 0 | Moderador: llama3.1:8b
2026-04-15 10:57:20,484 [INFO] TOP SCORE: 1.3480300903320312
2026-04-15 10:57:20,484 [INFO] 📊 RAG: 0 tablas y 5 textos enviados al experto.
2026-04-15 10:57:22,166 [INFO] 📊 [DLB] Generando análisis técnico con llama3.1:8b...
2026-04-15 10:57:22,166 [INFO] 📡 [PNM] Calculando recursos de red con llama3.1:8b...
2026-04-15 10:57:30,488 [INFO] 🔄 INICIANDO RONDA: 1 | Moderador: llama3.1:8b
2026-04-15 10:57:33,669 [INFO] 📊 [DLB] Generando análisis técnico con llama3.1:8b...
2026-04-15 10:57:33,669 [INFO] 📡 [PNM] Calculando recursos de red con llama3.1:8b...
2026-04-15 10:57:42,481 [INFO] 🔄 INICIANDO RONDA: 2 | Moderador: llama3.1:8b
2026-04-15 10:57:46,582 [INFO] 📊 [DLB] Generando análisis técnico con llama3.1:8b...
2026-04-15 10:57:46,582 [INFO] 📡 [PNM] Calculando recursos de red con llama3.1:8b...
2026-04-15 10:57:58,889 [INFO] 🔄 INICIANDO RONDA: 3 | Moderador: llama3.1:8b
2026-04-15 10:58:03,613 [INFO] 📊 [DLB] Generando análisis técnico con llama3.1:8b...
2026-04-15 10:58:03,613 [INFO] 📡 [PNM] Calculando recursos de red con llama3.1:8b...
2026-04-15 10:58:14,474 [INFO] 🔄 INICIANDO RONDA: 4 | Moderador: llama3.1:8b
2026-04-15 10:58:19,317 [INFO] ⚖️ [MODERADOR] Generando respuesta consenso con llama3.1:8b...
2026-04-15 10:58:39,334 [INFO]    ✅ Finalizado.
2026-04-15 10:58:40,346 [INFO] 📁 Procesando archivo: a-ka-band-satcom-transceiver-in-65-nm-cmos-with-high-linearity-tx-and-dual-channel-wide-dynamic-range-rx-for-terrestrial-terminal_salida.txt
2026-04-15 10:58:40,346 [INFO] 👉 [13] Iniciando debate...
2026-04-15 10:58:40,346 [INFO] 🔄 INICIANDO RONDA: 0 | Moderador: llama3.1:8b
2026-04-15 10:58:42,971 [INFO] TOP SCORE: -1.7276138067245483
2026-04-15 10:58:42,971 [INFO] 📊 RAG: 0 tablas y 5 textos enviados al experto.
2026-04-15 10:58:44,787 [INFO] 📊 [DLB] Generando análisis técnico con llama3.1:8b...
2026-04-15 10:58:44,787 [INFO] 📡 [PNM] Calculando recursos de red con llama3.1:8b...
2026-04-15 10:59:11,386 [INFO] 🔄 INICIANDO RONDA: 1 | Moderador: llama3.1:8b
2026-04-15 10:59:17,350 [INFO] 📊 [DLB] Generando análisis técnico con llama3.1:8b...
2026-04-15 10:59:17,350 [INFO] 📡 [PNM] Calculando recursos de red con llama3.1:8b...
2026-04-15 10:59:28,074 [INFO] 🔄 INICIANDO RONDA: 2 | Moderador: llama3.1:8b
2026-04-15 10:59:32,863 [INFO] 📊 [DLB] Generando análisis técnico con llama3.1:8b...
2026-04-15 10:59:32,863 [INFO] 📡 [PNM] Calculando recursos de red con llama3.1:8b...
2026-04-15 10:59:45,970 [INFO] 🔄 INICIANDO RONDA: 3 | Moderador: llama3.1:8b
2026-04-15 10:59:51,047 [INFO] 📊 [DLB] Generando análisis técnico con llama3.1:8b...
2026-04-15 10:59:51,047 [INFO] 📡 [PNM] Calculando recursos de red con llama3.1:8b...
2026-04-15 11:00:13,711 [INFO] 🔄 INICIANDO RONDA: 4 | Moderador: llama3.1:8b
2026-04-15 11:00:19,391 [INFO] ⚖️ [MODERADOR] Generando respuesta consenso con llama3.1:8b...
2026-04-15 11:00:38,525 [INFO]    ✅ Finalizado.
2026-04-15 11:00:39,535 [INFO] 👉 [14] Iniciando debate...
2026-04-15 11:00:39,535 [INFO] 🔄 INICIANDO RONDA: 0 | Moderador: llama3.1:8b
2026-04-15 11:00:41,941 [INFO] TOP SCORE: -3.655665159225464
2026-04-15 11:00:41,941 [INFO] 📊 RAG: 0 tablas y 5 textos enviados al experto.
2026-04-15 11:00:47,439 [INFO] 📊 [DLB] Generando análisis técnico con llama3.1:8b...
2026-04-15 11:00:47,439 [INFO] 📡 [PNM] Calculando recursos de red con llama3.1:8b...
2026-04-15 11:00:57,991 [INFO] 🔄 INICIANDO RONDA: 1 | Moderador: llama3.1:8b
2026-04-15 11:01:02,269 [INFO] 📊 [DLB] Generando análisis técnico con llama3.1:8b...
2026-04-15 11:01:02,269 [INFO] 📡 [PNM] Calculando recursos de red con llama3.1:8b...
2026-04-15 11:01:15,390 [INFO] 🔄 INICIANDO RONDA: 2 | Moderador: llama3.1:8b
2026-04-15 11:01:21,082 [INFO] 📊 [DLB] Generando análisis técnico con llama3.1:8b...
2026-04-15 11:01:21,082 [INFO] 📡 [PNM] Calculando recursos de red con llama3.1:8b...
2026-04-15 11:01:33,405 [INFO] 🔄 INICIANDO RONDA: 3 | Moderador: llama3.1:8b
2026-04-15 11:01:38,718 [INFO] 📊 [DLB] Generando análisis técnico con llama3.1:8b...
2026-04-15 11:01:38,718 [INFO] 📡 [PNM] Calculando recursos de red con llama3.1:8b...
2026-04-15 11:01:53,336 [INFO] 🔄 INICIANDO RONDA: 4 | Moderador: llama3.1:8b
2026-04-15 11:01:58,333 [INFO] ⚖️ [MODERADOR] Generando respuesta consenso con llama3.1:8b...
2026-04-15 11:02:17,856 [INFO]    ✅ Finalizado.
2026-04-15 11:02:18,866 [INFO] 📁 Procesando archivo: a-lagrangian-heuristic-for-satellite-range-scheduling-with-resource-constraints_salida.txt
2026-04-15 11:02:18,866 [INFO] 👉 [15] Iniciando debate...
2026-04-15 11:02:18,866 [INFO] 🔄 INICIANDO RONDA: 0 | Moderador: llama3.1:8b
2026-04-15 11:02:21,444 [INFO] TOP SCORE: 0.5249515771865845
2026-04-15 11:02:21,444 [INFO] 📊 RAG: 0 tablas y 5 textos enviados al experto.
2026-04-15 11:02:26,460 [INFO] 📊 [DLB] Generando análisis técnico con llama3.1:8b...
2026-04-15 11:02:26,460 [INFO] 📡 [PNM] Calculando recursos de red con llama3.1:8b...
2026-04-15 11:02:36,580 [INFO] 🔄 INICIANDO RONDA: 1 | Moderador: llama3.1:8b
2026-04-15 11:02:40,803 [INFO] 📊 [DLB] Generando análisis técnico con llama3.1:8b...
2026-04-15 11:02:40,803 [INFO] 📡 [PNM] Calculando recursos de red con llama3.1:8b...
2026-04-15 11:02:55,760 [INFO] 🔄 INICIANDO RONDA: 2 | Moderador: llama3.1:8b
2026-04-15 11:03:01,463 [INFO] 📊 [DLB] Generando análisis técnico con llama3.1:8b...
2026-04-15 11:03:01,463 [INFO] 📡 [PNM] Calculando recursos de red con llama3.1:8b...
2026-04-15 11:03:18,433 [INFO] 🔄 INICIANDO RONDA: 3 | Moderador: llama3.1:8b
2026-04-15 11:03:24,242 [INFO] 📊 [DLB] Generando análisis técnico con llama3.1:8b...
2026-04-15 11:03:24,242 [INFO] 📡 [PNM] Calculando recursos de red con llama3.1:8b...
2026-04-15 11:03:40,102 [INFO] 🔄 INICIANDO RONDA: 4 | Moderador: llama3.1:8b
2026-04-15 11:03:45,501 [INFO] ⚖️ [MODERADOR] Generando respuesta consenso con llama3.1:8b...
2026-04-15 11:04:06,722 [INFO]    ✅ Finalizado.
2026-04-15 11:04:07,722 [INFO] 👉 [16] Iniciando debate...
2026-04-15 11:04:07,722 [INFO] 🔄 INICIANDO RONDA: 0 | Moderador: llama3.1:8b
2026-04-15 11:04:10,269 [INFO] TOP SCORE: -0.9431830048561096
2026-04-15 11:04:10,269 [INFO] 📊 RAG: 0 tablas y 5 textos enviados al experto.
2026-04-15 11:04:20,522 [INFO] 📊 [DLB] Generando análisis técnico con llama3.1:8b...
2026-04-15 11:04:20,522 [INFO] 📡 [PNM] Calculando recursos de red con llama3.1:8b...
2026-04-15 11:04:30,492 [INFO] 🔄 INICIANDO RONDA: 1 | Moderador: llama3.1:8b
2026-04-15 11:04:34,852 [INFO] 📊 [DLB] Generando análisis técnico con llama3.1:8b...
2026-04-15 11:04:34,852 [INFO] 📡 [PNM] Calculando recursos de red con llama3.1:8b...
2026-04-15 11:04:47,241 [INFO] 🔄 INICIANDO RONDA: 2 | Moderador: llama3.1:8b
2026-04-15 11:04:52,008 [INFO] 📊 [DLB] Generando análisis técnico con llama3.1:8b...
2026-04-15 11:04:52,008 [INFO] 📡 [PNM] Calculando recursos de red con llama3.1:8b...
2026-04-15 11:05:04,078 [INFO] 🔄 INICIANDO RONDA: 3 | Moderador: llama3.1:8b
2026-04-15 11:05:08,363 [INFO] 📊 [DLB] Generando análisis técnico con llama3.1:8b...
2026-04-15 11:05:08,363 [INFO] 📡 [PNM] Calculando recursos de red con llama3.1:8b...
2026-04-15 11:05:23,814 [INFO] 🔄 INICIANDO RONDA: 4 | Moderador: llama3.1:8b
2026-04-15 11:05:31,515 [INFO] ⚖️ [MODERADOR] Generando respuesta consenso con llama3.1:8b...
2026-04-15 11:05:49,025 [INFO]    ✅ Finalizado.
2026-04-15 11:05:50,031 [INFO] 👉 [17] Iniciando debate...
2026-04-15 11:05:50,031 [INFO] 🔄 INICIANDO RONDA: 0 | Moderador: llama3.1:8b
2026-04-15 11:05:52,609 [INFO] TOP SCORE: -3.883606433868408
2026-04-15 11:05:52,609 [INFO] 📊 RAG: 0 tablas y 5 textos enviados al experto.
2026-04-15 11:05:54,101 [INFO] 📊 [DLB] Generando análisis técnico con llama3.1:8b...
2026-04-15 11:05:54,101 [INFO] 📡 [PNM] Calculando recursos de red con llama3.1:8b...
2026-04-15 11:06:01,740 [INFO] 🔄 INICIANDO RONDA: 1 | Moderador: llama3.1:8b
2026-04-15 11:06:04,981 [INFO] 📊 [DLB] Generando análisis técnico con llama3.1:8b...
2026-04-15 11:06:04,981 [INFO] 📡 [PNM] Calculando recursos de red con llama3.1:8b...
2026-04-15 11:06:21,394 [INFO] 🔄 INICIANDO RONDA: 2 | Moderador: llama3.1:8b
2026-04-15 11:06:26,477 [INFO] 📊 [DLB] Generando análisis técnico con llama3.1:8b...
2026-04-15 11:06:26,477 [INFO] 📡 [PNM] Calculando recursos de red con llama3.1:8b...
2026-04-15 11:06:39,870 [INFO] 🔄 INICIANDO RONDA: 3 | Moderador: llama3.1:8b
2026-04-15 11:06:45,388 [INFO] 📊 [DLB] Generando análisis técnico con llama3.1:8b...
2026-04-15 11:06:45,388 [INFO] 📡 [PNM] Calculando recursos de red con llama3.1:8b...
2026-04-15 11:07:02,440 [INFO] 🔄 INICIANDO RONDA: 4 | Moderador: llama3.1:8b
2026-04-15 11:07:09,041 [INFO] ⚖️ [MODERADOR] Generando respuesta consenso con llama3.1:8b...
2026-04-15 11:07:27,385 [INFO]    ✅ Finalizado.
2026-04-15 11:07:28,394 [INFO] 👉 [18] Iniciando debate...
2026-04-15 11:07:28,394 [INFO] 🔄 INICIANDO RONDA: 0 | Moderador: llama3.1:8b
2026-04-15 11:07:30,862 [INFO] TOP SCORE: 0.4898539185523987
2026-04-15 11:07:30,862 [INFO] 📊 RAG: 0 tablas y 5 textos enviados al experto.
2026-04-15 11:07:32,767 [INFO] 📊 [DLB] Generando análisis técnico con llama3.1:8b...
2026-04-15 11:07:32,767 [INFO] 📡 [PNM] Calculando recursos de red con llama3.1:8b...
2026-04-15 11:07:40,928 [INFO] 🔄 INICIANDO RONDA: 1 | Moderador: llama3.1:8b
2026-04-15 11:07:43,522 [INFO] 📊 [DLB] Generando análisis técnico con llama3.1:8b...
2026-04-15 11:07:43,522 [INFO] 📡 [PNM] Calculando recursos de red con llama3.1:8b...
2026-04-15 11:07:52,875 [INFO] 🔄 INICIANDO RONDA: 2 | Moderador: llama3.1:8b
2026-04-15 11:07:57,766 [INFO] 📊 [DLB] Generando análisis técnico con llama3.1:8b...
2026-04-15 11:07:57,766 [INFO] 📡 [PNM] Calculando recursos de red con llama3.1:8b...
2026-04-15 11:08:08,491 [INFO] 🔄 INICIANDO RONDA: 3 | Moderador: llama3.1:8b
2026-04-15 11:08:12,455 [INFO] 📊 [DLB] Generando análisis técnico con llama3.1:8b...
2026-04-15 11:08:12,455 [INFO] 📡 [PNM] Calculando recursos de red con llama3.1:8b...
2026-04-15 11:08:23,432 [INFO] 🔄 INICIANDO RONDA: 4 | Moderador: llama3.1:8b
2026-04-15 11:08:28,259 [INFO] ⚖️ [MODERADOR] Generando respuesta consenso con llama3.1:8b...
2026-04-15 11:08:45,403 [INFO]    ✅ Finalizado.
2026-04-15 11:08:46,413 [INFO] 👉 [19] Iniciando debate...
2026-04-15 11:08:46,413 [INFO] 🔄 INICIANDO RONDA: 0 | Moderador: llama3.1:8b
2026-04-15 11:08:48,835 [INFO] TOP SCORE: 0.638659656047821
2026-04-15 11:08:48,835 [INFO] 📊 RAG: 0 tablas y 5 textos enviados al experto.
2026-04-15 11:08:50,516 [INFO] 📊 [DLB] Generando análisis técnico con llama3.1:8b...
2026-04-15 11:08:50,516 [INFO] 📡 [PNM] Calculando recursos de red con llama3.1:8b...
2026-04-15 11:08:58,753 [INFO] 🔄 INICIANDO RONDA: 1 | Moderador: llama3.1:8b
2026-04-15 11:09:01,563 [INFO] 📊 [DLB] Generando análisis técnico con llama3.1:8b...
2026-04-15 11:09:01,563 [INFO] 📡 [PNM] Calculando recursos de red con llama3.1:8b...
2026-04-15 11:09:08,728 [INFO] 🔄 INICIANDO RONDA: 2 | Moderador: llama3.1:8b
2026-04-15 11:09:12,668 [INFO] 📊 [DLB] Generando análisis técnico con llama3.1:8b...
2026-04-15 11:09:12,668 [INFO] 📡 [PNM] Calculando recursos de red con llama3.1:8b...
2026-04-15 11:09:22,274 [INFO] 🔄 INICIANDO RONDA: 3 | Moderador: llama3.1:8b
2026-04-15 11:09:26,677 [INFO] 📊 [DLB] Generando análisis técnico con llama3.1:8b...
2026-04-15 11:09:26,677 [INFO] 📡 [PNM] Calculando recursos de red con llama3.1:8b...
2026-04-15 11:09:40,665 [INFO] 🔄 INICIANDO RONDA: 4 | Moderador: llama3.1:8b
2026-04-15 11:09:42,758 [INFO] ⚖️ [MODERADOR] Generando respuesta consenso con llama3.1:8b...
2026-04-15 11:10:00,087 [INFO]    ✅ Finalizado.
2026-04-15 11:10:01,099 [INFO] 👉 [20] Iniciando debate...
2026-04-15 11:10:01,099 [INFO] 🔄 INICIANDO RONDA: 0 | Moderador: llama3.1:8b
2026-04-15 11:10:03,474 [INFO] TOP SCORE: 2.6979167461395264
2026-04-15 11:10:03,474 [INFO] 📊 RAG: 0 tablas y 5 textos enviados al experto.
2026-04-15 11:10:08,118 [INFO] 📊 [DLB] Generando análisis técnico con llama3.1:8b...
2026-04-15 11:10:08,118 [INFO] 📡 [PNM] Calculando recursos de red con llama3.1:8b...
2026-04-15 11:10:17,090 [INFO] 🔄 INICIANDO RONDA: 1 | Moderador: llama3.1:8b
2026-04-15 11:10:22,026 [INFO] 📊 [DLB] Generando análisis técnico con llama3.1:8b...
2026-04-15 11:10:22,026 [INFO] 📡 [PNM] Calculando recursos de red con llama3.1:8b...
2026-04-15 11:10:33,006 [INFO] 🔄 INICIANDO RONDA: 2 | Moderador: llama3.1:8b
2026-04-15 11:10:38,555 [INFO] 📊 [DLB] Generando análisis técnico con llama3.1:8b...
2026-04-15 11:10:38,555 [INFO] 📡 [PNM] Calculando recursos de red con llama3.1:8b...
2026-04-15 11:10:52,811 [INFO] 🔄 INICIANDO RONDA: 3 | Moderador: llama3.1:8b
2026-04-15 11:10:58,481 [INFO] 📊 [DLB] Generando análisis técnico con llama3.1:8b...
2026-04-15 11:10:58,481 [INFO] 📡 [PNM] Calculando recursos de red con llama3.1:8b...
2026-04-15 11:11:19,709 [INFO] 🔄 INICIANDO RONDA: 4 | Moderador: llama3.1:8b
2026-04-15 11:11:27,391 [INFO] ⚖️ [MODERADOR] Generando respuesta consenso con llama3.1:8b...
2026-04-15 11:11:46,483 [INFO]    ✅ Finalizado.
2026-04-15 11:11:47,491 [INFO] 👉 [21] Iniciando debate...
2026-04-15 11:11:47,491 [INFO] 🔄 INICIANDO RONDA: 0 | Moderador: llama3.1:8b
2026-04-15 11:11:49,960 [INFO] TOP SCORE: -4.408236980438232
2026-04-15 11:11:49,960 [INFO] 📊 RAG: 0 tablas y 5 textos enviados al experto.
2026-04-15 11:11:51,676 [INFO] 📊 [DLB] Generando análisis técnico con llama3.1:8b...
2026-04-15 11:11:51,676 [INFO] 📡 [PNM] Calculando recursos de red con llama3.1:8b...
2026-04-15 11:11:59,363 [INFO] 🔄 INICIANDO RONDA: 1 | Moderador: llama3.1:8b
2026-04-15 11:12:02,595 [INFO] 📊 [DLB] Generando análisis técnico con llama3.1:8b...
2026-04-15 11:12:02,595 [INFO] 📡 [PNM] Calculando recursos de red con llama3.1:8b...
2026-04-15 11:12:11,413 [INFO] 🔄 INICIANDO RONDA: 2 | Moderador: llama3.1:8b
2026-04-15 11:12:15,215 [INFO] 📊 [DLB] Generando análisis técnico con llama3.1:8b...
2026-04-15 11:12:15,215 [INFO] 📡 [PNM] Calculando recursos de red con llama3.1:8b...
2026-04-15 11:12:25,037 [INFO] 🔄 INICIANDO RONDA: 3 | Moderador: llama3.1:8b
2026-04-15 11:12:29,433 [INFO] 📊 [DLB] Generando análisis técnico con llama3.1:8b...
2026-04-15 11:12:29,433 [INFO] 📡 [PNM] Calculando recursos de red con llama3.1:8b...
2026-04-15 11:12:41,206 [INFO] 🔄 INICIANDO RONDA: 4 | Moderador: llama3.1:8b
2026-04-15 11:12:46,214 [INFO] ⚖️ [MODERADOR] Generando respuesta consenso con llama3.1:8b...
2026-04-15 11:13:02,633 [INFO]    ✅ Finalizado.
2026-04-15 11:13:03,637 [INFO] 👉 [22] Iniciando debate...
2026-04-15 11:13:03,637 [INFO] 🔄 INICIANDO RONDA: 0 | Moderador: llama3.1:8b
2026-04-15 11:13:06,027 [INFO] TOP SCORE: -1.2767314910888672
2026-04-15 11:13:06,027 [INFO] 📊 RAG: 0 tablas y 5 textos enviados al experto.
2026-04-15 11:13:07,568 [INFO] 📊 [DLB] Generando análisis técnico con llama3.1:8b...
2026-04-15 11:13:07,568 [INFO] 📡 [PNM] Calculando recursos de red con llama3.1:8b...
2026-04-15 11:13:16,021 [INFO] 🔄 INICIANDO RONDA: 1 | Moderador: llama3.1:8b
2026-04-15 11:13:19,800 [INFO] 📊 [DLB] Generando análisis técnico con llama3.1:8b...
2026-04-15 11:13:19,800 [INFO] 📡 [PNM] Calculando recursos de red con llama3.1:8b...
2026-04-15 11:13:29,653 [INFO] 🔄 INICIANDO RONDA: 2 | Moderador: llama3.1:8b
2026-04-15 11:13:33,837 [INFO] 📊 [DLB] Generando análisis técnico con llama3.1:8b...
2026-04-15 11:13:33,837 [INFO] 📡 [PNM] Calculando recursos de red con llama3.1:8b...
2026-04-15 11:13:43,706 [INFO] 🔄 INICIANDO RONDA: 3 | Moderador: llama3.1:8b
2026-04-15 11:13:48,446 [INFO] 📊 [DLB] Generando análisis técnico con llama3.1:8b...
2026-04-15 11:13:48,446 [INFO] 📡 [PNM] Calculando recursos de red con llama3.1:8b...
2026-04-15 11:14:02,353 [INFO] 🔄 INICIANDO RONDA: 4 | Moderador: llama3.1:8b
2026-04-15 11:14:07,492 [INFO] ⚖️ [MODERADOR] Generando respuesta consenso con llama3.1:8b...
2026-04-15 11:14:28,914 [INFO]    ✅ Finalizado.
2026-04-15 11:14:29,926 [INFO] 📁 Procesando archivo: a-novel-dual-polarized-continuous-transverse-stub-antenna-based-on-corrugated-waveguides-part-ii-experimental-demonstration_salida.txt
2026-04-15 11:14:29,926 [INFO] 👉 [23] Iniciando debate...
2026-04-15 11:14:29,926 [INFO] 🔄 INICIANDO RONDA: 0 | Moderador: llama3.1:8b
2026-04-15 11:14:32,348 [INFO] TOP SCORE: 3.616671323776245
2026-04-15 11:14:32,348 [INFO] 📊 RAG: 0 tablas y 5 textos enviados al experto.
2026-04-15 11:14:37,173 [INFO] 📊 [DLB] Generando análisis técnico con llama3.1:8b...
2026-04-15 11:14:37,173 [INFO] 📡 [PNM] Calculando recursos de red con llama3.1:8b...
2026-04-15 11:14:45,973 [INFO] 🔄 INICIANDO RONDA: 1 | Moderador: llama3.1:8b
2026-04-15 11:14:50,132 [INFO] 📊 [DLB] Generando análisis técnico con llama3.1:8b...
2026-04-15 11:14:50,132 [INFO] 📡 [PNM] Calculando recursos de red con llama3.1:8b...
2026-04-15 11:15:00,210 [INFO] 🔄 INICIANDO RONDA: 2 | Moderador: llama3.1:8b
2026-04-15 11:15:04,920 [INFO] 📊 [DLB] Generando análisis técnico con llama3.1:8b...
2026-04-15 11:15:04,920 [INFO] 📡 [PNM] Calculando recursos de red con llama3.1:8b...
2026-04-15 11:15:15,396 [INFO] 🔄 INICIANDO RONDA: 3 | Moderador: llama3.1:8b
2026-04-15 11:15:21,430 [INFO] 📊 [DLB] Generando análisis técnico con llama3.1:8b...
2026-04-15 11:15:21,430 [INFO] 📡 [PNM] Calculando recursos de red con llama3.1:8b...
2026-04-15 11:15:36,302 [INFO] 🔄 INICIANDO RONDA: 4 | Moderador: llama3.1:8b
2026-04-15 11:15:43,967 [INFO] ⚖️ [MODERADOR] Generando respuesta consenso con llama3.1:8b...
2026-04-15 11:16:02,551 [INFO]    ✅ Finalizado.
2026-04-15 11:16:03,555 [INFO] 👉 [24] Iniciando debate...
2026-04-15 11:16:03,555 [INFO] 🔄 INICIANDO RONDA: 0 | Moderador: llama3.1:8b
2026-04-15 11:16:05,945 [INFO] TOP SCORE: 1.255586862564087
2026-04-15 11:16:05,945 [INFO] 📊 RAG: 0 tablas y 5 textos enviados al experto.
2026-04-15 11:16:11,269 [INFO] 📊 [DLB] Generando análisis técnico con llama3.1:8b...
2026-04-15 11:16:11,269 [INFO] 📡 [PNM] Calculando recursos de red con llama3.1:8b...
2026-04-15 11:16:22,503 [INFO] 🔄 INICIANDO RONDA: 1 | Moderador: llama3.1:8b
2026-04-15 11:16:27,505 [INFO] 📊 [DLB] Generando análisis técnico con llama3.1:8b...
2026-04-15 11:16:27,505 [INFO] 📡 [PNM] Calculando recursos de red con llama3.1:8b...
2026-04-15 11:16:37,898 [INFO] 🔄 INICIANDO RONDA: 2 | Moderador: llama3.1:8b
2026-04-15 11:16:43,954 [INFO] 📊 [DLB] Generando análisis técnico con llama3.1:8b...
2026-04-15 11:16:43,954 [INFO] 📡 [PNM] Calculando recursos de red con llama3.1:8b...
2026-04-15 11:16:55,277 [INFO] 🔄 INICIANDO RONDA: 3 | Moderador: llama3.1:8b
2026-04-15 11:17:00,229 [INFO] 📊 [DLB] Generando análisis técnico con llama3.1:8b...
2026-04-15 11:17:00,229 [INFO] 📡 [PNM] Calculando recursos de red con llama3.1:8b...
2026-04-15 11:17:13,404 [INFO] 🔄 INICIANDO RONDA: 4 | Moderador: llama3.1:8b
2026-04-15 11:17:18,541 [INFO] ⚖️ [MODERADOR] Generando respuesta consenso con llama3.1:8b...
2026-04-15 11:17:39,706 [INFO]    ✅ Finalizado.
2026-04-15 11:17:40,709 [INFO] 👉 [25] Iniciando debate...
2026-04-15 11:17:40,709 [INFO] 🔄 INICIANDO RONDA: 0 | Moderador: llama3.1:8b
2026-04-15 11:17:43,162 [INFO] TOP SCORE: 2.0342724323272705
2026-04-15 11:17:43,162 [INFO] 📊 RAG: 0 tablas y 5 textos enviados al experto.
2026-04-15 11:17:47,670 [INFO] 📊 [DLB] Generando análisis técnico con llama3.1:8b...
2026-04-15 11:17:47,670 [INFO] 📡 [PNM] Calculando recursos de red con llama3.1:8b...
2026-04-15 11:17:55,990 [INFO] 🔄 INICIANDO RONDA: 1 | Moderador: llama3.1:8b
2026-04-15 11:18:01,455 [INFO] 📊 [DLB] Generando análisis técnico con llama3.1:8b...
2026-04-15 11:18:01,455 [INFO] 📡 [PNM] Calculando recursos de red con llama3.1:8b...
2026-04-15 11:18:12,064 [INFO] 🔄 INICIANDO RONDA: 2 | Moderador: llama3.1:8b
2026-04-15 11:18:16,357 [INFO] 📊 [DLB] Generando análisis técnico con llama3.1:8b...
2026-04-15 11:18:16,357 [INFO] 📡 [PNM] Calculando recursos de red con llama3.1:8b...
2026-04-15 11:18:30,178 [INFO] 🔄 INICIANDO RONDA: 3 | Moderador: llama3.1:8b
2026-04-15 11:18:36,123 [INFO] 📊 [DLB] Generando análisis técnico con llama3.1:8b...
2026-04-15 11:18:36,123 [INFO] 📡 [PNM] Calculando recursos de red con llama3.1:8b...
2026-04-15 11:18:53,793 [INFO] 🔄 INICIANDO RONDA: 4 | Moderador: llama3.1:8b
2026-04-15 11:19:01,319 [INFO] ⚖️ [MODERADOR] Generando respuesta consenso con llama3.1:8b...
2026-04-15 11:19:18,273 [INFO]    ✅ Finalizado.
2026-04-15 11:19:19,288 [INFO] 👉 [26] Iniciando debate...
2026-04-15 11:19:19,288 [INFO] 🔄 INICIANDO RONDA: 0 | Moderador: llama3.1:8b
2026-04-15 11:19:21,804 [INFO] TOP SCORE: -0.2066955715417862
2026-04-15 11:19:21,804 [INFO] 📊 RAG: 0 tablas y 5 textos enviados al experto.
2026-04-15 11:19:23,605 [INFO] 📊 [DLB] Generando análisis técnico con llama3.1:8b...
2026-04-15 11:19:23,605 [INFO] 📡 [PNM] Calculando recursos de red con llama3.1:8b...
2026-04-15 11:19:32,099 [INFO] 🔄 INICIANDO RONDA: 1 | Moderador: llama3.1:8b
2026-04-15 11:19:35,676 [INFO] 📊 [DLB] Generando análisis técnico con llama3.1:8b...
2026-04-15 11:19:35,676 [INFO] 📡 [PNM] Calculando recursos de red con llama3.1:8b...
2026-04-15 11:19:45,242 [INFO] 🔄 INICIANDO RONDA: 2 | Moderador: llama3.1:8b
2026-04-15 11:19:50,124 [INFO] 📊 [DLB] Generando análisis técnico con llama3.1:8b...
2026-04-15 11:19:50,124 [INFO] 📡 [PNM] Calculando recursos de red con llama3.1:8b...
2026-04-15 11:20:03,389 [INFO] 🔄 INICIANDO RONDA: 3 | Moderador: llama3.1:8b
2026-04-15 11:20:09,434 [INFO] 📊 [DLB] Generando análisis técnico con llama3.1:8b...
2026-04-15 11:20:09,434 [INFO] 📡 [PNM] Calculando recursos de red con llama3.1:8b...
2026-04-15 11:20:20,609 [INFO] 🔄 INICIANDO RONDA: 4 | Moderador: llama3.1:8b
2026-04-15 11:20:26,225 [INFO] ⚖️ [MODERADOR] Generando respuesta consenso con llama3.1:8b...
2026-04-15 11:20:46,451 [INFO]    ✅ Finalizado.
2026-04-15 11:20:47,451 [INFO] 👉 [27] Iniciando debate...
2026-04-15 11:20:47,451 [INFO] 🔄 INICIANDO RONDA: 0 | Moderador: llama3.1:8b
2026-04-15 11:20:49,873 [INFO] TOP SCORE: -2.8870604038238525
2026-04-15 11:20:49,873 [INFO] 📊 RAG: 0 tablas y 5 textos enviados al experto.
2026-04-15 11:20:55,003 [INFO] 📊 [DLB] Generando análisis técnico con llama3.1:8b...
2026-04-15 11:20:55,003 [INFO] 📡 [PNM] Calculando recursos de red con llama3.1:8b...
2026-04-15 11:21:04,699 [INFO] 🔄 INICIANDO RONDA: 1 | Moderador: llama3.1:8b
2026-04-15 11:21:08,978 [INFO] 📊 [DLB] Generando análisis técnico con llama3.1:8b...
2026-04-15 11:21:08,978 [INFO] 📡 [PNM] Calculando recursos de red con llama3.1:8b...
2026-04-15 11:21:22,482 [INFO] 🔄 INICIANDO RONDA: 2 | Moderador: llama3.1:8b
2026-04-15 11:21:29,457 [INFO] 📊 [DLB] Generando análisis técnico con llama3.1:8b...
2026-04-15 11:21:29,457 [INFO] 📡 [PNM] Calculando recursos de red con llama3.1:8b...
2026-04-15 11:21:42,340 [INFO] 🔄 INICIANDO RONDA: 3 | Moderador: llama3.1:8b
2026-04-15 11:21:47,189 [INFO] 📊 [DLB] Generando análisis técnico con llama3.1:8b...
2026-04-15 11:21:47,189 [INFO] 📡 [PNM] Calculando recursos de red con llama3.1:8b...
2026-04-15 11:22:02,555 [INFO] 🔄 INICIANDO RONDA: 4 | Moderador: llama3.1:8b
2026-04-15 11:22:10,039 [INFO] ⚖️ [MODERADOR] Generando respuesta consenso con llama3.1:8b...
2026-04-15 11:22:28,483 [INFO]    ✅ Finalizado.
2026-04-15 11:22:29,493 [INFO] 📁 Procesando archivo: a-reflector-antenna-concept-robust-against-feed-failures-for-satellite-communications_salida.txt
2026-04-15 11:22:29,508 [INFO] 👉 [28] Iniciando debate...
2026-04-15 11:22:29,508 [INFO] 🔄 INICIANDO RONDA: 0 | Moderador: llama3.1:8b
2026-04-15 11:22:31,962 [INFO] TOP SCORE: 2.669060468673706
2026-04-15 11:22:31,962 [INFO] 📊 RAG: 0 tablas y 5 textos enviados al experto.
2026-04-15 11:22:36,489 [INFO] 📊 [DLB] Generando análisis técnico con llama3.1:8b...
2026-04-15 11:22:36,489 [INFO] 📡 [PNM] Calculando recursos de red con llama3.1:8b...
2026-04-15 11:22:46,529 [INFO] 🔄 INICIANDO RONDA: 1 | Moderador: llama3.1:8b
2026-04-15 11:22:48,068 [INFO] 📊 [DLB] Generando análisis técnico con llama3.1:8b...
2026-04-15 11:22:48,068 [INFO] 📡 [PNM] Calculando recursos de red con llama3.1:8b...
2026-04-15 11:22:57,936 [INFO] 🔄 INICIANDO RONDA: 2 | Moderador: llama3.1:8b
2026-04-15 11:23:02,034 [INFO] 📊 [DLB] Generando análisis técnico con llama3.1:8b...
2026-04-15 11:23:02,034 [INFO] 📡 [PNM] Calculando recursos de red con llama3.1:8b...
2026-04-15 11:23:15,762 [INFO] 🔄 INICIANDO RONDA: 3 | Moderador: llama3.1:8b
2026-04-15 11:23:20,030 [INFO] 📊 [DLB] Generando análisis técnico con llama3.1:8b...
2026-04-15 11:23:20,030 [INFO] 📡 [PNM] Calculando recursos de red con llama3.1:8b...
2026-04-15 11:23:51,867 [INFO] 🔄 INICIANDO RONDA: 4 | Moderador: llama3.1:8b
2026-04-15 11:23:58,450 [INFO] ⚖️ [MODERADOR] Generando respuesta consenso con llama3.1:8b...
2026-04-15 11:24:16,364 [INFO]    ✅ Finalizado.
2026-04-15 11:24:17,371 [INFO] 👉 [29] Iniciando debate...
2026-04-15 11:24:17,371 [INFO] 🔄 INICIANDO RONDA: 0 | Moderador: llama3.1:8b
2026-04-15 11:24:19,841 [INFO] TOP SCORE: 0.15891176462173462
2026-04-15 11:24:19,841 [INFO] 📊 RAG: 0 tablas y 5 textos enviados al experto.
2026-04-15 11:24:24,646 [INFO] 📊 [DLB] Generando análisis técnico con llama3.1:8b...
2026-04-15 11:24:24,646 [INFO] 📡 [PNM] Calculando recursos de red con llama3.1:8b...
2026-04-15 11:24:34,086 [INFO] 🔄 INICIANDO RONDA: 1 | Moderador: llama3.1:8b
2026-04-15 11:24:37,665 [INFO] 📊 [DLB] Generando análisis técnico con llama3.1:8b...
2026-04-15 11:24:37,665 [INFO] 📡 [PNM] Calculando recursos de red con llama3.1:8b...
2026-04-15 11:24:47,590 [INFO] 🔄 INICIANDO RONDA: 2 | Moderador: llama3.1:8b
2026-04-15 11:24:52,070 [INFO] 📊 [DLB] Generando análisis técnico con llama3.1:8b...
2026-04-15 11:24:52,070 [INFO] 📡 [PNM] Calculando recursos de red con llama3.1:8b...
2026-04-15 11:25:05,130 [INFO] 🔄 INICIANDO RONDA: 3 | Moderador: llama3.1:8b
2026-04-15 11:25:09,964 [INFO] 📊 [DLB] Generando análisis técnico con llama3.1:8b...
2026-04-15 11:25:09,964 [INFO] 📡 [PNM] Calculando recursos de red con llama3.1:8b...
2026-04-15 11:25:21,897 [INFO] 🔄 INICIANDO RONDA: 4 | Moderador: llama3.1:8b
2026-04-15 11:25:27,063 [INFO] ⚖️ [MODERADOR] Generando respuesta consenso con llama3.1:8b...
2026-04-15 11:25:48,315 [INFO]    ✅ Finalizado.
2026-04-15 11:25:49,319 [INFO] 👉 [30] Iniciando debate...
2026-04-15 11:25:49,319 [INFO] 🔄 INICIANDO RONDA: 0 | Moderador: llama3.1:8b
2026-04-15 11:25:51,742 [INFO] TOP SCORE: 0.5885249376296997
2026-04-15 11:25:51,742 [INFO] 📊 RAG: 6 tablas y 5 textos enviados al experto.
2026-04-15 11:25:54,703 [INFO] 📊 [DLB] Generando análisis técnico con llama3.1:8b...
2026-04-15 11:25:54,703 [INFO] 📡 [PNM] Calculando recursos de red con llama3.1:8b...
2026-04-15 11:26:05,310 [INFO] 🔄 INICIANDO RONDA: 1 | Moderador: llama3.1:8b
2026-04-15 11:26:09,229 [INFO] 📊 [DLB] Generando análisis técnico con llama3.1:8b...
2026-04-15 11:26:09,229 [INFO] 📡 [PNM] Calculando recursos de red con llama3.1:8b...
2026-04-15 11:26:23,039 [INFO] 🔄 INICIANDO RONDA: 2 | Moderador: llama3.1:8b
2026-04-15 11:26:29,031 [INFO] 📊 [DLB] Generando análisis técnico con llama3.1:8b...
2026-04-15 11:26:29,031 [INFO] 📡 [PNM] Calculando recursos de red con llama3.1:8b...
2026-04-15 11:26:48,700 [INFO] 🔄 INICIANDO RONDA: 3 | Moderador: llama3.1:8b
2026-04-15 11:26:55,541 [INFO] 📊 [DLB] Generando análisis técnico con llama3.1:8b...
2026-04-15 11:26:55,541 [INFO] 📡 [PNM] Calculando recursos de red con llama3.1:8b...
2026-04-15 11:27:11,852 [INFO] 🔄 INICIANDO RONDA: 4 | Moderador: llama3.1:8b
2026-04-15 11:27:19,025 [INFO] ⚖️ [MODERADOR] Generando respuesta consenso con llama3.1:8b...
2026-04-15 11:27:37,267 [INFO]    ✅ Finalizado.
2026-04-15 11:27:38,276 [INFO] 👉 [31] Iniciando debate...
2026-04-15 11:27:38,276 [INFO] 🔄 INICIANDO RONDA: 0 | Moderador: llama3.1:8b
2026-04-15 11:28:38,527 [INFO] 📁 Procesando archivo: a-compact-low-noise-frontend-for-interleaved-rx-tx-arrays-at-k-ka-band_salida.txt
2026-04-15 11:28:38,543 [INFO] 📁 Procesando archivo: a-compact-lowpass-filter-for-satellite-communication-systems-based-on-transfer-function-analysis_salida.txt
2026-04-15 11:28:38,543 [INFO] 📁 Procesando archivo: a-framework-to-classify-heterogeneous-internet-traffic-with-machine-learning-and-deep-learning-techniques-for-satellite-communications_salida.txt
2026-04-15 11:28:38,543 [INFO] 📁 Procesando archivo: a-ka-band-satcom-transceiver-in-65-nm-cmos-with-high-linearity-tx-and-dual-channel-wide-dynamic-range-rx-for-terrestrial-terminal_salida.txt
2026-04-15 11:28:38,543 [INFO] 📁 Procesando archivo: a-lagrangian-heuristic-for-satellite-range-scheduling-with-resource-constraints_salida.txt
2026-04-15 11:28:38,543 [INFO] 👉 [20] Iniciando debate...
2026-04-15 11:28:38,590 [INFO] 🔄 INICIANDO RONDA: 0 | Moderador: llama3.1:8b
2026-04-15 11:28:41,090 [INFO] TOP SCORE: 2.6979167461395264
2026-04-15 11:28:41,090 [INFO] 📊 RAG: 0 tablas y 5 textos enviados al experto.
2026-04-15 11:28:46,166 [INFO] 📊 [DLB] Generando análisis técnico con qwen2.5:7b...
2026-04-15 11:28:46,166 [INFO] 📡 [PNM] Calculando recursos de red con mistral:7b...
2026-04-15 11:29:02,152 [INFO] 🔄 INICIANDO RONDA: 1 | Moderador: llama3.1:8b
2026-04-15 11:29:06,967 [INFO] 📊 [DLB] Generando análisis técnico con qwen2.5:7b...
2026-04-15 11:29:06,967 [INFO] 📡 [PNM] Calculando recursos de red con mistral:7b...
2026-04-15 11:29:17,166 [INFO] 🔄 INICIANDO RONDA: 2 | Moderador: llama3.1:8b
2026-04-15 11:29:21,929 [INFO] 📊 [DLB] Generando análisis técnico con qwen2.5:7b...
2026-04-15 11:29:21,929 [INFO] 📡 [PNM] Calculando recursos de red con mistral:7b...
2026-04-15 11:29:31,258 [INFO] 🔄 INICIANDO RONDA: 3 | Moderador: llama3.1:8b
2026-04-15 11:29:33,227 [INFO] 📊 [DLB] Generando análisis técnico con qwen2.5:7b...
2026-04-15 11:29:33,227 [INFO] 📡 [PNM] Calculando recursos de red con mistral:7b...
2026-04-15 11:29:40,935 [INFO] 🔄 INICIANDO RONDA: 4 | Moderador: llama3.1:8b
2026-04-15 11:29:46,123 [INFO] ⚖️ [MODERADOR] Generando respuesta consenso con llama3.1:8b...
2026-04-15 11:30:03,846 [INFO]    ✅ Finalizado.
2026-04-15 11:30:04,857 [INFO] 👉 [21] Iniciando debate...
2026-04-15 11:30:04,857 [INFO] 🔄 INICIANDO RONDA: 0 | Moderador: llama3.1:8b
2026-04-15 11:30:07,388 [INFO] TOP SCORE: -4.408236980438232
2026-04-15 11:30:07,388 [INFO] 📊 RAG: 0 tablas y 5 textos enviados al experto.
2026-04-15 11:30:11,621 [INFO] 📊 [DLB] Generando análisis técnico con qwen2.5:7b...
2026-04-15 11:30:11,621 [INFO] 📡 [PNM] Calculando recursos de red con mistral:7b...
2026-04-15 11:30:17,391 [INFO] 🔄 INICIANDO RONDA: 1 | Moderador: llama3.1:8b
2026-04-15 11:30:22,316 [INFO] 📊 [DLB] Generando análisis técnico con qwen2.5:7b...
2026-04-15 11:30:22,316 [INFO] 📡 [PNM] Calculando recursos de red con mistral:7b...
2026-04-15 11:30:28,085 [INFO] 🔄 INICIANDO RONDA: 2 | Moderador: llama3.1:8b
2026-04-15 11:30:32,168 [INFO] 📊 [DLB] Generando análisis técnico con qwen2.5:7b...
2026-04-15 11:30:32,168 [INFO] 📡 [PNM] Calculando recursos de red con mistral:7b...
2026-04-15 11:30:39,315 [INFO] 🔄 INICIANDO RONDA: 3 | Moderador: llama3.1:8b
2026-04-15 11:30:43,664 [INFO] 📊 [DLB] Generando análisis técnico con qwen2.5:7b...
2026-04-15 11:30:43,664 [INFO] 📡 [PNM] Calculando recursos de red con mistral:7b...
2026-04-15 11:30:51,058 [INFO] 🔄 INICIANDO RONDA: 4 | Moderador: llama3.1:8b
2026-04-15 11:30:55,892 [INFO] ⚖️ [MODERADOR] Generando respuesta consenso con llama3.1:8b...
2026-04-15 11:31:13,291 [INFO]    ✅ Finalizado.
2026-04-15 11:31:14,299 [INFO] 👉 [22] Iniciando debate...
2026-04-15 11:31:14,299 [INFO] 🔄 INICIANDO RONDA: 0 | Moderador: llama3.1:8b
2026-04-15 11:31:16,674 [INFO] TOP SCORE: -1.2767314910888672
2026-04-15 11:31:16,674 [INFO] 📊 RAG: 0 tablas y 5 textos enviados al experto.
2026-04-15 11:31:18,190 [INFO] 📊 [DLB] Generando análisis técnico con qwen2.5:7b...
2026-04-15 11:31:18,190 [INFO] 📡 [PNM] Calculando recursos de red con mistral:7b...
2026-04-15 11:31:27,389 [INFO] 🔄 INICIANDO RONDA: 1 | Moderador: llama3.1:8b
2026-04-15 11:31:31,885 [INFO] 📊 [DLB] Generando análisis técnico con qwen2.5:7b...
2026-04-15 11:31:31,885 [INFO] 📡 [PNM] Calculando recursos de red con mistral:7b...
2026-04-15 11:31:41,677 [INFO] 🔄 INICIANDO RONDA: 2 | Moderador: llama3.1:8b
2026-04-15 11:31:46,787 [INFO] 📊 [DLB] Generando análisis técnico con qwen2.5:7b...
2026-04-15 11:31:46,787 [INFO] 📡 [PNM] Calculando recursos de red con mistral:7b...
2026-04-15 11:31:52,841 [INFO] 🔄 INICIANDO RONDA: 3 | Moderador: llama3.1:8b
2026-04-15 11:31:58,965 [INFO] 📊 [DLB] Generando análisis técnico con qwen2.5:7b...
2026-04-15 11:31:58,965 [INFO] 📡 [PNM] Calculando recursos de red con mistral:7b...
2026-04-15 11:32:05,587 [INFO] 🔄 INICIANDO RONDA: 4 | Moderador: llama3.1:8b
2026-04-15 11:32:10,987 [INFO] ⚖️ [MODERADOR] Generando respuesta consenso con llama3.1:8b...
2026-04-15 11:32:28,377 [INFO]    ✅ Finalizado.
2026-04-15 11:32:29,382 [INFO] 📁 Procesando archivo: a-novel-dual-polarized-continuous-transverse-stub-antenna-based-on-corrugated-waveguides-part-ii-experimental-demonstration_salida.txt
2026-04-15 11:32:29,382 [INFO] 👉 [23] Iniciando debate...
2026-04-15 11:32:29,382 [INFO] 🔄 INICIANDO RONDA: 0 | Moderador: llama3.1:8b
2026-04-15 11:32:31,773 [INFO] TOP SCORE: 3.616671323776245
2026-04-15 11:32:31,773 [INFO] 📊 RAG: 0 tablas y 5 textos enviados al experto.
2026-04-15 11:32:33,310 [INFO] 📊 [DLB] Generando análisis técnico con qwen2.5:7b...
2026-04-15 11:32:33,310 [INFO] 📡 [PNM] Calculando recursos de red con mistral:7b...
2026-04-15 11:32:38,400 [INFO] 🔄 INICIANDO RONDA: 1 | Moderador: llama3.1:8b
2026-04-15 11:32:41,573 [INFO] 📊 [DLB] Generando análisis técnico con qwen2.5:7b...
2026-04-15 11:32:41,573 [INFO] 📡 [PNM] Calculando recursos de red con mistral:7b...
2026-04-15 11:32:49,266 [INFO] 🔄 INICIANDO RONDA: 2 | Moderador: llama3.1:8b
2026-04-15 11:32:54,941 [INFO] 📊 [DLB] Generando análisis técnico con qwen2.5:7b...
2026-04-15 11:32:54,941 [INFO] 📡 [PNM] Calculando recursos de red con mistral:7b...
2026-04-15 11:33:03,318 [INFO] 🔄 INICIANDO RONDA: 3 | Moderador: llama3.1:8b
2026-04-15 11:33:08,658 [INFO] 📊 [DLB] Generando análisis técnico con qwen2.5:7b...
2026-04-15 11:33:08,658 [INFO] 📡 [PNM] Calculando recursos de red con mistral:7b...
2026-04-15 11:33:16,673 [INFO] 🔄 INICIANDO RONDA: 4 | Moderador: llama3.1:8b
2026-04-15 11:33:23,179 [INFO] ⚖️ [MODERADOR] Generando respuesta consenso con llama3.1:8b...
2026-04-15 11:33:41,637 [INFO]    ✅ Finalizado.
2026-04-15 11:33:42,641 [INFO] 👉 [24] Iniciando debate...
2026-04-15 11:33:42,641 [INFO] 🔄 INICIANDO RONDA: 0 | Moderador: llama3.1:8b
2026-04-15 11:33:45,078 [INFO] TOP SCORE: 1.255586862564087
2026-04-15 11:33:45,078 [INFO] 📊 RAG: 0 tablas y 5 textos enviados al experto.
2026-04-15 11:33:49,413 [INFO] 📊 [DLB] Generando análisis técnico con qwen2.5:7b...
2026-04-15 11:33:49,413 [INFO] 📡 [PNM] Calculando recursos de red con mistral:7b...
2026-04-15 11:33:55,390 [INFO] 🔄 INICIANDO RONDA: 1 | Moderador: llama3.1:8b
2026-04-15 11:33:58,818 [INFO] 📊 [DLB] Generando análisis técnico con qwen2.5:7b...
2026-04-15 11:33:58,818 [INFO] 📡 [PNM] Calculando recursos de red con mistral:7b...
2026-04-15 11:34:05,421 [INFO] 🔄 INICIANDO RONDA: 2 | Moderador: llama3.1:8b
2026-04-15 11:34:08,766 [INFO] 📊 [DLB] Generando análisis técnico con qwen2.5:7b...
2026-04-15 11:34:08,766 [INFO] 📡 [PNM] Calculando recursos de red con mistral:7b...
2026-04-15 11:34:16,973 [INFO] 🔄 INICIANDO RONDA: 3 | Moderador: llama3.1:8b
2026-04-15 11:34:20,492 [INFO] 📊 [DLB] Generando análisis técnico con qwen2.5:7b...
2026-04-15 11:34:20,492 [INFO] 📡 [PNM] Calculando recursos de red con mistral:7b...
2026-04-15 11:34:29,074 [INFO] 🔄 INICIANDO RONDA: 4 | Moderador: llama3.1:8b
2026-04-15 11:34:34,514 [INFO] ⚖️ [MODERADOR] Generando respuesta consenso con llama3.1:8b...
2026-04-15 11:34:53,060 [INFO]    ✅ Finalizado.
2026-04-15 11:34:54,065 [INFO] 👉 [25] Iniciando debate...
2026-04-15 11:34:54,065 [INFO] 🔄 INICIANDO RONDA: 0 | Moderador: llama3.1:8b
2026-04-15 11:34:56,440 [INFO] TOP SCORE: 2.0342724323272705
2026-04-15 11:34:56,440 [INFO] 📊 RAG: 0 tablas y 5 textos enviados al experto.
2026-04-15 11:35:01,454 [INFO] 📊 [DLB] Generando análisis técnico con qwen2.5:7b...
2026-04-15 11:35:01,454 [INFO] 📡 [PNM] Calculando recursos de red con mistral:7b...
2026-04-15 11:35:10,232 [INFO] 🔄 INICIANDO RONDA: 1 | Moderador: llama3.1:8b
2026-04-15 11:35:20,175 [INFO] 📊 [DLB] Generando análisis técnico con qwen2.5:7b...
2026-04-15 11:35:20,175 [INFO] 📡 [PNM] Calculando recursos de red con mistral:7b...
2026-04-15 11:35:40,744 [INFO] 🔄 INICIANDO RONDA: 2 | Moderador: llama3.1:8b
2026-04-15 11:35:46,675 [INFO] 📊 [DLB] Generando análisis técnico con qwen2.5:7b...
2026-04-15 11:35:46,675 [INFO] 📡 [PNM] Calculando recursos de red con mistral:7b...
2026-04-15 11:35:53,842 [INFO] 🔄 INICIANDO RONDA: 3 | Moderador: llama3.1:8b
2026-04-15 11:36:01,630 [INFO] 📊 [DLB] Generando análisis técnico con qwen2.5:7b...
2026-04-15 11:36:01,630 [INFO] 📡 [PNM] Calculando recursos de red con mistral:7b...
2026-04-15 11:36:13,661 [INFO] 🔄 INICIANDO RONDA: 4 | Moderador: llama3.1:8b
2026-04-15 11:36:18,416 [INFO] ⚖️ [MODERADOR] Generando respuesta consenso con llama3.1:8b...
2026-04-15 11:36:36,535 [INFO]    ✅ Finalizado.
2026-04-15 11:36:37,544 [INFO] 👉 [26] Iniciando debate...
2026-04-15 11:36:37,544 [INFO] 🔄 INICIANDO RONDA: 0 | Moderador: llama3.1:8b
2026-04-15 11:36:39,951 [INFO] TOP SCORE: -0.2066955715417862
2026-04-15 11:36:39,951 [INFO] 📊 RAG: 0 tablas y 5 textos enviados al experto.
2026-04-15 11:36:41,677 [INFO] 📊 [DLB] Generando análisis técnico con qwen2.5:7b...
2026-04-15 11:36:41,677 [INFO] 📡 [PNM] Calculando recursos de red con mistral:7b...
2026-04-15 11:36:47,458 [INFO] 🔄 INICIANDO RONDA: 1 | Moderador: llama3.1:8b
2026-04-15 11:36:50,517 [INFO] 📊 [DLB] Generando análisis técnico con qwen2.5:7b...
2026-04-15 11:36:50,517 [INFO] 📡 [PNM] Calculando recursos de red con mistral:7b...
2026-04-15 11:36:59,424 [INFO] 🔄 INICIANDO RONDA: 2 | Moderador: llama3.1:8b
2026-04-15 11:37:05,892 [INFO] 📊 [DLB] Generando análisis técnico con qwen2.5:7b...
2026-04-15 11:37:05,892 [INFO] 📡 [PNM] Calculando recursos de red con mistral:7b...
2026-04-15 11:37:13,693 [INFO] 🔄 INICIANDO RONDA: 3 | Moderador: llama3.1:8b
2026-04-15 11:37:18,805 [INFO] 📊 [DLB] Generando análisis técnico con qwen2.5:7b...
2026-04-15 11:37:18,805 [INFO] 📡 [PNM] Calculando recursos de red con mistral:7b...
2026-04-15 11:37:25,170 [INFO] 🔄 INICIANDO RONDA: 4 | Moderador: llama3.1:8b
2026-04-15 11:37:29,840 [INFO] ⚖️ [MODERADOR] Generando respuesta consenso con llama3.1:8b...
2026-04-15 11:37:47,595 [INFO]    ✅ Finalizado.
2026-04-15 11:37:48,595 [INFO] 👉 [27] Iniciando debate...
2026-04-15 11:37:48,595 [INFO] 🔄 INICIANDO RONDA: 0 | Moderador: llama3.1:8b
2026-04-15 11:37:51,017 [INFO] TOP SCORE: -2.8870604038238525
2026-04-15 11:37:51,017 [INFO] 📊 RAG: 0 tablas y 5 textos enviados al experto.
2026-04-15 11:37:57,045 [INFO] 📊 [DLB] Generando análisis técnico con qwen2.5:7b...
2026-04-15 11:37:57,045 [INFO] 📡 [PNM] Calculando recursos de red con mistral:7b...
2026-04-15 11:38:07,718 [INFO] 🔄 INICIANDO RONDA: 1 | Moderador: llama3.1:8b
2026-04-15 11:38:12,193 [INFO] 📊 [DLB] Generando análisis técnico con qwen2.5:7b...
2026-04-15 11:38:12,193 [INFO] 📡 [PNM] Calculando recursos de red con mistral:7b...
2026-04-15 11:38:21,441 [INFO] 🔄 INICIANDO RONDA: 2 | Moderador: llama3.1:8b
2026-04-15 11:38:27,051 [INFO] 📊 [DLB] Generando análisis técnico con qwen2.5:7b...
2026-04-15 11:38:27,051 [INFO] 📡 [PNM] Calculando recursos de red con mistral:7b...
2026-04-15 11:38:33,454 [INFO] 🔄 INICIANDO RONDA: 3 | Moderador: llama3.1:8b
2026-04-15 11:38:37,754 [INFO] 📊 [DLB] Generando análisis técnico con qwen2.5:7b...
2026-04-15 11:38:37,754 [INFO] 📡 [PNM] Calculando recursos de red con mistral:7b...
2026-04-15 11:38:45,099 [INFO] 🔄 INICIANDO RONDA: 4 | Moderador: llama3.1:8b
2026-04-15 11:38:51,124 [INFO] ⚖️ [MODERADOR] Generando respuesta consenso con llama3.1:8b...
2026-04-15 11:39:09,606 [INFO]    ✅ Finalizado.
2026-04-15 11:39:10,620 [INFO] 📁 Procesando archivo: a-reflector-antenna-concept-robust-against-feed-failures-for-satellite-communications_salida.txt
2026-04-15 11:39:10,620 [INFO] 👉 [28] Iniciando debate...
2026-04-15 11:39:10,620 [INFO] 🔄 INICIANDO RONDA: 0 | Moderador: llama3.1:8b
2026-04-15 11:39:13,057 [INFO] TOP SCORE: 2.669060468673706
2026-04-15 11:39:13,057 [INFO] 📊 RAG: 0 tablas y 5 textos enviados al experto.
2026-04-15 11:39:17,566 [INFO] 📊 [DLB] Generando análisis técnico con qwen2.5:7b...
2026-04-15 11:39:17,566 [INFO] 📡 [PNM] Calculando recursos de red con mistral:7b...
2026-04-15 11:39:25,132 [INFO] 🔄 INICIANDO RONDA: 1 | Moderador: llama3.1:8b
2026-04-15 11:39:28,656 [INFO] 📊 [DLB] Generando análisis técnico con qwen2.5:7b...
2026-04-15 11:39:28,656 [INFO] 📡 [PNM] Calculando recursos de red con mistral:7b...
2026-04-15 11:39:35,674 [INFO] 🔄 INICIANDO RONDA: 2 | Moderador: llama3.1:8b
2026-04-15 11:39:39,403 [INFO] 📊 [DLB] Generando análisis técnico con qwen2.5:7b...
2026-04-15 11:39:39,403 [INFO] 📡 [PNM] Calculando recursos de red con mistral:7b...
2026-04-15 11:39:45,525 [INFO] 🔄 INICIANDO RONDA: 3 | Moderador: llama3.1:8b
2026-04-15 11:39:50,735 [INFO] 📊 [DLB] Generando análisis técnico con qwen2.5:7b...
2026-04-15 11:39:50,735 [INFO] 📡 [PNM] Calculando recursos de red con mistral:7b...
2026-04-15 11:39:57,312 [INFO] 🔄 INICIANDO RONDA: 4 | Moderador: llama3.1:8b
2026-04-15 11:40:03,320 [INFO] ⚖️ [MODERADOR] Generando respuesta consenso con llama3.1:8b...
2026-04-15 11:40:21,476 [INFO]    ✅ Finalizado.
2026-04-15 11:40:22,489 [INFO] 👉 [29] Iniciando debate...
2026-04-15 11:40:22,489 [INFO] 🔄 INICIANDO RONDA: 0 | Moderador: llama3.1:8b
2026-04-15 11:40:24,958 [INFO] TOP SCORE: 0.15891176462173462
2026-04-15 11:40:24,958 [INFO] 📊 RAG: 0 tablas y 5 textos enviados al experto.
2026-04-15 11:40:26,842 [INFO] 📊 [DLB] Generando análisis técnico con qwen2.5:7b...
2026-04-15 11:40:26,842 [INFO] 📡 [PNM] Calculando recursos de red con mistral:7b...
2026-04-15 11:40:34,218 [INFO] 🔄 INICIANDO RONDA: 1 | Moderador: llama3.1:8b
2026-04-15 11:40:37,751 [INFO] 📊 [DLB] Generando análisis técnico con qwen2.5:7b...
2026-04-15 11:40:37,751 [INFO] 📡 [PNM] Calculando recursos de red con mistral:7b...
2026-04-15 11:40:44,189 [INFO] 🔄 INICIANDO RONDA: 2 | Moderador: llama3.1:8b
2026-04-15 11:40:47,704 [INFO] 📊 [DLB] Generando análisis técnico con qwen2.5:7b...
2026-04-15 11:40:47,704 [INFO] 📡 [PNM] Calculando recursos de red con mistral:7b...
2026-04-15 11:40:54,855 [INFO] 🔄 INICIANDO RONDA: 3 | Moderador: llama3.1:8b
2026-04-15 11:40:59,206 [INFO] 📊 [DLB] Generando análisis técnico con qwen2.5:7b...
2026-04-15 11:40:59,206 [INFO] 📡 [PNM] Calculando recursos de red con mistral:7b...
2026-04-15 11:41:06,746 [INFO] 🔄 INICIANDO RONDA: 4 | Moderador: llama3.1:8b
2026-04-15 11:41:11,384 [INFO] ⚖️ [MODERADOR] Generando respuesta consenso con llama3.1:8b...
2026-04-15 11:41:32,896 [INFO]    ✅ Finalizado.
2026-04-15 11:41:33,900 [INFO] 👉 [30] Iniciando debate...
2026-04-15 11:41:33,900 [INFO] 🔄 INICIANDO RONDA: 0 | Moderador: llama3.1:8b
2026-04-15 11:41:36,369 [INFO] TOP SCORE: 0.5885249376296997
2026-04-15 11:41:36,369 [INFO] 📊 RAG: 6 tablas y 5 textos enviados al experto.
2026-04-15 11:41:42,411 [INFO] 📊 [DLB] Generando análisis técnico con qwen2.5:7b...
2026-04-15 11:41:42,411 [INFO] 📡 [PNM] Calculando recursos de red con mistral:7b...
2026-04-15 11:41:51,463 [INFO] 🔄 INICIANDO RONDA: 1 | Moderador: llama3.1:8b
2026-04-15 11:41:56,548 [INFO] 📊 [DLB] Generando análisis técnico con qwen2.5:7b...
2026-04-15 11:41:56,548 [INFO] 📡 [PNM] Calculando recursos de red con mistral:7b...
2026-04-15 11:42:04,844 [INFO] 🔄 INICIANDO RONDA: 2 | Moderador: llama3.1:8b
2026-04-15 11:42:09,226 [INFO] 📊 [DLB] Generando análisis técnico con qwen2.5:7b...
2026-04-15 11:42:09,226 [INFO] 📡 [PNM] Calculando recursos de red con mistral:7b...
2026-04-15 11:42:17,942 [INFO] 🔄 INICIANDO RONDA: 3 | Moderador: llama3.1:8b
2026-04-15 11:42:23,980 [INFO] 📊 [DLB] Generando análisis técnico con qwen2.5:7b...
2026-04-15 11:42:23,980 [INFO] 📡 [PNM] Calculando recursos de red con mistral:7b...
2026-04-15 11:42:37,228 [INFO] 🔄 INICIANDO RONDA: 4 | Moderador: llama3.1:8b
2026-04-15 11:42:42,627 [INFO] ⚖️ [MODERADOR] Generando respuesta consenso con llama3.1:8b...
2026-04-15 11:43:03,315 [INFO]    ✅ Finalizado.
2026-04-15 11:43:04,330 [INFO] 👉 [31] Iniciando debate...
2026-04-15 11:43:04,330 [INFO] 🔄 INICIANDO RONDA: 0 | Moderador: llama3.1:8b
2026-04-15 11:43:06,784 [INFO] TOP SCORE: 5.374831199645996
2026-04-15 11:43:06,784 [INFO] 📊 RAG: 0 tablas y 5 textos enviados al experto.
2026-04-15 11:43:11,392 [INFO] 📊 [DLB] Generando análisis técnico con qwen2.5:7b...
2026-04-15 11:43:11,392 [INFO] 📡 [PNM] Calculando recursos de red con mistral:7b...
2026-04-15 11:43:18,350 [INFO] 🔄 INICIANDO RONDA: 1 | Moderador: llama3.1:8b
2026-04-15 11:43:24,598 [INFO] 📊 [DLB] Generando análisis técnico con qwen2.5:7b...
2026-04-15 11:43:24,598 [INFO] 📡 [PNM] Calculando recursos de red con mistral:7b...
2026-04-15 11:43:30,949 [INFO] 🔄 INICIANDO RONDA: 2 | Moderador: llama3.1:8b
2026-04-15 11:43:34,486 [INFO] 📊 [DLB] Generando análisis técnico con qwen2.5:7b...
2026-04-15 11:43:34,486 [INFO] 📡 [PNM] Calculando recursos de red con mistral:7b...
2026-04-15 11:43:40,225 [INFO] 🔄 INICIANDO RONDA: 3 | Moderador: llama3.1:8b
2026-04-15 11:43:45,310 [INFO] 📊 [DLB] Generando análisis técnico con qwen2.5:7b...
2026-04-15 11:43:45,310 [INFO] 📡 [PNM] Calculando recursos de red con mistral:7b...
2026-04-15 11:43:51,352 [INFO] 🔄 INICIANDO RONDA: 4 | Moderador: llama3.1:8b
2026-04-15 11:43:55,238 [INFO] ⚖️ [MODERADOR] Generando respuesta consenso con llama3.1:8b...
2026-04-15 11:44:14,502 [INFO]    ✅ Finalizado.
2026-04-15 11:44:15,505 [INFO] 👉 [32] Iniciando debate...
2026-04-15 11:44:15,505 [INFO] 🔄 INICIANDO RONDA: 0 | Moderador: llama3.1:8b
2026-04-15 11:44:47,693 [INFO] 📁 Procesando archivo: a-compact-low-noise-frontend-for-interleaved-rx-tx-arrays-at-k-ka-band_salida.txt
2026-04-15 11:44:47,693 [INFO] 👉 [1] Iniciando debate...
2026-04-15 11:44:47,708 [INFO] 🔄 INICIANDO RONDA: 0 | Moderador: gemma2:2b
2026-04-15 11:44:50,130 [INFO] TOP SCORE: 1.4195467233657837
2026-04-15 11:44:50,130 [INFO] 📊 RAG: 0 tablas y 5 textos enviados al experto.
2026-04-15 11:44:55,448 [INFO] 📊 [DLB] Generando análisis técnico con gemma2:2b...
2026-04-15 11:44:55,448 [INFO] 📡 [PNM] Calculando recursos de red con gemma2:2b...
2026-04-15 11:44:59,952 [INFO] 🔄 INICIANDO RONDA: 1 | Moderador: gemma2:2b
2026-04-15 11:45:01,628 [INFO] 📊 [DLB] Generando análisis técnico con gemma2:2b...
2026-04-15 11:45:01,628 [INFO] 📡 [PNM] Calculando recursos de red con gemma2:2b...
2026-04-15 11:45:05,679 [INFO] 🔄 INICIANDO RONDA: 2 | Moderador: gemma2:2b
2026-04-15 11:45:07,384 [INFO] 📊 [DLB] Generando análisis técnico con gemma2:2b...
2026-04-15 11:45:07,384 [INFO] 📡 [PNM] Calculando recursos de red con gemma2:2b...
2026-04-15 11:45:12,007 [INFO] 🔄 INICIANDO RONDA: 3 | Moderador: gemma2:2b
2026-04-15 11:45:13,743 [INFO] 📊 [DLB] Generando análisis técnico con gemma2:2b...
2026-04-15 11:45:13,743 [INFO] 📡 [PNM] Calculando recursos de red con gemma2:2b...
2026-04-15 11:45:17,946 [INFO] 🔄 INICIANDO RONDA: 4 | Moderador: gemma2:2b
2026-04-15 11:45:19,875 [INFO] ⚖️ [MODERADOR] Generando respuesta consenso con gemma2:2b...
2026-04-15 11:45:34,944 [INFO]    ✅ Finalizado.
2026-04-15 11:45:35,956 [INFO] 📁 Procesando archivo: a-compact-lowpass-filter-for-satellite-communication-systems-based-on-transfer-function-analysis_salida.txt
2026-04-15 11:45:35,956 [INFO] 👉 [2] Iniciando debate...
2026-04-15 11:45:35,956 [INFO] 🔄 INICIANDO RONDA: 0 | Moderador: gemma2:2b
2026-04-15 11:45:38,363 [INFO] TOP SCORE: 2.5584475994110107
2026-04-15 11:45:38,363 [INFO] 📊 RAG: 0 tablas y 5 textos enviados al experto.
2026-04-15 11:45:41,158 [INFO] 📊 [DLB] Generando análisis técnico con gemma2:2b...
2026-04-15 11:45:41,160 [INFO] 📡 [PNM] Calculando recursos de red con gemma2:2b...
2026-04-15 11:45:45,144 [INFO] 🔄 INICIANDO RONDA: 1 | Moderador: gemma2:2b
2026-04-15 11:45:46,711 [INFO] 📊 [DLB] Generando análisis técnico con gemma2:2b...
2026-04-15 11:45:46,711 [INFO] 📡 [PNM] Calculando recursos de red con gemma2:2b...
2026-04-15 11:45:50,389 [INFO] 🔄 INICIANDO RONDA: 2 | Moderador: gemma2:2b
2026-04-15 11:45:52,046 [INFO] 📊 [DLB] Generando análisis técnico con gemma2:2b...
2026-04-15 11:45:52,046 [INFO] 📡 [PNM] Calculando recursos de red con gemma2:2b...
2026-04-15 11:45:55,985 [INFO] 🔄 INICIANDO RONDA: 3 | Moderador: gemma2:2b
2026-04-15 11:45:57,926 [INFO] 📊 [DLB] Generando análisis técnico con gemma2:2b...
2026-04-15 11:45:57,926 [INFO] 📡 [PNM] Calculando recursos de red con gemma2:2b...
2026-04-15 11:46:01,799 [INFO] 🔄 INICIANDO RONDA: 4 | Moderador: gemma2:2b
2026-04-15 11:46:03,626 [INFO] ⚖️ [MODERADOR] Generando respuesta consenso con gemma2:2b...
2026-04-15 11:46:24,959 [INFO]    ✅ Finalizado.
2026-04-15 11:46:25,962 [INFO] 👉 [3] Iniciando debate...
2026-04-15 11:46:25,962 [INFO] 🔄 INICIANDO RONDA: 0 | Moderador: gemma2:2b
2026-04-15 11:46:28,634 [INFO] TOP SCORE: -3.2043278217315674
2026-04-15 11:46:28,634 [INFO] 📊 RAG: 0 tablas y 5 textos enviados al experto.
2026-04-15 11:46:30,740 [INFO] 📊 [DLB] Generando análisis técnico con gemma2:2b...
2026-04-15 11:46:30,740 [INFO] 📡 [PNM] Calculando recursos de red con gemma2:2b...
2026-04-15 11:46:34,522 [INFO] 🔄 INICIANDO RONDA: 1 | Moderador: gemma2:2b
2026-04-15 11:46:36,170 [INFO] 📊 [DLB] Generando análisis técnico con gemma2:2b...
2026-04-15 11:46:36,170 [INFO] 📡 [PNM] Calculando recursos de red con gemma2:2b...
2026-04-15 11:46:39,844 [INFO] 🔄 INICIANDO RONDA: 2 | Moderador: gemma2:2b
2026-04-15 11:46:41,818 [INFO] 📊 [DLB] Generando análisis técnico con gemma2:2b...
2026-04-15 11:46:41,818 [INFO] 📡 [PNM] Calculando recursos de red con gemma2:2b...
2026-04-15 11:46:46,240 [INFO] 🔄 INICIANDO RONDA: 3 | Moderador: gemma2:2b
2026-04-15 11:46:48,084 [INFO] 📊 [DLB] Generando análisis técnico con gemma2:2b...
2026-04-15 11:46:48,084 [INFO] 📡 [PNM] Calculando recursos de red con gemma2:2b...
2026-04-15 11:46:51,897 [INFO] 🔄 INICIANDO RONDA: 4 | Moderador: gemma2:2b
2026-04-15 11:46:53,687 [INFO] ⚖️ [MODERADOR] Generando respuesta consenso con gemma2:2b...
2026-04-15 11:47:17,444 [INFO]    ✅ Finalizado.
2026-04-15 11:47:18,453 [INFO] 👉 [4] Iniciando debate...
2026-04-15 11:47:18,453 [INFO] 🔄 INICIANDO RONDA: 0 | Moderador: gemma2:2b
2026-04-15 11:47:21,002 [INFO] TOP SCORE: 1.0363569259643555
2026-04-15 11:47:21,002 [INFO] 📊 RAG: 0 tablas y 5 textos enviados al experto.
2026-04-15 11:47:22,975 [INFO] 📊 [DLB] Generando análisis técnico con gemma2:2b...
2026-04-15 11:47:22,975 [INFO] 📡 [PNM] Calculando recursos de red con gemma2:2b...
2026-04-15 11:47:26,875 [INFO] 🔄 INICIANDO RONDA: 1 | Moderador: gemma2:2b
2026-04-15 11:47:28,480 [INFO] 📊 [DLB] Generando análisis técnico con gemma2:2b...
2026-04-15 11:47:28,480 [INFO] 📡 [PNM] Calculando recursos de red con gemma2:2b...
2026-04-15 11:47:32,292 [INFO] 🔄 INICIANDO RONDA: 2 | Moderador: gemma2:2b
2026-04-15 11:47:34,143 [INFO] 📊 [DLB] Generando análisis técnico con gemma2:2b...
2026-04-15 11:47:34,143 [INFO] 📡 [PNM] Calculando recursos de red con gemma2:2b...
2026-04-15 11:47:38,382 [INFO] 🔄 INICIANDO RONDA: 3 | Moderador: gemma2:2b
2026-04-15 11:47:40,117 [INFO] 📊 [DLB] Generando análisis técnico con gemma2:2b...
2026-04-15 11:47:40,117 [INFO] 📡 [PNM] Calculando recursos de red con gemma2:2b...
2026-04-15 11:47:43,893 [INFO] 🔄 INICIANDO RONDA: 4 | Moderador: gemma2:2b
2026-04-15 11:47:45,967 [INFO] ⚖️ [MODERADOR] Generando respuesta consenso con gemma2:2b...
2026-04-15 11:48:09,485 [INFO]    ✅ Finalizado.
2026-04-15 11:48:10,485 [INFO] 👉 [5] Iniciando debate...
2026-04-15 11:48:10,485 [INFO] 🔄 INICIANDO RONDA: 0 | Moderador: gemma2:2b
2026-04-15 11:48:13,032 [INFO] TOP SCORE: -2.4963417053222656
2026-04-15 11:48:13,032 [INFO] 📊 RAG: 1 tablas y 5 textos enviados al experto.
2026-04-15 11:48:15,657 [INFO] 📊 [DLB] Generando análisis técnico con gemma2:2b...
2026-04-15 11:48:15,657 [INFO] 📡 [PNM] Calculando recursos de red con gemma2:2b...
2026-04-15 11:48:20,436 [INFO] 🔄 INICIANDO RONDA: 1 | Moderador: gemma2:2b
2026-04-15 11:48:22,044 [INFO] 📊 [DLB] Generando análisis técnico con gemma2:2b...
2026-04-15 11:48:22,044 [INFO] 📡 [PNM] Calculando recursos de red con gemma2:2b...
2026-04-15 11:48:26,830 [INFO] 🔄 INICIANDO RONDA: 2 | Moderador: gemma2:2b
2026-04-15 11:48:28,790 [INFO] 📊 [DLB] Generando análisis técnico con gemma2:2b...
2026-04-15 11:48:28,790 [INFO] 📡 [PNM] Calculando recursos de red con gemma2:2b...
2026-04-15 11:48:33,675 [INFO] 🔄 INICIANDO RONDA: 3 | Moderador: gemma2:2b
2026-04-15 11:48:35,880 [INFO] 📊 [DLB] Generando análisis técnico con gemma2:2b...
2026-04-15 11:48:35,880 [INFO] 📡 [PNM] Calculando recursos de red con gemma2:2b...
2026-04-15 11:48:40,025 [INFO] 🔄 INICIANDO RONDA: 4 | Moderador: gemma2:2b
2026-04-15 11:48:41,616 [INFO] ⚖️ [MODERADOR] Generando respuesta consenso con gemma2:2b...
2026-04-15 11:49:06,676 [INFO]    ✅ Finalizado.
2026-04-15 11:49:07,681 [INFO] 📁 Procesando archivo: a-framework-to-classify-heterogeneous-internet-traffic-with-machine-learning-and-deep-learning-techniques-for-satellite-communications_salida.txt
2026-04-15 11:49:07,681 [INFO] 👉 [6] Iniciando debate...
2026-04-15 11:49:07,681 [INFO] 🔄 INICIANDO RONDA: 0 | Moderador: gemma2:2b
2026-04-15 11:49:10,181 [INFO] TOP SCORE: 1.6124547719955444
2026-04-15 11:49:10,181 [INFO] 📊 RAG: 5 tablas y 5 textos enviados al experto.
2026-04-15 11:49:12,828 [INFO] 📊 [DLB] Generando análisis técnico con gemma2:2b...
2026-04-15 11:49:12,830 [INFO] 📡 [PNM] Calculando recursos de red con gemma2:2b...
2026-04-15 11:49:18,268 [INFO] 🔄 INICIANDO RONDA: 1 | Moderador: gemma2:2b
2026-04-15 11:49:20,158 [INFO] 📊 [DLB] Generando análisis técnico con gemma2:2b...
2026-04-15 11:49:20,158 [INFO] 📡 [PNM] Calculando recursos de red con gemma2:2b...
2026-04-15 11:49:25,582 [INFO] 🔄 INICIANDO RONDA: 2 | Moderador: gemma2:2b
2026-04-15 11:49:27,177 [INFO] 📊 [DLB] Generando análisis técnico con gemma2:2b...
2026-04-15 11:49:27,177 [INFO] 📡 [PNM] Calculando recursos de red con gemma2:2b...
2026-04-15 11:49:33,096 [INFO] 🔄 INICIANDO RONDA: 3 | Moderador: gemma2:2b
2026-04-15 11:49:35,255 [INFO] 📊 [DLB] Generando análisis técnico con gemma2:2b...
2026-04-15 11:49:35,255 [INFO] 📡 [PNM] Calculando recursos de red con gemma2:2b...
2026-04-15 11:49:41,076 [INFO] 🔄 INICIANDO RONDA: 4 | Moderador: gemma2:2b
2026-04-15 11:49:43,081 [INFO] ⚖️ [MODERADOR] Generando respuesta consenso con gemma2:2b...
2026-04-15 11:50:01,902 [INFO]    ✅ Finalizado.
2026-04-15 11:50:02,902 [INFO] 👉 [7] Iniciando debate...
2026-04-15 11:50:02,902 [INFO] 🔄 INICIANDO RONDA: 0 | Moderador: gemma2:2b
2026-04-15 11:50:05,448 [INFO] TOP SCORE: -0.33143898844718933
2026-04-15 11:50:05,448 [INFO] 📊 RAG: 5 tablas y 5 textos enviados al experto.
2026-04-15 11:50:07,948 [INFO] 📊 [DLB] Generando análisis técnico con gemma2:2b...
2026-04-15 11:50:07,948 [INFO] 📡 [PNM] Calculando recursos de red con gemma2:2b...
2026-04-15 11:50:13,612 [INFO] 🔄 INICIANDO RONDA: 1 | Moderador: gemma2:2b
2026-04-15 11:50:15,097 [INFO] 📊 [DLB] Generando análisis técnico con gemma2:2b...
2026-04-15 11:50:15,097 [INFO] 📡 [PNM] Calculando recursos de red con gemma2:2b...
2026-04-15 11:50:20,666 [INFO] 🔄 INICIANDO RONDA: 2 | Moderador: gemma2:2b
2026-04-15 11:50:22,267 [INFO] 📊 [DLB] Generando análisis técnico con gemma2:2b...
2026-04-15 11:50:22,267 [INFO] 📡 [PNM] Calculando recursos de red con gemma2:2b...
2026-04-15 11:50:28,219 [INFO] 🔄 INICIANDO RONDA: 3 | Moderador: gemma2:2b
2026-04-15 11:50:30,106 [INFO] 📊 [DLB] Generando análisis técnico con gemma2:2b...
2026-04-15 11:50:30,106 [INFO] 📡 [PNM] Calculando recursos de red con gemma2:2b...
2026-04-15 11:50:35,591 [INFO] 🔄 INICIANDO RONDA: 4 | Moderador: gemma2:2b
2026-04-15 11:50:37,200 [INFO] ⚖️ [MODERADOR] Generando respuesta consenso con gemma2:2b...
2026-04-15 11:50:56,442 [INFO]    ✅ Finalizado.
2026-04-15 11:50:57,457 [INFO] 👉 [8] Iniciando debate...
2026-04-15 11:50:57,457 [INFO] 🔄 INICIANDO RONDA: 0 | Moderador: gemma2:2b
2026-04-15 11:50:59,988 [INFO] TOP SCORE: 0.8279486298561096
2026-04-15 11:50:59,988 [INFO] 📊 RAG: 0 tablas y 5 textos enviados al experto.
2026-04-15 11:51:01,773 [INFO] 📊 [DLB] Generando análisis técnico con gemma2:2b...
2026-04-15 11:51:01,773 [INFO] 📡 [PNM] Calculando recursos de red con gemma2:2b...
2026-04-15 11:51:05,000 [INFO] 🔄 INICIANDO RONDA: 1 | Moderador: gemma2:2b
2026-04-15 11:51:06,728 [INFO] 📊 [DLB] Generando análisis técnico con gemma2:2b...
2026-04-15 11:51:06,728 [INFO] 📡 [PNM] Calculando recursos de red con gemma2:2b...
2026-04-15 11:51:09,834 [INFO] 🔄 INICIANDO RONDA: 2 | Moderador: gemma2:2b
2026-04-15 11:51:11,719 [INFO] 📊 [DLB] Generando análisis técnico con gemma2:2b...
2026-04-15 11:51:11,719 [INFO] 📡 [PNM] Calculando recursos de red con gemma2:2b...
2026-04-15 11:51:15,442 [INFO] 🔄 INICIANDO RONDA: 3 | Moderador: gemma2:2b
2026-04-15 11:51:16,994 [INFO] 📊 [DLB] Generando análisis técnico con gemma2:2b...
2026-04-15 11:51:16,994 [INFO] 📡 [PNM] Calculando recursos de red con gemma2:2b...
2026-04-15 11:51:20,248 [INFO] 🔄 INICIANDO RONDA: 4 | Moderador: gemma2:2b
2026-04-15 11:51:21,975 [INFO] ⚖️ [MODERADOR] Generando respuesta consenso con gemma2:2b...
2026-04-15 11:51:40,095 [INFO]    ✅ Finalizado.
2026-04-15 11:51:41,108 [INFO] 👉 [9] Iniciando debate...
2026-04-15 11:51:41,108 [INFO] 🔄 INICIANDO RONDA: 0 | Moderador: gemma2:2b
2026-04-15 11:51:43,593 [INFO] TOP SCORE: -1.6705405712127686
2026-04-15 11:51:43,593 [INFO] 📊 RAG: 4 tablas y 5 textos enviados al experto.
2026-04-15 11:51:46,082 [INFO] 📊 [DLB] Generando análisis técnico con gemma2:2b...
2026-04-15 11:51:46,082 [INFO] 📡 [PNM] Calculando recursos de red con gemma2:2b...
2026-04-15 11:51:51,704 [INFO] 🔄 INICIANDO RONDA: 1 | Moderador: gemma2:2b
2026-04-15 11:51:53,403 [INFO] 📊 [DLB] Generando análisis técnico con gemma2:2b...
2026-04-15 11:51:53,403 [INFO] 📡 [PNM] Calculando recursos de red con gemma2:2b...
2026-04-15 11:51:58,508 [INFO] 🔄 INICIANDO RONDA: 2 | Moderador: gemma2:2b
2026-04-15 11:52:00,042 [INFO] 📊 [DLB] Generando análisis técnico con gemma2:2b...
2026-04-15 11:52:00,042 [INFO] 📡 [PNM] Calculando recursos de red con gemma2:2b...
2026-04-15 11:52:05,607 [INFO] 🔄 INICIANDO RONDA: 3 | Moderador: gemma2:2b
2026-04-15 11:52:07,444 [INFO] 📊 [DLB] Generando análisis técnico con gemma2:2b...
2026-04-15 11:52:07,444 [INFO] 📡 [PNM] Calculando recursos de red con gemma2:2b...
2026-04-15 11:52:12,512 [INFO] 🔄 INICIANDO RONDA: 4 | Moderador: gemma2:2b
2026-04-15 11:52:14,172 [INFO] ⚖️ [MODERADOR] Generando respuesta consenso con gemma2:2b...
2026-04-15 11:52:31,632 [INFO]    ✅ Finalizado.
2026-04-15 11:52:32,647 [INFO] 👉 [10] Iniciando debate...
2026-04-15 11:52:32,647 [INFO] 🔄 INICIANDO RONDA: 0 | Moderador: gemma2:2b
2026-04-15 11:52:35,068 [INFO] TOP SCORE: 2.3981456756591797
2026-04-15 11:52:35,068 [INFO] 📊 RAG: 0 tablas y 5 textos enviados al experto.
2026-04-15 11:52:37,295 [INFO] 📊 [DLB] Generando análisis técnico con gemma2:2b...
2026-04-15 11:52:37,296 [INFO] 📡 [PNM] Calculando recursos de red con gemma2:2b...
2026-04-15 11:52:41,814 [INFO] 🔄 INICIANDO RONDA: 1 | Moderador: gemma2:2b
2026-04-15 11:52:43,487 [INFO] 📊 [DLB] Generando análisis técnico con gemma2:2b...
2026-04-15 11:52:43,487 [INFO] 📡 [PNM] Calculando recursos de red con gemma2:2b...
2026-04-15 11:52:47,364 [INFO] 🔄 INICIANDO RONDA: 2 | Moderador: gemma2:2b
2026-04-15 11:52:49,228 [INFO] 📊 [DLB] Generando análisis técnico con gemma2:2b...
2026-04-15 11:52:49,228 [INFO] 📡 [PNM] Calculando recursos de red con gemma2:2b...
2026-04-15 11:52:52,832 [INFO] 🔄 INICIANDO RONDA: 3 | Moderador: gemma2:2b
2026-04-15 11:52:54,849 [INFO] 📊 [DLB] Generando análisis técnico con gemma2:2b...
2026-04-15 11:52:54,849 [INFO] 📡 [PNM] Calculando recursos de red con gemma2:2b...
2026-04-15 11:52:58,504 [INFO] 🔄 INICIANDO RONDA: 4 | Moderador: gemma2:2b
2026-04-15 11:53:00,425 [INFO] ⚖️ [MODERADOR] Generando respuesta consenso con gemma2:2b...
2026-04-15 11:53:17,242 [INFO]    ✅ Finalizado.
2026-04-15 11:53:18,245 [INFO] 👉 [11] Iniciando debate...
2026-04-15 11:53:18,245 [INFO] 🔄 INICIANDO RONDA: 0 | Moderador: gemma2:2b
2026-04-15 11:53:20,651 [INFO] TOP SCORE: 2.283893585205078
2026-04-15 11:53:20,651 [INFO] 📊 RAG: 0 tablas y 5 textos enviados al experto.
2026-04-15 11:53:22,438 [INFO] 📊 [DLB] Generando análisis técnico con gemma2:2b...
2026-04-15 11:53:22,439 [INFO] 📡 [PNM] Calculando recursos de red con gemma2:2b...
2026-04-15 11:53:26,822 [INFO] 🔄 INICIANDO RONDA: 1 | Moderador: gemma2:2b
2026-04-15 11:53:28,268 [INFO] 📊 [DLB] Generando análisis técnico con gemma2:2b...
2026-04-15 11:53:28,268 [INFO] 📡 [PNM] Calculando recursos de red con gemma2:2b...
2026-04-15 11:53:32,223 [INFO] 🔄 INICIANDO RONDA: 2 | Moderador: gemma2:2b
2026-04-15 11:53:33,757 [INFO] 📊 [DLB] Generando análisis técnico con gemma2:2b...
2026-04-15 11:53:33,757 [INFO] 📡 [PNM] Calculando recursos de red con gemma2:2b...
2026-04-15 11:53:37,595 [INFO] 🔄 INICIANDO RONDA: 3 | Moderador: gemma2:2b
2026-04-15 11:53:39,405 [INFO] 📊 [DLB] Generando análisis técnico con gemma2:2b...
2026-04-15 11:53:39,405 [INFO] 📡 [PNM] Calculando recursos de red con gemma2:2b...
2026-04-15 11:53:42,891 [INFO] 🔄 INICIANDO RONDA: 4 | Moderador: gemma2:2b
2026-04-15 11:53:44,210 [INFO] ⚖️ [MODERADOR] Generando respuesta consenso con gemma2:2b...
2026-04-15 11:54:01,227 [INFO]    ✅ Finalizado.
2026-04-15 11:54:02,236 [INFO] 👉 [12] Iniciando debate...
2026-04-15 11:54:02,236 [INFO] 🔄 INICIANDO RONDA: 0 | Moderador: gemma2:2b
2026-04-15 11:54:04,674 [INFO] TOP SCORE: 1.3480300903320312
2026-04-15 11:54:04,674 [INFO] 📊 RAG: 0 tablas y 5 textos enviados al experto.
2026-04-15 11:54:06,380 [INFO] 📊 [DLB] Generando análisis técnico con gemma2:2b...
2026-04-15 11:54:06,380 [INFO] 📡 [PNM] Calculando recursos de red con gemma2:2b...
2026-04-15 11:54:09,816 [INFO] 🔄 INICIANDO RONDA: 1 | Moderador: gemma2:2b
2026-04-15 11:54:11,064 [INFO] 📊 [DLB] Generando análisis técnico con gemma2:2b...
2026-04-15 11:54:11,064 [INFO] 📡 [PNM] Calculando recursos de red con gemma2:2b...
2026-04-15 11:54:14,614 [INFO] 🔄 INICIANDO RONDA: 2 | Moderador: gemma2:2b
2026-04-15 11:54:15,979 [INFO] 📊 [DLB] Generando análisis técnico con gemma2:2b...
2026-04-15 11:54:15,979 [INFO] 📡 [PNM] Calculando recursos de red con gemma2:2b...
2026-04-15 11:54:20,054 [INFO] 🔄 INICIANDO RONDA: 3 | Moderador: gemma2:2b
2026-04-15 11:54:22,309 [INFO] 📊 [DLB] Generando análisis técnico con gemma2:2b...
2026-04-15 11:54:22,309 [INFO] 📡 [PNM] Calculando recursos de red con gemma2:2b...
2026-04-15 11:54:26,365 [INFO] 🔄 INICIANDO RONDA: 4 | Moderador: gemma2:2b
2026-04-15 11:54:28,059 [INFO] ⚖️ [MODERADOR] Generando respuesta consenso con gemma2:2b...
2026-04-15 11:54:45,819 [INFO]    ✅ Finalizado.
2026-04-15 11:54:46,819 [INFO] 📁 Procesando archivo: a-ka-band-satcom-transceiver-in-65-nm-cmos-with-high-linearity-tx-and-dual-channel-wide-dynamic-range-rx-for-terrestrial-terminal_salida.txt
2026-04-15 11:54:46,819 [INFO] 👉 [13] Iniciando debate...
2026-04-15 11:54:46,819 [INFO] 🔄 INICIANDO RONDA: 0 | Moderador: gemma2:2b
2026-04-15 11:54:49,287 [INFO] TOP SCORE: -1.7276138067245483
2026-04-15 11:54:49,287 [INFO] 📊 RAG: 0 tablas y 5 textos enviados al experto.
2026-04-15 11:54:51,104 [INFO] 📊 [DLB] Generando análisis técnico con gemma2:2b...
2026-04-15 11:54:51,105 [INFO] 📡 [PNM] Calculando recursos de red con gemma2:2b...
2026-04-15 11:54:55,596 [INFO] 🔄 INICIANDO RONDA: 1 | Moderador: gemma2:2b
2026-04-15 11:54:57,162 [INFO] 📊 [DLB] Generando análisis técnico con gemma2:2b...
2026-04-15 11:54:57,162 [INFO] 📡 [PNM] Calculando recursos de red con gemma2:2b...
2026-04-15 11:55:01,591 [INFO] 🔄 INICIANDO RONDA: 2 | Moderador: gemma2:2b
2026-04-15 11:55:03,287 [INFO] 📊 [DLB] Generando análisis técnico con gemma2:2b...
2026-04-15 11:55:03,287 [INFO] 📡 [PNM] Calculando recursos de red con gemma2:2b...
2026-04-15 11:55:07,728 [INFO] 🔄 INICIANDO RONDA: 3 | Moderador: gemma2:2b
2026-04-15 11:55:09,560 [INFO] 📊 [DLB] Generando análisis técnico con gemma2:2b...
2026-04-15 11:55:09,560 [INFO] 📡 [PNM] Calculando recursos de red con gemma2:2b...
2026-04-15 11:55:13,916 [INFO] 🔄 INICIANDO RONDA: 4 | Moderador: gemma2:2b
2026-04-15 11:55:16,021 [INFO] ⚖️ [MODERADOR] Generando respuesta consenso con gemma2:2b...
2026-04-15 11:55:36,598 [INFO]    ✅ Finalizado.
2026-04-15 11:55:37,601 [INFO] 👉 [14] Iniciando debate...
2026-04-15 11:55:37,601 [INFO] 🔄 INICIANDO RONDA: 0 | Moderador: gemma2:2b
2026-04-15 11:55:40,007 [INFO] TOP SCORE: -3.655665159225464
2026-04-15 11:55:40,007 [INFO] 📊 RAG: 0 tablas y 5 textos enviados al experto.
2026-04-15 11:55:42,291 [INFO] 📊 [DLB] Generando análisis técnico con gemma2:2b...
2026-04-15 11:55:42,291 [INFO] 📡 [PNM] Calculando recursos de red con gemma2:2b...
2026-04-15 11:55:46,385 [INFO] 🔄 INICIANDO RONDA: 1 | Moderador: gemma2:2b
2026-04-15 11:55:48,091 [INFO] 📊 [DLB] Generando análisis técnico con gemma2:2b...
2026-04-15 11:55:48,091 [INFO] 📡 [PNM] Calculando recursos de red con gemma2:2b...
2026-04-15 11:55:51,811 [INFO] 🔄 INICIANDO RONDA: 2 | Moderador: gemma2:2b
2026-04-15 11:55:53,543 [INFO] 📊 [DLB] Generando análisis técnico con gemma2:2b...
2026-04-15 11:55:53,543 [INFO] 📡 [PNM] Calculando recursos de red con gemma2:2b...
2026-04-15 11:55:57,751 [INFO] 🔄 INICIANDO RONDA: 3 | Moderador: gemma2:2b
2026-04-15 11:56:00,051 [INFO] 📊 [DLB] Generando análisis técnico con gemma2:2b...
2026-04-15 11:56:00,051 [INFO] 📡 [PNM] Calculando recursos de red con gemma2:2b...
2026-04-15 11:56:04,112 [INFO] 🔄 INICIANDO RONDA: 4 | Moderador: gemma2:2b
2026-04-15 11:56:05,924 [INFO] ⚖️ [MODERADOR] Generando respuesta consenso con gemma2:2b...
2026-04-15 11:56:22,038 [INFO]    ✅ Finalizado.
2026-04-15 11:56:23,046 [INFO] 📁 Procesando archivo: a-lagrangian-heuristic-for-satellite-range-scheduling-with-resource-constraints_salida.txt
2026-04-15 11:56:23,046 [INFO] 👉 [15] Iniciando debate...
2026-04-15 11:56:23,046 [INFO] 🔄 INICIANDO RONDA: 0 | Moderador: gemma2:2b
2026-04-15 11:56:25,624 [INFO] TOP SCORE: 0.5249515771865845
2026-04-15 11:56:25,624 [INFO] 📊 RAG: 0 tablas y 5 textos enviados al experto.
2026-04-15 11:56:27,631 [INFO] 📊 [DLB] Generando análisis técnico con gemma2:2b...
2026-04-15 11:56:27,631 [INFO] 📡 [PNM] Calculando recursos de red con gemma2:2b...
2026-04-15 11:56:31,394 [INFO] 🔄 INICIANDO RONDA: 1 | Moderador: gemma2:2b
2026-04-15 11:56:33,118 [INFO] 📊 [DLB] Generando análisis técnico con gemma2:2b...
2026-04-15 11:56:33,118 [INFO] 📡 [PNM] Calculando recursos de red con gemma2:2b...
2026-04-15 11:56:37,188 [INFO] 🔄 INICIANDO RONDA: 2 | Moderador: gemma2:2b
2026-04-15 11:56:38,995 [INFO] 📊 [DLB] Generando análisis técnico con gemma2:2b...
2026-04-15 11:56:38,995 [INFO] 📡 [PNM] Calculando recursos de red con gemma2:2b...
2026-04-15 11:56:43,171 [INFO] 🔄 INICIANDO RONDA: 3 | Moderador: gemma2:2b
2026-04-15 11:56:44,934 [INFO] 📊 [DLB] Generando análisis técnico con gemma2:2b...
2026-04-15 11:56:44,934 [INFO] 📡 [PNM] Calculando recursos de red con gemma2:2b...
2026-04-15 11:56:49,249 [INFO] 🔄 INICIANDO RONDA: 4 | Moderador: gemma2:2b
2026-04-15 11:56:51,125 [INFO] ⚖️ [MODERADOR] Generando respuesta consenso con gemma2:2b...
2026-04-15 11:57:07,307 [INFO]    ✅ Finalizado.
2026-04-15 11:57:08,322 [INFO] 👉 [16] Iniciando debate...
2026-04-15 11:57:08,322 [INFO] 🔄 INICIANDO RONDA: 0 | Moderador: gemma2:2b
2026-04-15 11:57:10,822 [INFO] TOP SCORE: -0.9431830048561096
2026-04-15 11:57:10,822 [INFO] 📊 RAG: 0 tablas y 5 textos enviados al experto.
2026-04-15 11:57:12,255 [INFO] 📊 [DLB] Generando análisis técnico con gemma2:2b...
2026-04-15 11:57:12,255 [INFO] 📡 [PNM] Calculando recursos de red con gemma2:2b...
2026-04-15 11:57:15,694 [INFO] 🔄 INICIANDO RONDA: 1 | Moderador: gemma2:2b
2026-04-15 11:57:17,022 [INFO] 📊 [DLB] Generando análisis técnico con gemma2:2b...
2026-04-15 11:57:17,022 [INFO] 📡 [PNM] Calculando recursos de red con gemma2:2b...
2026-04-15 11:57:20,601 [INFO] 🔄 INICIANDO RONDA: 2 | Moderador: gemma2:2b
2026-04-15 11:57:22,462 [INFO] 📊 [DLB] Generando análisis técnico con gemma2:2b...
2026-04-15 11:57:22,462 [INFO] 📡 [PNM] Calculando recursos de red con gemma2:2b...
2026-04-15 11:57:26,592 [INFO] 🔄 INICIANDO RONDA: 3 | Moderador: gemma2:2b
2026-04-15 11:57:28,423 [INFO] 📊 [DLB] Generando análisis técnico con gemma2:2b...
2026-04-15 11:57:28,423 [INFO] 📡 [PNM] Calculando recursos de red con gemma2:2b...
2026-04-15 11:57:32,403 [INFO] 🔄 INICIANDO RONDA: 4 | Moderador: gemma2:2b
2026-04-15 11:57:34,219 [INFO] ⚖️ [MODERADOR] Generando respuesta consenso con gemma2:2b...
2026-04-15 11:57:51,488 [INFO]    ✅ Finalizado.
2026-04-15 11:57:52,495 [INFO] 👉 [17] Iniciando debate...
2026-04-15 11:57:52,495 [INFO] 🔄 INICIANDO RONDA: 0 | Moderador: gemma2:2b
2026-04-15 11:57:54,901 [INFO] TOP SCORE: -3.883606433868408
2026-04-15 11:57:54,901 [INFO] 📊 RAG: 0 tablas y 5 textos enviados al experto.
2026-04-15 11:57:56,714 [INFO] 📊 [DLB] Generando análisis técnico con gemma2:2b...
2026-04-15 11:57:56,714 [INFO] 📡 [PNM] Calculando recursos de red con gemma2:2b...
2026-04-15 11:58:00,186 [INFO] 🔄 INICIANDO RONDA: 1 | Moderador: gemma2:2b
2026-04-15 11:58:01,999 [INFO] 📊 [DLB] Generando análisis técnico con gemma2:2b...
2026-04-15 11:58:01,999 [INFO] 📡 [PNM] Calculando recursos de red con gemma2:2b...
2026-04-15 11:58:05,199 [INFO] 🔄 INICIANDO RONDA: 2 | Moderador: gemma2:2b
2026-04-15 11:58:07,017 [INFO] 📊 [DLB] Generando análisis técnico con gemma2:2b...
2026-04-15 11:58:07,017 [INFO] 📡 [PNM] Calculando recursos de red con gemma2:2b...
2026-04-15 11:58:10,640 [INFO] 🔄 INICIANDO RONDA: 3 | Moderador: gemma2:2b
2026-04-15 11:58:12,618 [INFO] 📊 [DLB] Generando análisis técnico con gemma2:2b...
2026-04-15 11:58:12,618 [INFO] 📡 [PNM] Calculando recursos de red con gemma2:2b...
2026-04-15 11:58:16,300 [INFO] 🔄 INICIANDO RONDA: 4 | Moderador: gemma2:2b
2026-04-15 11:58:18,106 [INFO] ⚖️ [MODERADOR] Generando respuesta consenso con gemma2:2b...
2026-04-15 11:58:36,767 [INFO]    ✅ Finalizado.
2026-04-15 11:58:37,771 [INFO] 👉 [18] Iniciando debate...
2026-04-15 11:58:37,771 [INFO] 🔄 INICIANDO RONDA: 0 | Moderador: gemma2:2b
2026-04-15 11:58:40,286 [INFO] TOP SCORE: 0.4898539185523987
2026-04-15 11:58:40,286 [INFO] 📊 RAG: 0 tablas y 5 textos enviados al experto.
2026-04-15 11:58:42,016 [INFO] 📊 [DLB] Generando análisis técnico con gemma2:2b...
2026-04-15 11:58:42,016 [INFO] 📡 [PNM] Calculando recursos de red con gemma2:2b...
2026-04-15 11:58:45,918 [INFO] 🔄 INICIANDO RONDA: 1 | Moderador: gemma2:2b
2026-04-15 11:58:47,151 [INFO] 📊 [DLB] Generando análisis técnico con gemma2:2b...
2026-04-15 11:58:47,151 [INFO] 📡 [PNM] Calculando recursos de red con gemma2:2b...
2026-04-15 11:58:50,909 [INFO] 🔄 INICIANDO RONDA: 2 | Moderador: gemma2:2b
2026-04-15 11:58:52,675 [INFO] 📊 [DLB] Generando análisis técnico con gemma2:2b...
2026-04-15 11:58:52,675 [INFO] 📡 [PNM] Calculando recursos de red con gemma2:2b...
2026-04-15 11:58:57,082 [INFO] 🔄 INICIANDO RONDA: 3 | Moderador: gemma2:2b
2026-04-15 11:58:58,700 [INFO] 📊 [DLB] Generando análisis técnico con gemma2:2b...
2026-04-15 11:58:58,700 [INFO] 📡 [PNM] Calculando recursos de red con gemma2:2b...
2026-04-15 11:59:02,370 [INFO] 🔄 INICIANDO RONDA: 4 | Moderador: gemma2:2b
2026-04-15 11:59:04,073 [INFO] ⚖️ [MODERADOR] Generando respuesta consenso con gemma2:2b...
2026-04-15 11:59:17,569 [INFO]    ✅ Finalizado.
2026-04-15 11:59:18,575 [INFO] 👉 [19] Iniciando debate...
2026-04-15 11:59:18,575 [INFO] 🔄 INICIANDO RONDA: 0 | Moderador: gemma2:2b
2026-04-15 11:59:20,981 [INFO] TOP SCORE: 0.638659656047821
2026-04-15 11:59:20,981 [INFO] 📊 RAG: 0 tablas y 5 textos enviados al experto.
2026-04-15 11:59:22,769 [INFO] 📊 [DLB] Generando análisis técnico con gemma2:2b...
2026-04-15 11:59:22,769 [INFO] 📡 [PNM] Calculando recursos de red con gemma2:2b...
2026-04-15 11:59:26,728 [INFO] 🔄 INICIANDO RONDA: 1 | Moderador: gemma2:2b
2026-04-15 11:59:28,429 [INFO] 📊 [DLB] Generando análisis técnico con gemma2:2b...
2026-04-15 11:59:28,429 [INFO] 📡 [PNM] Calculando recursos de red con gemma2:2b...
2026-04-15 11:59:31,891 [INFO] 🔄 INICIANDO RONDA: 2 | Moderador: gemma2:2b
2026-04-15 11:59:33,770 [INFO] 📊 [DLB] Generando análisis técnico con gemma2:2b...
2026-04-15 11:59:33,770 [INFO] 📡 [PNM] Calculando recursos de red con gemma2:2b...
2026-04-15 11:59:37,778 [INFO] 🔄 INICIANDO RONDA: 3 | Moderador: gemma2:2b
2026-04-15 11:59:39,680 [INFO] 📊 [DLB] Generando análisis técnico con gemma2:2b...
2026-04-15 11:59:39,680 [INFO] 📡 [PNM] Calculando recursos de red con gemma2:2b...
2026-04-15 11:59:43,939 [INFO] 🔄 INICIANDO RONDA: 4 | Moderador: gemma2:2b
2026-04-15 11:59:45,898 [INFO] ⚖️ [MODERADOR] Generando respuesta consenso con gemma2:2b...
2026-04-15 12:00:09,033 [INFO]    ✅ Finalizado.
2026-04-15 12:00:10,035 [INFO] 👉 [20] Iniciando debate...
2026-04-15 12:00:10,035 [INFO] 🔄 INICIANDO RONDA: 0 | Moderador: gemma2:2b
2026-04-15 12:00:12,489 [INFO] TOP SCORE: 2.6979167461395264
2026-04-15 12:00:12,489 [INFO] 📊 RAG: 0 tablas y 5 textos enviados al experto.
2026-04-15 12:00:14,452 [INFO] 📊 [DLB] Generando análisis técnico con gemma2:2b...
2026-04-15 12:00:14,452 [INFO] 📡 [PNM] Calculando recursos de red con gemma2:2b...
2026-04-15 12:00:18,961 [INFO] 🔄 INICIANDO RONDA: 1 | Moderador: gemma2:2b
2026-04-15 12:00:20,303 [INFO] 📊 [DLB] Generando análisis técnico con gemma2:2b...
2026-04-15 12:00:20,303 [INFO] 📡 [PNM] Calculando recursos de red con gemma2:2b...
2026-04-15 12:00:24,083 [INFO] 🔄 INICIANDO RONDA: 2 | Moderador: gemma2:2b
2026-04-15 12:00:25,592 [INFO] 📊 [DLB] Generando análisis técnico con gemma2:2b...
2026-04-15 12:00:25,592 [INFO] 📡 [PNM] Calculando recursos de red con gemma2:2b...
2026-04-15 12:00:29,812 [INFO] 🔄 INICIANDO RONDA: 3 | Moderador: gemma2:2b
2026-04-15 12:00:31,636 [INFO] 📊 [DLB] Generando análisis técnico con gemma2:2b...
2026-04-15 12:00:31,636 [INFO] 📡 [PNM] Calculando recursos de red con gemma2:2b...
2026-04-15 12:00:35,452 [INFO] 🔄 INICIANDO RONDA: 4 | Moderador: gemma2:2b
2026-04-15 12:00:37,192 [INFO] ⚖️ [MODERADOR] Generando respuesta consenso con gemma2:2b...
2026-04-15 12:00:53,238 [INFO]    ✅ Finalizado.
2026-04-15 12:00:54,241 [INFO] 👉 [21] Iniciando debate...
2026-04-15 12:00:54,241 [INFO] 🔄 INICIANDO RONDA: 0 | Moderador: gemma2:2b
2026-04-15 12:00:56,694 [INFO] TOP SCORE: -4.408236980438232
2026-04-15 12:00:56,694 [INFO] 📊 RAG: 0 tablas y 5 textos enviados al experto.
2026-04-15 12:00:58,350 [INFO] 📊 [DLB] Generando análisis técnico con gemma2:2b...
2026-04-15 12:00:58,350 [INFO] 📡 [PNM] Calculando recursos de red con gemma2:2b...
2026-04-15 12:01:02,504 [INFO] 🔄 INICIANDO RONDA: 1 | Moderador: gemma2:2b
2026-04-15 12:01:04,077 [INFO] 📊 [DLB] Generando análisis técnico con gemma2:2b...
2026-04-15 12:01:04,077 [INFO] 📡 [PNM] Calculando recursos de red con gemma2:2b...
2026-04-15 12:01:07,924 [INFO] 🔄 INICIANDO RONDA: 2 | Moderador: gemma2:2b
2026-04-15 12:01:09,694 [INFO] 📊 [DLB] Generando análisis técnico con gemma2:2b...
2026-04-15 12:01:09,694 [INFO] 📡 [PNM] Calculando recursos de red con gemma2:2b...
2026-04-15 12:01:13,925 [INFO] 🔄 INICIANDO RONDA: 3 | Moderador: gemma2:2b
2026-04-15 12:01:15,862 [INFO] 📊 [DLB] Generando análisis técnico con gemma2:2b...
2026-04-15 12:01:15,862 [INFO] 📡 [PNM] Calculando recursos de red con gemma2:2b...
2026-04-15 12:01:19,590 [INFO] 🔄 INICIANDO RONDA: 4 | Moderador: gemma2:2b
2026-04-15 12:01:21,247 [INFO] ⚖️ [MODERADOR] Generando respuesta consenso con gemma2:2b...
2026-04-15 12:01:39,891 [INFO]    ✅ Finalizado.
2026-04-15 12:01:40,892 [INFO] 👉 [22] Iniciando debate...
2026-04-15 12:01:40,892 [INFO] 🔄 INICIANDO RONDA: 0 | Moderador: gemma2:2b
2026-04-15 12:01:43,298 [INFO] TOP SCORE: -1.2767314910888672
2026-04-15 12:01:43,298 [INFO] 📊 RAG: 0 tablas y 5 textos enviados al experto.
2026-04-15 12:01:45,078 [INFO] 📊 [DLB] Generando análisis técnico con gemma2:2b...
2026-04-15 12:01:45,078 [INFO] 📡 [PNM] Calculando recursos de red con gemma2:2b...
2026-04-15 12:01:49,168 [INFO] 🔄 INICIANDO RONDA: 1 | Moderador: gemma2:2b
2026-04-15 12:01:50,875 [INFO] 📊 [DLB] Generando análisis técnico con gemma2:2b...
2026-04-15 12:01:50,875 [INFO] 📡 [PNM] Calculando recursos de red con gemma2:2b...
2026-04-15 12:01:54,868 [INFO] 🔄 INICIANDO RONDA: 2 | Moderador: gemma2:2b
2026-04-15 12:01:56,879 [INFO] 📊 [DLB] Generando análisis técnico con gemma2:2b...
2026-04-15 12:01:56,879 [INFO] 📡 [PNM] Calculando recursos de red con gemma2:2b...
2026-04-15 12:02:00,784 [INFO] 🔄 INICIANDO RONDA: 3 | Moderador: gemma2:2b
2026-04-15 12:02:03,069 [INFO] 📊 [DLB] Generando análisis técnico con gemma2:2b...
2026-04-15 12:02:03,069 [INFO] 📡 [PNM] Calculando recursos de red con gemma2:2b...
2026-04-15 12:02:07,255 [INFO] 🔄 INICIANDO RONDA: 4 | Moderador: gemma2:2b
2026-04-15 12:02:08,956 [INFO] ⚖️ [MODERADOR] Generando respuesta consenso con gemma2:2b...
2026-04-15 12:02:28,616 [INFO]    ✅ Finalizado.
2026-04-15 12:02:29,616 [INFO] 📁 Procesando archivo: a-novel-dual-polarized-continuous-transverse-stub-antenna-based-on-corrugated-waveguides-part-ii-experimental-demonstration_salida.txt
2026-04-15 12:02:29,616 [INFO] 👉 [23] Iniciando debate...
2026-04-15 12:02:29,616 [INFO] 🔄 INICIANDO RONDA: 0 | Moderador: gemma2:2b
2026-04-15 12:02:32,054 [INFO] TOP SCORE: 3.616671323776245
2026-04-15 12:02:32,054 [INFO] 📊 RAG: 0 tablas y 5 textos enviados al experto.
2026-04-15 12:02:34,559 [INFO] 📊 [DLB] Generando análisis técnico con gemma2:2b...
2026-04-15 12:02:34,559 [INFO] 📡 [PNM] Calculando recursos de red con gemma2:2b...
2026-04-15 12:02:38,659 [INFO] 🔄 INICIANDO RONDA: 1 | Moderador: gemma2:2b
2026-04-15 12:02:40,306 [INFO] 📊 [DLB] Generando análisis técnico con gemma2:2b...
2026-04-15 12:02:40,306 [INFO] 📡 [PNM] Calculando recursos de red con gemma2:2b...
2026-04-15 12:02:44,143 [INFO] 🔄 INICIANDO RONDA: 2 | Moderador: gemma2:2b
2026-04-15 12:02:45,721 [INFO] 📊 [DLB] Generando análisis técnico con gemma2:2b...
2026-04-15 12:02:45,721 [INFO] 📡 [PNM] Calculando recursos de red con gemma2:2b...
2026-04-15 12:02:50,045 [INFO] 🔄 INICIANDO RONDA: 3 | Moderador: gemma2:2b
2026-04-15 12:02:51,850 [INFO] 📊 [DLB] Generando análisis técnico con gemma2:2b...
2026-04-15 12:02:51,850 [INFO] 📡 [PNM] Calculando recursos de red con gemma2:2b...
2026-04-15 12:02:55,577 [INFO] 🔄 INICIANDO RONDA: 4 | Moderador: gemma2:2b
2026-04-15 12:02:57,556 [INFO] ⚖️ [MODERADOR] Generando respuesta consenso con gemma2:2b...
2026-04-15 12:03:14,932 [INFO]    ✅ Finalizado.
2026-04-15 12:03:15,941 [INFO] 👉 [24] Iniciando debate...
2026-04-15 12:03:15,941 [INFO] 🔄 INICIANDO RONDA: 0 | Moderador: gemma2:2b
2026-04-15 12:03:18,348 [INFO] TOP SCORE: 1.255586862564087
2026-04-15 12:03:18,348 [INFO] 📊 RAG: 0 tablas y 5 textos enviados al experto.
2026-04-15 12:03:20,443 [INFO] 📊 [DLB] Generando análisis técnico con gemma2:2b...
2026-04-15 12:03:20,443 [INFO] 📡 [PNM] Calculando recursos de red con gemma2:2b...
2026-04-15 12:03:23,875 [INFO] 🔄 INICIANDO RONDA: 1 | Moderador: gemma2:2b
2026-04-15 12:03:25,546 [INFO] 📊 [DLB] Generando análisis técnico con gemma2:2b...
2026-04-15 12:03:25,546 [INFO] 📡 [PNM] Calculando recursos de red con gemma2:2b...
2026-04-15 12:03:28,889 [INFO] 🔄 INICIANDO RONDA: 2 | Moderador: gemma2:2b
2026-04-15 12:03:30,562 [INFO] 📊 [DLB] Generando análisis técnico con gemma2:2b...
2026-04-15 12:03:30,562 [INFO] 📡 [PNM] Calculando recursos de red con gemma2:2b...
2026-04-15 12:03:34,191 [INFO] 🔄 INICIANDO RONDA: 3 | Moderador: gemma2:2b
2026-04-15 12:03:35,994 [INFO] 📊 [DLB] Generando análisis técnico con gemma2:2b...
2026-04-15 12:03:35,994 [INFO] 📡 [PNM] Calculando recursos de red con gemma2:2b...
2026-04-15 12:03:40,290 [INFO] 🔄 INICIANDO RONDA: 4 | Moderador: gemma2:2b
2026-04-15 12:03:42,167 [INFO] ⚖️ [MODERADOR] Generando respuesta consenso con gemma2:2b...
2026-04-15 12:04:02,796 [INFO]    ✅ Finalizado.
2026-04-15 12:04:03,810 [INFO] 👉 [25] Iniciando debate...
2026-04-15 12:04:03,810 [INFO] 🔄 INICIANDO RONDA: 0 | Moderador: gemma2:2b
2026-04-15 12:04:06,216 [INFO] TOP SCORE: 2.0342724323272705
2026-04-15 12:04:06,216 [INFO] 📊 RAG: 0 tablas y 5 textos enviados al experto.
2026-04-15 12:04:08,110 [INFO] 📊 [DLB] Generando análisis técnico con gemma2:2b...
2026-04-15 12:04:08,110 [INFO] 📡 [PNM] Calculando recursos de red con gemma2:2b...
2026-04-15 12:04:11,429 [INFO] 🔄 INICIANDO RONDA: 1 | Moderador: gemma2:2b
2026-04-15 12:04:12,972 [INFO] 📊 [DLB] Generando análisis técnico con gemma2:2b...
2026-04-15 12:04:12,972 [INFO] 📡 [PNM] Calculando recursos de red con gemma2:2b...
2026-04-15 12:04:16,320 [INFO] 🔄 INICIANDO RONDA: 2 | Moderador: gemma2:2b
2026-04-15 12:04:17,888 [INFO] 📊 [DLB] Generando análisis técnico con gemma2:2b...
2026-04-15 12:04:17,888 [INFO] 📡 [PNM] Calculando recursos de red con gemma2:2b...
2026-04-15 12:04:21,754 [INFO] 🔄 INICIANDO RONDA: 3 | Moderador: gemma2:2b
2026-04-15 12:04:23,335 [INFO] 📊 [DLB] Generando análisis técnico con gemma2:2b...
2026-04-15 12:04:23,335 [INFO] 📡 [PNM] Calculando recursos de red con gemma2:2b...
2026-04-15 12:04:27,288 [INFO] 🔄 INICIANDO RONDA: 4 | Moderador: gemma2:2b
2026-04-15 12:04:29,031 [INFO] ⚖️ [MODERADOR] Generando respuesta consenso con gemma2:2b...
2026-04-15 12:04:48,934 [INFO]    ✅ Finalizado.
2026-04-15 12:04:49,942 [INFO] 👉 [26] Iniciando debate...
2026-04-15 12:04:49,942 [INFO] 🔄 INICIANDO RONDA: 0 | Moderador: gemma2:2b
2026-04-15 12:04:52,395 [INFO] TOP SCORE: -0.2066955715417862
2026-04-15 12:04:52,395 [INFO] 📊 RAG: 0 tablas y 5 textos enviados al experto.
2026-04-15 12:04:54,478 [INFO] 📊 [DLB] Generando análisis técnico con gemma2:2b...
2026-04-15 12:04:54,478 [INFO] 📡 [PNM] Calculando recursos de red con gemma2:2b...
2026-04-15 12:04:58,144 [INFO] 🔄 INICIANDO RONDA: 1 | Moderador: gemma2:2b
2026-04-15 12:04:59,897 [INFO] 📊 [DLB] Generando análisis técnico con gemma2:2b...
2026-04-15 12:04:59,897 [INFO] 📡 [PNM] Calculando recursos de red con gemma2:2b...
2026-04-15 12:05:03,537 [INFO] 🔄 INICIANDO RONDA: 2 | Moderador: gemma2:2b
2026-04-15 12:05:05,497 [INFO] 📊 [DLB] Generando análisis técnico con gemma2:2b...
2026-04-15 12:05:05,497 [INFO] 📡 [PNM] Calculando recursos de red con gemma2:2b...
2026-04-15 12:05:09,741 [INFO] 🔄 INICIANDO RONDA: 3 | Moderador: gemma2:2b
2026-04-15 12:05:11,778 [INFO] 📊 [DLB] Generando análisis técnico con gemma2:2b...
2026-04-15 12:05:11,778 [INFO] 📡 [PNM] Calculando recursos de red con gemma2:2b...
2026-04-15 12:05:16,262 [INFO] 🔄 INICIANDO RONDA: 4 | Moderador: gemma2:2b
2026-04-15 12:05:18,163 [INFO] ⚖️ [MODERADOR] Generando respuesta consenso con gemma2:2b...
2026-04-15 12:05:41,745 [INFO]    ✅ Finalizado.
2026-04-15 12:05:42,754 [INFO] 👉 [27] Iniciando debate...
2026-04-15 12:05:42,754 [INFO] 🔄 INICIANDO RONDA: 0 | Moderador: gemma2:2b
2026-04-15 12:05:45,239 [INFO] TOP SCORE: -2.8870604038238525
2026-04-15 12:05:45,239 [INFO] 📊 RAG: 0 tablas y 5 textos enviados al experto.
2026-04-15 12:05:48,053 [INFO] 📊 [DLB] Generando análisis técnico con gemma2:2b...
2026-04-15 12:05:48,053 [INFO] 📡 [PNM] Calculando recursos de red con gemma2:2b...
2026-04-15 12:05:51,957 [INFO] 🔄 INICIANDO RONDA: 1 | Moderador: gemma2:2b
2026-04-15 12:05:53,479 [INFO] 📊 [DLB] Generando análisis técnico con gemma2:2b...
2026-04-15 12:05:53,479 [INFO] 📡 [PNM] Calculando recursos de red con gemma2:2b...
2026-04-15 12:05:56,989 [INFO] 🔄 INICIANDO RONDA: 2 | Moderador: gemma2:2b
2026-04-15 12:05:58,729 [INFO] 📊 [DLB] Generando análisis técnico con gemma2:2b...
2026-04-15 12:05:58,729 [INFO] 📡 [PNM] Calculando recursos de red con gemma2:2b...
2026-04-15 12:06:03,089 [INFO] 🔄 INICIANDO RONDA: 3 | Moderador: gemma2:2b
2026-04-15 12:06:04,993 [INFO] 📊 [DLB] Generando análisis técnico con gemma2:2b...
2026-04-15 12:06:04,993 [INFO] 📡 [PNM] Calculando recursos de red con gemma2:2b...
2026-04-15 12:06:09,509 [INFO] 🔄 INICIANDO RONDA: 4 | Moderador: gemma2:2b
2026-04-15 12:06:11,078 [INFO] ⚖️ [MODERADOR] Generando respuesta consenso con gemma2:2b...
2026-04-15 12:06:35,826 [INFO]    ✅ Finalizado.
2026-04-15 12:06:36,835 [INFO] 📁 Procesando archivo: a-reflector-antenna-concept-robust-against-feed-failures-for-satellite-communications_salida.txt
2026-04-15 12:06:36,835 [INFO] 👉 [28] Iniciando debate...
2026-04-15 12:06:36,835 [INFO] 🔄 INICIANDO RONDA: 0 | Moderador: gemma2:2b
2026-04-15 12:06:39,304 [INFO] TOP SCORE: 2.669060468673706
2026-04-15 12:06:39,304 [INFO] 📊 RAG: 0 tablas y 5 textos enviados al experto.
2026-04-15 12:06:41,455 [INFO] 📊 [DLB] Generando análisis técnico con gemma2:2b...
2026-04-15 12:06:41,455 [INFO] 📡 [PNM] Calculando recursos de red con gemma2:2b...
2026-04-15 12:06:45,480 [INFO] 🔄 INICIANDO RONDA: 1 | Moderador: gemma2:2b
2026-04-15 12:06:47,146 [INFO] 📊 [DLB] Generando análisis técnico con gemma2:2b...
2026-04-15 12:06:47,146 [INFO] 📡 [PNM] Calculando recursos de red con gemma2:2b...
2026-04-15 12:06:50,751 [INFO] 🔄 INICIANDO RONDA: 2 | Moderador: gemma2:2b
2026-04-15 12:06:52,574 [INFO] 📊 [DLB] Generando análisis técnico con gemma2:2b...
2026-04-15 12:06:52,574 [INFO] 📡 [PNM] Calculando recursos de red con gemma2:2b...
2026-04-15 12:06:56,459 [INFO] 🔄 INICIANDO RONDA: 3 | Moderador: gemma2:2b
2026-04-15 12:06:57,939 [INFO] 📊 [DLB] Generando análisis técnico con gemma2:2b...
2026-04-15 12:06:57,939 [INFO] 📡 [PNM] Calculando recursos de red con gemma2:2b...
2026-04-15 12:07:01,652 [INFO] 🔄 INICIANDO RONDA: 4 | Moderador: gemma2:2b
2026-04-15 12:07:03,288 [INFO] ⚖️ [MODERADOR] Generando respuesta consenso con gemma2:2b...
2026-04-15 12:07:20,066 [INFO]    ✅ Finalizado.
2026-04-15 12:07:21,076 [INFO] 👉 [29] Iniciando debate...
2026-04-15 12:07:21,076 [INFO] 🔄 INICIANDO RONDA: 0 | Moderador: gemma2:2b
2026-04-15 12:07:23,562 [INFO] TOP SCORE: 0.15891176462173462
2026-04-15 12:07:23,562 [INFO] 📊 RAG: 0 tablas y 5 textos enviados al experto.
2026-04-15 12:07:25,490 [INFO] 📊 [DLB] Generando análisis técnico con gemma2:2b...
2026-04-15 12:07:25,490 [INFO] 📡 [PNM] Calculando recursos de red con gemma2:2b...
2026-04-15 12:07:29,051 [INFO] 🔄 INICIANDO RONDA: 1 | Moderador: gemma2:2b
2026-04-15 12:07:30,662 [INFO] 📊 [DLB] Generando análisis técnico con gemma2:2b...
2026-04-15 12:07:30,662 [INFO] 📡 [PNM] Calculando recursos de red con gemma2:2b...
2026-04-15 12:07:34,078 [INFO] 🔄 INICIANDO RONDA: 2 | Moderador: gemma2:2b
2026-04-15 12:07:35,931 [INFO] 📊 [DLB] Generando análisis técnico con gemma2:2b...
2026-04-15 12:07:35,931 [INFO] 📡 [PNM] Calculando recursos de red con gemma2:2b...
2026-04-15 12:07:39,798 [INFO] 🔄 INICIANDO RONDA: 3 | Moderador: gemma2:2b
2026-04-15 12:07:41,979 [INFO] 📊 [DLB] Generando análisis técnico con gemma2:2b...
2026-04-15 12:07:41,979 [INFO] 📡 [PNM] Calculando recursos de red con gemma2:2b...
2026-04-15 12:07:46,204 [INFO] 🔄 INICIANDO RONDA: 4 | Moderador: gemma2:2b
2026-04-15 12:07:48,297 [INFO] ⚖️ [MODERADOR] Generando respuesta consenso con gemma2:2b...
2026-04-15 12:08:06,156 [INFO]    ✅ Finalizado.
2026-04-15 12:08:07,166 [INFO] 👉 [30] Iniciando debate...
2026-04-15 12:08:07,166 [INFO] 🔄 INICIANDO RONDA: 0 | Moderador: gemma2:2b
2026-04-15 12:08:09,619 [INFO] TOP SCORE: 0.5885249376296997
2026-04-15 12:08:09,619 [INFO] 📊 RAG: 6 tablas y 5 textos enviados al experto.
2026-04-15 12:08:11,848 [INFO] 📊 [DLB] Generando análisis técnico con gemma2:2b...
2026-04-15 12:08:11,848 [INFO] 📡 [PNM] Calculando recursos de red con gemma2:2b...
2026-04-15 12:08:16,486 [INFO] 🔄 INICIANDO RONDA: 1 | Moderador: gemma2:2b
2026-04-15 12:08:18,213 [INFO] 📊 [DLB] Generando análisis técnico con gemma2:2b...
2026-04-15 12:08:18,213 [INFO] 📡 [PNM] Calculando recursos de red con gemma2:2b...
2026-04-15 12:08:23,030 [INFO] 🔄 INICIANDO RONDA: 2 | Moderador: gemma2:2b
2026-04-15 12:08:24,540 [INFO] 📊 [DLB] Generando análisis técnico con gemma2:2b...
2026-04-15 12:08:24,540 [INFO] 📡 [PNM] Calculando recursos de red con gemma2:2b...
2026-04-15 12:08:29,468 [INFO] 🔄 INICIANDO RONDA: 3 | Moderador: gemma2:2b
2026-04-15 12:08:31,483 [INFO] 📊 [DLB] Generando análisis técnico con gemma2:2b...
2026-04-15 12:08:31,483 [INFO] 📡 [PNM] Calculando recursos de red con gemma2:2b...
2026-04-15 12:08:36,296 [INFO] 🔄 INICIANDO RONDA: 4 | Moderador: gemma2:2b
2026-04-15 12:08:37,897 [INFO] ⚖️ [MODERADOR] Generando respuesta consenso con gemma2:2b...
2026-04-15 12:08:53,959 [INFO]    ✅ Finalizado.
2026-04-15 12:08:54,973 [INFO] 👉 [31] Iniciando debate...
2026-04-15 12:08:54,973 [INFO] 🔄 INICIANDO RONDA: 0 | Moderador: gemma2:2b
2026-04-15 12:09:21,098 [INFO] 📁 Procesando archivo: a-compact-low-noise-frontend-for-interleaved-rx-tx-arrays-at-k-ka-band_salida.txt
2026-04-15 12:09:21,098 [INFO] 📁 Procesando archivo: a-compact-lowpass-filter-for-satellite-communication-systems-based-on-transfer-function-analysis_salida.txt
2026-04-15 12:09:21,098 [INFO] 📁 Procesando archivo: a-framework-to-classify-heterogeneous-internet-traffic-with-machine-learning-and-deep-learning-techniques-for-satellite-communications_salida.txt
2026-04-15 12:09:21,098 [INFO] 📁 Procesando archivo: a-ka-band-satcom-transceiver-in-65-nm-cmos-with-high-linearity-tx-and-dual-channel-wide-dynamic-range-rx-for-terrestrial-terminal_salida.txt
2026-04-15 12:09:21,098 [INFO] 📁 Procesando archivo: a-lagrangian-heuristic-for-satellite-range-scheduling-with-resource-constraints_salida.txt
2026-04-15 12:09:21,098 [INFO] 👉 [16] Iniciando debate...
2026-04-15 12:09:21,114 [INFO] 🔄 INICIANDO RONDA: 0 | Moderador: llama3.3:70b
2026-04-15 12:09:23,725 [INFO] TOP SCORE: -0.9431830048561096
2026-04-15 12:09:23,725 [INFO] 📊 RAG: 0 tablas y 5 textos enviados al experto.
2026-04-15 12:10:24,950 [INFO] 📊 [DLB] Generando análisis técnico con llama3.3:70b...
2026-04-15 12:10:24,950 [INFO] 📡 [PNM] Calculando recursos de red con llama3.3:70b...
2026-04-15 12:11:04,607 [INFO] 🔄 INICIANDO RONDA: 1 | Moderador: llama3.3:70b
2026-04-15 12:11:24,915 [INFO] 📊 [DLB] Generando análisis técnico con llama3.3:70b...
2026-04-15 12:11:24,915 [INFO] 📡 [PNM] Calculando recursos de red con llama3.3:70b...
2026-04-15 12:12:11,474 [INFO] 🔄 INICIANDO RONDA: 2 | Moderador: llama3.3:70b
2026-04-15 12:12:35,132 [INFO] 📊 [DLB] Generando análisis técnico con llama3.3:70b...
2026-04-15 12:12:35,132 [INFO] 📡 [PNM] Calculando recursos de red con llama3.3:70b...
2026-04-15 12:13:27,039 [INFO] 🔄 INICIANDO RONDA: 3 | Moderador: llama3.3:70b
2026-04-15 12:13:47,963 [INFO] 📊 [DLB] Generando análisis técnico con llama3.3:70b...
2026-04-15 12:13:47,963 [INFO] 📡 [PNM] Calculando recursos de red con llama3.3:70b...
2026-04-15 12:14:35,323 [INFO] 🔄 INICIANDO RONDA: 4 | Moderador: llama3.3:70b
2026-04-15 12:14:55,628 [INFO] ⚖️ [MODERADOR] Generando respuesta consenso con llama3.3:70b...
2026-04-15 12:15:53,364 [INFO]    ✅ Finalizado.
2026-04-15 12:15:54,374 [INFO] 👉 [17] Iniciando debate...
2026-04-15 12:15:54,374 [INFO] 🔄 INICIANDO RONDA: 0 | Moderador: llama3.3:70b
2026-04-15 17:15:40,187 [INFO] 📁 Procesando archivo: a-compact-low-noise-frontend-for-interleaved-rx-tx-arrays-at-k-ka-band_salida.txt
2026-04-15 17:15:40,203 [INFO] 📁 Procesando archivo: a-compact-lowpass-filter-for-satellite-communication-systems-based-on-transfer-function-analysis_salida.txt
2026-04-15 17:15:40,203 [INFO] 📁 Procesando archivo: a-framework-to-classify-heterogeneous-internet-traffic-with-machine-learning-and-deep-learning-techniques-for-satellite-communications_salida.txt
2026-04-15 17:15:40,218 [INFO] 📁 Procesando archivo: a-ka-band-satcom-transceiver-in-65-nm-cmos-with-high-linearity-tx-and-dual-channel-wide-dynamic-range-rx-for-terrestrial-terminal_salida.txt
2026-04-15 17:15:40,218 [INFO] 📁 Procesando archivo: a-lagrangian-heuristic-for-satellite-range-scheduling-with-resource-constraints_salida.txt
2026-04-15 17:15:40,234 [INFO] 👉 [21] Iniciando debate...
2026-04-15 17:15:40,265 [INFO] 🔄 INICIANDO RONDA: 0 | Moderador: llama3.1:8b
2026-04-15 17:15:43,141 [INFO] TOP SCORE: -4.408236980438232
2026-04-15 17:15:43,141 [INFO] 📊 RAG: 0 tablas y 5 textos enviados al experto.
2026-04-15 17:15:50,861 [INFO] 📊 [DLB] Generando análisis técnico con qwen2.5:7b...
2026-04-15 17:15:50,861 [INFO] 📡 [PNM] Calculando recursos de red con mistral:7b...
2026-04-15 17:16:04,256 [INFO] 🔄 INICIANDO RONDA: 1 | Moderador: llama3.1:8b
2026-04-15 17:16:08,187 [INFO] 📊 [DLB] Generando análisis técnico con qwen2.5:7b...
2026-04-15 17:16:08,187 [INFO] 📡 [PNM] Calculando recursos de red con mistral:7b...
2026-04-15 17:16:18,370 [INFO] 🔄 INICIANDO RONDA: 2 | Moderador: llama3.1:8b
2026-04-15 17:16:22,473 [INFO] 📊 [DLB] Generando análisis técnico con qwen2.5:7b...
2026-04-15 17:16:22,473 [INFO] 📡 [PNM] Calculando recursos de red con mistral:7b...
2026-04-15 17:16:33,918 [INFO] 🔄 INICIANDO RONDA: 3 | Moderador: llama3.1:8b
2026-04-15 17:16:40,268 [INFO] 📊 [DLB] Generando análisis técnico con qwen2.5:7b...
2026-04-15 17:16:40,268 [INFO] 📡 [PNM] Calculando recursos de red con mistral:7b...
2026-04-15 17:16:49,354 [INFO] 🔄 INICIANDO RONDA: 4 | Moderador: llama3.1:8b
2026-04-15 17:16:54,796 [INFO] ⚖️ [MODERADOR] Generando respuesta consenso con llama3.1:8b...
2026-04-15 17:17:14,025 [INFO]    ✅ Finalizado.
2026-04-15 17:17:15,028 [INFO] 👉 [22] Iniciando debate...
2026-04-15 17:17:15,028 [INFO] 🔄 INICIANDO RONDA: 0 | Moderador: llama3.1:8b
2026-04-15 17:17:17,435 [INFO] TOP SCORE: -1.2767314910888672
2026-04-15 17:17:17,435 [INFO] 📊 RAG: 0 tablas y 5 textos enviados al experto.
2026-04-15 17:17:21,523 [INFO] 📊 [DLB] Generando análisis técnico con qwen2.5:7b...
2026-04-15 17:17:21,523 [INFO] 📡 [PNM] Calculando recursos de red con mistral:7b...
2026-04-15 17:17:27,359 [INFO] 🔄 INICIANDO RONDA: 1 | Moderador: llama3.1:8b
2026-04-15 17:17:31,719 [INFO] 📊 [DLB] Generando análisis técnico con qwen2.5:7b...
2026-04-15 17:17:31,719 [INFO] 📡 [PNM] Calculando recursos de red con mistral:7b...
2026-04-15 17:17:37,993 [INFO] 🔄 INICIANDO RONDA: 2 | Moderador: llama3.1:8b
2026-04-15 17:17:41,210 [INFO] 📊 [DLB] Generando análisis técnico con qwen2.5:7b...
2026-04-15 17:17:41,210 [INFO] 📡 [PNM] Calculando recursos de red con mistral:7b...
2026-04-15 17:17:47,084 [INFO] 🔄 INICIANDO RONDA: 3 | Moderador: llama3.1:8b
2026-04-15 17:17:51,217 [INFO] 📊 [DLB] Generando análisis técnico con qwen2.5:7b...
2026-04-15 17:17:51,217 [INFO] 📡 [PNM] Calculando recursos de red con mistral:7b...
2026-04-15 17:17:57,167 [INFO] 🔄 INICIANDO RONDA: 4 | Moderador: llama3.1:8b
2026-04-15 17:18:01,262 [INFO] ⚖️ [MODERADOR] Generando respuesta consenso con llama3.1:8b...
2026-04-15 17:18:16,616 [INFO]    ✅ Finalizado.
2026-04-15 17:18:17,628 [INFO] 📁 Procesando archivo: a-novel-dual-polarized-continuous-transverse-stub-antenna-based-on-corrugated-waveguides-part-ii-experimental-demonstration_salida.txt
2026-04-15 17:18:17,628 [INFO] 👉 [23] Iniciando debate...
2026-04-15 17:18:17,628 [INFO] 🔄 INICIANDO RONDA: 0 | Moderador: llama3.1:8b
2026-04-15 17:18:20,018 [INFO] TOP SCORE: 3.616671323776245
2026-04-15 17:18:20,018 [INFO] 📊 RAG: 0 tablas y 5 textos enviados al experto.
2026-04-15 17:18:24,622 [INFO] 📊 [DLB] Generando análisis técnico con qwen2.5:7b...
2026-04-15 17:18:24,622 [INFO] 📡 [PNM] Calculando recursos de red con mistral:7b...
2026-04-15 17:18:31,416 [INFO] 🔄 INICIANDO RONDA: 1 | Moderador: llama3.1:8b
2026-04-15 17:18:34,932 [INFO] 📊 [DLB] Generando análisis técnico con qwen2.5:7b...
2026-04-15 17:18:34,932 [INFO] 📡 [PNM] Calculando recursos de red con mistral:7b...
2026-04-15 17:18:42,402 [INFO] 🔄 INICIANDO RONDA: 2 | Moderador: llama3.1:8b
2026-04-15 17:18:46,323 [INFO] 📊 [DLB] Generando análisis técnico con qwen2.5:7b...
2026-04-15 17:18:46,323 [INFO] 📡 [PNM] Calculando recursos de red con mistral:7b...
2026-04-15 17:18:54,067 [INFO] 🔄 INICIANDO RONDA: 3 | Moderador: llama3.1:8b
2026-04-15 17:19:02,194 [INFO] 📊 [DLB] Generando análisis técnico con qwen2.5:7b...
2026-04-15 17:19:02,194 [INFO] 📡 [PNM] Calculando recursos de red con mistral:7b...
2026-04-15 17:19:09,509 [INFO] 🔄 INICIANDO RONDA: 4 | Moderador: llama3.1:8b
2026-04-15 17:19:14,134 [INFO] ⚖️ [MODERADOR] Generando respuesta consenso con llama3.1:8b...
2026-04-15 17:19:33,346 [INFO]    ✅ Finalizado.
2026-04-15 17:19:34,353 [INFO] 👉 [24] Iniciando debate...
2026-04-15 17:19:34,353 [INFO] 🔄 INICIANDO RONDA: 0 | Moderador: llama3.1:8b
2026-04-15 17:19:36,900 [INFO] TOP SCORE: 1.255586862564087
2026-04-15 17:19:36,900 [INFO] 📊 RAG: 0 tablas y 5 textos enviados al experto.
2026-04-15 17:19:40,780 [INFO] 📊 [DLB] Generando análisis técnico con qwen2.5:7b...
2026-04-15 17:19:40,780 [INFO] 📡 [PNM] Calculando recursos de red con mistral:7b...
2026-04-15 17:19:47,809 [INFO] 🔄 INICIANDO RONDA: 1 | Moderador: llama3.1:8b
2026-04-15 17:19:52,037 [INFO] 📊 [DLB] Generando análisis técnico con qwen2.5:7b...
2026-04-15 17:19:52,037 [INFO] 📡 [PNM] Calculando recursos de red con mistral:7b...
2026-04-15 17:19:58,374 [INFO] 🔄 INICIANDO RONDA: 2 | Moderador: llama3.1:8b
2026-04-15 17:20:02,336 [INFO] 📊 [DLB] Generando análisis técnico con qwen2.5:7b...
2026-04-15 17:20:02,336 [INFO] 📡 [PNM] Calculando recursos de red con mistral:7b...
2026-04-15 17:20:09,919 [INFO] 🔄 INICIANDO RONDA: 3 | Moderador: llama3.1:8b
2026-04-15 17:20:13,928 [INFO] 📊 [DLB] Generando análisis técnico con qwen2.5:7b...
2026-04-15 17:20:13,928 [INFO] 📡 [PNM] Calculando recursos de red con mistral:7b...
2026-04-15 17:20:21,088 [INFO] 🔄 INICIANDO RONDA: 4 | Moderador: llama3.1:8b
2026-04-15 17:20:25,605 [INFO] ⚖️ [MODERADOR] Generando respuesta consenso con llama3.1:8b...
2026-04-15 17:20:44,723 [INFO]    ✅ Finalizado.
2026-04-15 17:20:45,735 [INFO] 👉 [25] Iniciando debate...
2026-04-15 17:20:45,735 [INFO] 🔄 INICIANDO RONDA: 0 | Moderador: llama3.1:8b
2026-04-15 17:20:48,313 [INFO] TOP SCORE: 2.0342724323272705
2026-04-15 17:20:48,313 [INFO] 📊 RAG: 0 tablas y 5 textos enviados al experto.
2026-04-15 17:20:52,280 [INFO] 📊 [DLB] Generando análisis técnico con qwen2.5:7b...
2026-04-15 17:20:52,280 [INFO] 📡 [PNM] Calculando recursos de red con mistral:7b...
2026-04-15 17:20:58,313 [INFO] 🔄 INICIANDO RONDA: 1 | Moderador: llama3.1:8b
2026-04-15 17:21:01,834 [INFO] 📊 [DLB] Generando análisis técnico con qwen2.5:7b...
2026-04-15 17:21:01,834 [INFO] 📡 [PNM] Calculando recursos de red con mistral:7b...
2026-04-15 17:21:07,763 [INFO] 🔄 INICIANDO RONDA: 2 | Moderador: llama3.1:8b
2026-04-15 17:21:11,857 [INFO] 📊 [DLB] Generando análisis técnico con qwen2.5:7b...
2026-04-15 17:21:11,857 [INFO] 📡 [PNM] Calculando recursos de red con mistral:7b...
2026-04-15 17:21:17,739 [INFO] 🔄 INICIANDO RONDA: 3 | Moderador: llama3.1:8b
2026-04-15 17:21:21,976 [INFO] 📊 [DLB] Generando análisis técnico con qwen2.5:7b...
2026-04-15 17:21:21,976 [INFO] 📡 [PNM] Calculando recursos de red con mistral:7b...
2026-04-15 17:21:28,686 [INFO] 🔄 INICIANDO RONDA: 4 | Moderador: llama3.1:8b
2026-04-15 17:21:32,467 [INFO] ⚖️ [MODERADOR] Generando respuesta consenso con llama3.1:8b...
2026-04-15 17:21:53,446 [INFO]    ✅ Finalizado.
2026-04-15 17:21:54,460 [INFO] 👉 [26] Iniciando debate...
2026-04-15 17:21:54,460 [INFO] 🔄 INICIANDO RONDA: 0 | Moderador: llama3.1:8b
2026-04-15 17:21:56,991 [INFO] TOP SCORE: -0.2066955715417862
2026-04-15 17:21:56,991 [INFO] 📊 RAG: 0 tablas y 5 textos enviados al experto.
2026-04-15 17:22:02,223 [INFO] 📊 [DLB] Generando análisis técnico con qwen2.5:7b...
2026-04-15 17:22:02,223 [INFO] 📡 [PNM] Calculando recursos de red con mistral:7b...
2026-04-15 17:22:08,322 [INFO] 🔄 INICIANDO RONDA: 1 | Moderador: llama3.1:8b
2026-04-15 17:22:12,787 [INFO] 📊 [DLB] Generando análisis técnico con qwen2.5:7b...
2026-04-15 17:22:12,787 [INFO] 📡 [PNM] Calculando recursos de red con mistral:7b...
2026-04-15 17:22:18,274 [INFO] 🔄 INICIANDO RONDA: 2 | Moderador: llama3.1:8b
2026-04-15 17:22:22,222 [INFO] 📊 [DLB] Generando análisis técnico con qwen2.5:7b...
2026-04-15 17:22:22,222 [INFO] 📡 [PNM] Calculando recursos de red con mistral:7b...
2026-04-15 17:22:29,157 [INFO] 🔄 INICIANDO RONDA: 3 | Moderador: llama3.1:8b
2026-04-15 17:22:33,687 [INFO] 📊 [DLB] Generando análisis técnico con qwen2.5:7b...
2026-04-15 17:22:33,687 [INFO] 📡 [PNM] Calculando recursos de red con mistral:7b...
2026-04-15 17:22:39,903 [INFO] 🔄 INICIANDO RONDA: 4 | Moderador: llama3.1:8b
2026-04-15 17:22:43,613 [INFO] ⚖️ [MODERADOR] Generando respuesta consenso con llama3.1:8b...
2026-04-15 17:23:02,152 [INFO]    ✅ Finalizado.
2026-04-15 17:23:03,158 [INFO] 👉 [27] Iniciando debate...
2026-04-15 17:23:03,158 [INFO] 🔄 INICIANDO RONDA: 0 | Moderador: llama3.1:8b
2026-04-15 17:23:05,752 [INFO] TOP SCORE: -2.8870604038238525
2026-04-15 17:23:05,752 [INFO] 📊 RAG: 0 tablas y 5 textos enviados al experto.
2026-04-15 17:23:10,379 [INFO] 📊 [DLB] Generando análisis técnico con qwen2.5:7b...
2026-04-15 17:23:10,379 [INFO] 📡 [PNM] Calculando recursos de red con mistral:7b...
2026-04-15 17:23:20,946 [INFO] 🔄 INICIANDO RONDA: 1 | Moderador: llama3.1:8b
2026-04-15 17:23:24,901 [INFO] 📊 [DLB] Generando análisis técnico con qwen2.5:7b...
2026-04-15 17:23:24,901 [INFO] 📡 [PNM] Calculando recursos de red con mistral:7b...
2026-04-15 17:23:31,885 [INFO] 🔄 INICIANDO RONDA: 2 | Moderador: llama3.1:8b
2026-04-15 17:23:35,636 [INFO] 📊 [DLB] Generando análisis técnico con qwen2.5:7b...
2026-04-15 17:23:35,636 [INFO] 📡 [PNM] Calculando recursos de red con mistral:7b...
2026-04-15 17:23:44,707 [INFO] 🔄 INICIANDO RONDA: 3 | Moderador: llama3.1:8b
2026-04-15 17:23:49,075 [INFO] 📊 [DLB] Generando análisis técnico con qwen2.5:7b...
2026-04-15 17:23:49,075 [INFO] 📡 [PNM] Calculando recursos de red con mistral:7b...
2026-04-15 17:23:58,930 [INFO] 🔄 INICIANDO RONDA: 4 | Moderador: llama3.1:8b
2026-04-15 17:24:04,199 [INFO] ⚖️ [MODERADOR] Generando respuesta consenso con llama3.1:8b...
2026-04-15 17:24:27,855 [INFO]    ✅ Finalizado.
2026-04-15 17:24:28,859 [INFO] 📁 Procesando archivo: a-reflector-antenna-concept-robust-against-feed-failures-for-satellite-communications_salida.txt
2026-04-15 17:24:28,859 [INFO] 👉 [28] Iniciando debate...
2026-04-15 17:24:28,859 [INFO] 🔄 INICIANDO RONDA: 0 | Moderador: llama3.1:8b
2026-04-15 17:24:31,438 [INFO] TOP SCORE: 2.669060468673706
2026-04-15 17:24:31,438 [INFO] 📊 RAG: 0 tablas y 5 textos enviados al experto.
2026-04-15 17:24:35,685 [INFO] 📊 [DLB] Generando análisis técnico con qwen2.5:7b...
2026-04-15 17:24:35,685 [INFO] 📡 [PNM] Calculando recursos de red con mistral:7b...
2026-04-15 17:24:45,586 [INFO] 🔄 INICIANDO RONDA: 1 | Moderador: llama3.1:8b
2026-04-15 17:24:50,537 [INFO] 📊 [DLB] Generando análisis técnico con qwen2.5:7b...
2026-04-15 17:24:50,537 [INFO] 📡 [PNM] Calculando recursos de red con mistral:7b...
2026-04-15 17:24:57,493 [INFO] 🔄 INICIANDO RONDA: 2 | Moderador: llama3.1:8b
2026-04-15 17:25:01,305 [INFO] 📊 [DLB] Generando análisis técnico con qwen2.5:7b...
2026-04-15 17:25:01,305 [INFO] 📡 [PNM] Calculando recursos de red con mistral:7b...
2026-04-15 17:25:09,023 [INFO] 🔄 INICIANDO RONDA: 3 | Moderador: llama3.1:8b
2026-04-15 17:25:13,600 [INFO] 📊 [DLB] Generando análisis técnico con qwen2.5:7b...
2026-04-15 17:25:13,600 [INFO] 📡 [PNM] Calculando recursos de red con mistral:7b...
2026-04-15 17:25:19,669 [INFO] 🔄 INICIANDO RONDA: 4 | Moderador: llama3.1:8b
2026-04-15 17:25:24,345 [INFO] ⚖️ [MODERADOR] Generando respuesta consenso con llama3.1:8b...
2026-04-15 17:25:41,711 [INFO]    ✅ Finalizado.
2026-04-15 17:25:42,724 [INFO] 👉 [29] Iniciando debate...
2026-04-15 17:25:42,724 [INFO] 🔄 INICIANDO RONDA: 0 | Moderador: llama3.1:8b
2026-04-15 17:25:45,318 [INFO] TOP SCORE: 0.15891176462173462
2026-04-15 17:25:45,318 [INFO] 📊 RAG: 0 tablas y 5 textos enviados al experto.
2026-04-15 17:25:50,052 [INFO] 📊 [DLB] Generando análisis técnico con qwen2.5:7b...
2026-04-15 17:25:50,052 [INFO] 📡 [PNM] Calculando recursos de red con mistral:7b...
2026-04-15 17:25:55,784 [INFO] 🔄 INICIANDO RONDA: 1 | Moderador: llama3.1:8b
2026-04-15 17:25:59,404 [INFO] 📊 [DLB] Generando análisis técnico con qwen2.5:7b...
2026-04-15 17:25:59,404 [INFO] 📡 [PNM] Calculando recursos de red con mistral:7b...
2026-04-15 17:26:05,180 [INFO] 🔄 INICIANDO RONDA: 2 | Moderador: llama3.1:8b
2026-04-15 17:26:09,207 [INFO] 📊 [DLB] Generando análisis técnico con qwen2.5:7b...
2026-04-15 17:26:09,207 [INFO] 📡 [PNM] Calculando recursos de red con mistral:7b...
2026-04-15 17:26:15,209 [INFO] 🔄 INICIANDO RONDA: 3 | Moderador: llama3.1:8b
2026-04-15 17:26:20,690 [INFO] 📊 [DLB] Generando análisis técnico con qwen2.5:7b...
2026-04-15 17:26:20,690 [INFO] 📡 [PNM] Calculando recursos de red con mistral:7b...
2026-04-15 17:26:28,527 [INFO] 🔄 INICIANDO RONDA: 4 | Moderador: llama3.1:8b
2026-04-15 17:26:34,466 [INFO] ⚖️ [MODERADOR] Generando respuesta consenso con llama3.1:8b...
2026-04-15 17:26:58,653 [INFO]    ✅ Finalizado.
2026-04-15 17:26:59,664 [INFO] 👉 [30] Iniciando debate...
2026-04-15 17:26:59,664 [INFO] 🔄 INICIANDO RONDA: 0 | Moderador: llama3.1:8b
2026-04-15 17:27:02,243 [INFO] TOP SCORE: 0.5885249376296997
2026-04-15 17:27:02,243 [INFO] 📊 RAG: 6 tablas y 5 textos enviados al experto.
2026-04-15 17:27:08,210 [INFO] 📊 [DLB] Generando análisis técnico con qwen2.5:7b...
2026-04-15 17:27:08,210 [INFO] 📡 [PNM] Calculando recursos de red con mistral:7b...
2026-04-15 17:27:19,115 [INFO] 🔄 INICIANDO RONDA: 1 | Moderador: llama3.1:8b
2026-04-15 17:27:23,415 [INFO] 📊 [DLB] Generando análisis técnico con qwen2.5:7b...
2026-04-15 17:27:23,415 [INFO] 📡 [PNM] Calculando recursos de red con mistral:7b...
2026-04-15 17:27:32,771 [INFO] 🔄 INICIANDO RONDA: 2 | Moderador: llama3.1:8b
2026-04-15 17:27:36,934 [INFO] 📊 [DLB] Generando análisis técnico con qwen2.5:7b...
2026-04-15 17:27:36,934 [INFO] 📡 [PNM] Calculando recursos de red con mistral:7b...
2026-04-15 17:27:46,870 [INFO] 🔄 INICIANDO RONDA: 3 | Moderador: llama3.1:8b
2026-04-15 17:27:52,567 [INFO] 📊 [DLB] Generando análisis técnico con qwen2.5:7b...
2026-04-15 17:27:52,567 [INFO] 📡 [PNM] Calculando recursos de red con mistral:7b...
2026-04-15 17:28:02,826 [INFO] 🔄 INICIANDO RONDA: 4 | Moderador: llama3.1:8b
2026-04-15 17:28:08,314 [INFO] ⚖️ [MODERADOR] Generando respuesta consenso con llama3.1:8b...
2026-04-15 17:28:29,785 [INFO]    ✅ Finalizado.
2026-04-15 17:28:30,791 [INFO] 👉 [31] Iniciando debate...
2026-04-15 17:28:30,791 [INFO] 🔄 INICIANDO RONDA: 0 | Moderador: llama3.1:8b
2026-04-15 17:28:33,370 [INFO] TOP SCORE: 5.374831199645996
2026-04-15 17:28:33,370 [INFO] 📊 RAG: 0 tablas y 5 textos enviados al experto.
2026-04-15 17:28:35,144 [INFO] 📊 [DLB] Generando análisis técnico con qwen2.5:7b...
2026-04-15 17:28:35,144 [INFO] 📡 [PNM] Calculando recursos de red con mistral:7b...
2026-04-15 17:28:41,173 [INFO] 🔄 INICIANDO RONDA: 1 | Moderador: llama3.1:8b
2026-04-15 17:28:45,198 [INFO] 📊 [DLB] Generando análisis técnico con qwen2.5:7b...
2026-04-15 17:28:45,198 [INFO] 📡 [PNM] Calculando recursos de red con mistral:7b...
2026-04-15 17:28:54,509 [INFO] 🔄 INICIANDO RONDA: 2 | Moderador: llama3.1:8b
2026-04-15 17:28:59,176 [INFO] 📊 [DLB] Generando análisis técnico con qwen2.5:7b...
2026-04-15 17:28:59,176 [INFO] 📡 [PNM] Calculando recursos de red con mistral:7b...
2026-04-15 17:29:06,836 [INFO] 🔄 INICIANDO RONDA: 3 | Moderador: llama3.1:8b
2026-04-15 17:29:11,483 [INFO] 📊 [DLB] Generando análisis técnico con qwen2.5:7b...
2026-04-15 17:29:11,483 [INFO] 📡 [PNM] Calculando recursos de red con mistral:7b...
2026-04-15 17:29:18,848 [INFO] 🔄 INICIANDO RONDA: 4 | Moderador: llama3.1:8b
2026-04-15 17:29:25,288 [INFO] ⚖️ [MODERADOR] Generando respuesta consenso con llama3.1:8b...
2026-04-15 17:29:45,316 [INFO]    ✅ Finalizado.
2026-04-15 17:29:46,329 [INFO] 👉 [32] Iniciando debate...
2026-04-15 17:29:46,329 [INFO] 🔄 INICIANDO RONDA: 0 | Moderador: llama3.1:8b
2026-04-15 17:29:48,860 [INFO] TOP SCORE: 3.062441349029541
2026-04-15 17:29:48,860 [INFO] 📊 RAG: 1 tablas y 5 textos enviados al experto.
2026-04-15 17:29:50,605 [INFO] 📊 [DLB] Generando análisis técnico con qwen2.5:7b...
2026-04-15 17:29:50,605 [INFO] 📡 [PNM] Calculando recursos de red con mistral:7b...
2026-04-15 17:29:56,148 [INFO] 🔄 INICIANDO RONDA: 1 | Moderador: llama3.1:8b
2026-04-15 17:29:59,347 [INFO] 📊 [DLB] Generando análisis técnico con qwen2.5:7b...
2026-04-15 17:29:59,347 [INFO] 📡 [PNM] Calculando recursos de red con mistral:7b...
2026-04-15 17:30:06,426 [INFO] 🔄 INICIANDO RONDA: 2 | Moderador: llama3.1:8b
2026-04-15 17:30:10,055 [INFO] 📊 [DLB] Generando análisis técnico con qwen2.5:7b...
2026-04-15 17:30:10,055 [INFO] 📡 [PNM] Calculando recursos de red con mistral:7b...
2026-04-15 17:30:17,159 [INFO] 🔄 INICIANDO RONDA: 3 | Moderador: llama3.1:8b
2026-04-15 17:30:21,191 [INFO] 📊 [DLB] Generando análisis técnico con qwen2.5:7b...
2026-04-15 17:30:21,191 [INFO] 📡 [PNM] Calculando recursos de red con mistral:7b...
2026-04-15 17:30:28,179 [INFO] 🔄 INICIANDO RONDA: 4 | Moderador: llama3.1:8b
2026-04-15 17:30:32,043 [INFO] ⚖️ [MODERADOR] Generando respuesta consenso con llama3.1:8b...
2026-04-15 17:30:50,210 [INFO]    ✅ Finalizado.
2026-04-15 17:30:51,213 [INFO] 📁 Procesando archivo: a-survey-on-communication-networks-for-electric-system-automation_salida.txt
2026-04-15 17:30:51,213 [INFO] 👉 [33] Iniciando debate...
2026-04-15 17:30:51,213 [INFO] 🔄 INICIANDO RONDA: 0 | Moderador: llama3.1:8b
2026-04-15 17:30:53,681 [INFO] TOP SCORE: 2.7645535469055176
2026-04-15 17:30:53,681 [INFO] 📊 RAG: 0 tablas y 5 textos enviados al experto.
2026-04-15 17:30:57,510 [INFO] 📊 [DLB] Generando análisis técnico con qwen2.5:7b...
2026-04-15 17:30:57,510 [INFO] 📡 [PNM] Calculando recursos de red con mistral:7b...
2026-04-15 17:31:03,480 [INFO] 🔄 INICIANDO RONDA: 1 | Moderador: llama3.1:8b
2026-04-15 17:31:08,255 [INFO] 📊 [DLB] Generando análisis técnico con qwen2.5:7b...
2026-04-15 17:31:08,255 [INFO] 📡 [PNM] Calculando recursos de red con mistral:7b...
2026-04-15 17:31:13,990 [INFO] 🔄 INICIANDO RONDA: 2 | Moderador: llama3.1:8b
2026-04-15 17:31:18,634 [INFO] 📊 [DLB] Generando análisis técnico con qwen2.5:7b...
2026-04-15 17:31:18,634 [INFO] 📡 [PNM] Calculando recursos de red con mistral:7b...
2026-04-15 17:31:25,442 [INFO] 🔄 INICIANDO RONDA: 3 | Moderador: llama3.1:8b
2026-04-15 17:31:30,575 [INFO] 📊 [DLB] Generando análisis técnico con qwen2.5:7b...
2026-04-15 17:31:30,575 [INFO] 📡 [PNM] Calculando recursos de red con mistral:7b...
2026-04-15 17:31:38,194 [INFO] 🔄 INICIANDO RONDA: 4 | Moderador: llama3.1:8b
2026-04-15 17:31:42,648 [INFO] ⚖️ [MODERADOR] Generando respuesta consenso con llama3.1:8b...
2026-04-15 17:32:03,317 [INFO]    ✅ Finalizado.
2026-04-15 17:32:04,317 [INFO] 👉 [34] Iniciando debate...
2026-04-15 17:32:04,317 [INFO] 🔄 INICIANDO RONDA: 0 | Moderador: llama3.1:8b
2026-04-15 17:32:06,926 [INFO] TOP SCORE: 1.5483540296554565
2026-04-15 17:32:06,926 [INFO] 📊 RAG: 0 tablas y 5 textos enviados al experto.
2026-04-15 17:32:11,447 [INFO] 📊 [DLB] Generando análisis técnico con qwen2.5:7b...
2026-04-15 17:32:11,447 [INFO] 📡 [PNM] Calculando recursos de red con mistral:7b...
2026-04-15 17:32:22,868 [INFO] 🔄 INICIANDO RONDA: 1 | Moderador: llama3.1:8b
2026-04-15 17:32:26,870 [INFO] 📊 [DLB] Generando análisis técnico con qwen2.5:7b...
2026-04-15 17:32:26,870 [INFO] 📡 [PNM] Calculando recursos de red con mistral:7b...
2026-04-15 17:32:32,928 [INFO] 🔄 INICIANDO RONDA: 2 | Moderador: llama3.1:8b
2026-04-15 17:32:36,409 [INFO] 📊 [DLB] Generando análisis técnico con qwen2.5:7b...
2026-04-15 17:32:36,409 [INFO] 📡 [PNM] Calculando recursos de red con mistral:7b...
2026-04-15 17:32:43,037 [INFO] 🔄 INICIANDO RONDA: 3 | Moderador: llama3.1:8b
2026-04-15 17:32:46,960 [INFO] 📊 [DLB] Generando análisis técnico con qwen2.5:7b...
2026-04-15 17:32:46,960 [INFO] 📡 [PNM] Calculando recursos de red con mistral:7b...
2026-04-15 17:32:59,885 [INFO] 🔄 INICIANDO RONDA: 4 | Moderador: llama3.1:8b
2026-04-15 17:33:04,994 [INFO] ⚖️ [MODERADOR] Generando respuesta consenso con llama3.1:8b...
2026-04-15 17:33:23,565 [INFO]    ✅ Finalizado.
2026-04-15 17:33:24,569 [INFO] 👉 [35] Iniciando debate...
2026-04-15 17:33:24,569 [INFO] 🔄 INICIANDO RONDA: 0 | Moderador: llama3.1:8b
2026-04-15 17:33:27,054 [INFO] TOP SCORE: 1.5450719594955444
2026-04-15 17:33:27,054 [INFO] 📊 RAG: 0 tablas y 5 textos enviados al experto.
2026-04-15 17:33:31,057 [INFO] 📊 [DLB] Generando análisis técnico con qwen2.5:7b...
2026-04-15 17:33:31,057 [INFO] 📡 [PNM] Calculando recursos de red con mistral:7b...
2026-04-15 17:33:37,794 [INFO] 🔄 INICIANDO RONDA: 1 | Moderador: llama3.1:8b
2026-04-15 17:33:42,137 [INFO] 📊 [DLB] Generando análisis técnico con qwen2.5:7b...
2026-04-15 17:33:42,137 [INFO] 📡 [PNM] Calculando recursos de red con mistral:7b...
2026-04-15 17:33:47,866 [INFO] 🔄 INICIANDO RONDA: 2 | Moderador: llama3.1:8b
2026-04-15 17:33:51,822 [INFO] 📊 [DLB] Generando análisis técnico con qwen2.5:7b...
2026-04-15 17:33:51,822 [INFO] 📡 [PNM] Calculando recursos de red con mistral:7b...
2026-04-15 17:34:06,295 [INFO] 🔄 INICIANDO RONDA: 3 | Moderador: llama3.1:8b
2026-04-15 17:34:11,294 [INFO] 📊 [DLB] Generando análisis técnico con qwen2.5:7b...
2026-04-15 17:34:11,294 [INFO] 📡 [PNM] Calculando recursos de red con mistral:7b...
2026-04-15 17:34:20,363 [INFO] 🔄 INICIANDO RONDA: 4 | Moderador: llama3.1:8b
2026-04-15 17:34:25,034 [INFO] ⚖️ [MODERADOR] Generando respuesta consenso con llama3.1:8b...
2026-04-15 17:34:42,292 [INFO]    ✅ Finalizado.
2026-04-15 17:34:43,300 [INFO] 👉 [36] Iniciando debate...
2026-04-15 17:34:43,300 [INFO] 🔄 INICIANDO RONDA: 0 | Moderador: llama3.1:8b
2026-04-15 17:34:45,737 [INFO] TOP SCORE: -0.21578800678253174
2026-04-15 17:34:45,737 [INFO] 📊 RAG: 0 tablas y 5 textos enviados al experto.
2026-04-15 17:34:51,242 [INFO] 📊 [DLB] Generando análisis técnico con qwen2.5:7b...
2026-04-15 17:34:51,242 [INFO] 📡 [PNM] Calculando recursos de red con mistral:7b...
2026-04-15 17:34:57,398 [INFO] 🔄 INICIANDO RONDA: 1 | Moderador: llama3.1:8b
2026-04-15 17:35:01,586 [INFO] 📊 [DLB] Generando análisis técnico con qwen2.5:7b...
2026-04-15 17:35:01,586 [INFO] 📡 [PNM] Calculando recursos de red con mistral:7b...
2026-04-15 17:35:08,507 [INFO] 🔄 INICIANDO RONDA: 2 | Moderador: llama3.1:8b
2026-04-15 17:35:12,566 [INFO] 📊 [DLB] Generando análisis técnico con qwen2.5:7b...
2026-04-15 17:35:12,566 [INFO] 📡 [PNM] Calculando recursos de red con mistral:7b...
2026-04-15 17:35:19,300 [INFO] 🔄 INICIANDO RONDA: 3 | Moderador: llama3.1:8b
2026-04-15 17:35:23,226 [INFO] 📊 [DLB] Generando análisis técnico con qwen2.5:7b...
2026-04-15 17:35:23,226 [INFO] 📡 [PNM] Calculando recursos de red con mistral:7b...
2026-04-15 17:35:31,576 [INFO] 🔄 INICIANDO RONDA: 4 | Moderador: llama3.1:8b
2026-04-15 17:35:35,976 [INFO] ⚖️ [MODERADOR] Generando respuesta consenso con llama3.1:8b...
2026-04-15 17:35:57,452 [INFO]    ✅ Finalizado.
2026-04-15 17:35:58,452 [INFO] 👉 [37] Iniciando debate...
2026-04-15 17:35:58,452 [INFO] 🔄 INICIANDO RONDA: 0 | Moderador: llama3.1:8b
2026-04-15 17:36:59,315 [INFO] 📁 Procesando archivo: a-compact-low-noise-frontend-for-interleaved-rx-tx-arrays-at-k-ka-band_salida.txt
2026-04-15 17:36:59,331 [INFO] 📁 Procesando archivo: a-compact-lowpass-filter-for-satellite-communication-systems-based-on-transfer-function-analysis_salida.txt
2026-04-15 17:36:59,331 [INFO] 👉 [2] Iniciando debate...
2026-04-15 17:36:59,362 [INFO] 🔄 INICIANDO RONDA: 0 | Moderador: llama3.3:70b
2026-04-15 17:37:01,816 [INFO] TOP SCORE: 2.5584475994110107
2026-04-15 17:37:01,816 [INFO] 📊 RAG: 0 tablas y 5 textos enviados al experto.
2026-04-15 17:38:01,751 [INFO] 📊 [DLB] Generando análisis técnico con deepseek-r1:70b...
2026-04-15 17:38:01,752 [INFO] 📡 [PNM] Calculando recursos de red con qwen2.5:72b...
2026-04-15 17:44:03,267 [INFO] 🔄 INICIANDO RONDA: 1 | Moderador: llama3.3:70b
2026-04-15 17:45:02,892 [INFO] 📊 [DLB] Generando análisis técnico con deepseek-r1:70b...
2026-04-15 17:45:02,892 [INFO] 📡 [PNM] Calculando recursos de red con qwen2.5:72b...
2026-04-15 17:51:16,769 [INFO] 🔄 INICIANDO RONDA: 2 | Moderador: llama3.3:70b
2026-04-15 17:52:17,955 [INFO] 📊 [DLB] Generando análisis técnico con deepseek-r1:70b...
2026-04-15 17:52:17,956 [INFO] 📡 [PNM] Calculando recursos de red con qwen2.5:72b...
2026-04-15 17:57:34,745 [INFO] 🔄 INICIANDO RONDA: 3 | Moderador: llama3.3:70b
2026-04-15 17:58:35,542 [INFO] 📊 [DLB] Generando análisis técnico con deepseek-r1:70b...
2026-04-15 17:58:35,543 [INFO] 📡 [PNM] Calculando recursos de red con qwen2.5:72b...
2026-04-15 18:03:31,898 [INFO] 🔄 INICIANDO RONDA: 4 | Moderador: llama3.3:70b
2026-04-15 18:04:35,078 [INFO] ⚖️ [MODERADOR] Generando respuesta consenso con llama3.3:70b...
2026-04-15 18:06:13,846 [INFO]    ✅ Finalizado.
2026-04-15 18:06:14,856 [INFO] 👉 [3] Iniciando debate...
2026-04-15 18:06:14,856 [INFO] 🔄 INICIANDO RONDA: 0 | Moderador: llama3.3:70b
2026-04-15 18:06:17,452 [INFO] TOP SCORE: -3.2043278217315674
2026-04-15 18:06:17,452 [INFO] 📊 RAG: 0 tablas y 5 textos enviados al experto.
2026-04-15 18:07:18,646 [INFO] 📊 [DLB] Generando análisis técnico con deepseek-r1:70b...
2026-04-15 18:07:18,646 [INFO] 📡 [PNM] Calculando recursos de red con qwen2.5:72b...
2026-04-15 18:12:25,062 [INFO] 🔄 INICIANDO RONDA: 1 | Moderador: llama3.3:70b
2026-04-15 18:13:25,575 [INFO] 📊 [DLB] Generando análisis técnico con deepseek-r1:70b...
2026-04-15 18:13:25,575 [INFO] 📡 [PNM] Calculando recursos de red con qwen2.5:72b...
2026-04-15 18:18:08,112 [INFO] 🔄 INICIANDO RONDA: 2 | Moderador: llama3.3:70b
2026-04-15 18:19:04,842 [INFO] 📊 [DLB] Generando análisis técnico con deepseek-r1:70b...
2026-04-15 18:19:04,843 [INFO] 📡 [PNM] Calculando recursos de red con qwen2.5:72b...
2026-04-15 18:23:21,656 [INFO] 🔄 INICIANDO RONDA: 3 | Moderador: llama3.3:70b
2026-04-15 18:24:17,883 [INFO] 📊 [DLB] Generando análisis técnico con deepseek-r1:70b...
2026-04-15 18:24:17,883 [INFO] 📡 [PNM] Calculando recursos de red con qwen2.5:72b...
2026-04-15 18:28:02,399 [INFO] 🔄 INICIANDO RONDA: 4 | Moderador: llama3.3:70b
2026-04-15 18:29:00,792 [INFO] ⚖️ [MODERADOR] Generando respuesta consenso con llama3.3:70b...
2026-04-15 18:30:31,716 [INFO]    ✅ Finalizado.
2026-04-15 18:30:32,722 [INFO] 👉 [4] Iniciando debate...
2026-04-15 18:30:32,722 [INFO] 🔄 INICIANDO RONDA: 0 | Moderador: llama3.3:70b
2026-04-15 18:30:35,209 [INFO] TOP SCORE: 1.0363569259643555
2026-04-15 18:30:35,209 [INFO] 📊 RAG: 0 tablas y 5 textos enviados al experto.
2026-04-15 18:31:32,227 [INFO] 📊 [DLB] Generando análisis técnico con deepseek-r1:70b...
2026-04-15 18:31:32,228 [INFO] 📡 [PNM] Calculando recursos de red con qwen2.5:72b...
2026-04-15 18:36:16,849 [INFO] 🔄 INICIANDO RONDA: 1 | Moderador: llama3.3:70b
2026-04-15 18:37:15,953 [INFO] 📊 [DLB] Generando análisis técnico con deepseek-r1:70b...
2026-04-15 18:37:15,954 [INFO] 📡 [PNM] Calculando recursos de red con qwen2.5:72b...
2026-04-15 18:41:38,346 [INFO] 🔄 INICIANDO RONDA: 2 | Moderador: llama3.3:70b
2026-04-15 18:42:39,499 [INFO] 📊 [DLB] Generando análisis técnico con deepseek-r1:70b...
2026-04-15 18:42:39,500 [INFO] 📡 [PNM] Calculando recursos de red con qwen2.5:72b...
2026-04-15 18:47:20,171 [INFO] 🔄 INICIANDO RONDA: 3 | Moderador: llama3.3:70b
2026-04-15 18:48:21,108 [INFO] 📊 [DLB] Generando análisis técnico con deepseek-r1:70b...
2026-04-15 18:48:21,109 [INFO] 📡 [PNM] Calculando recursos de red con qwen2.5:72b...
2026-04-15 18:53:34,700 [INFO] 🔄 INICIANDO RONDA: 4 | Moderador: llama3.3:70b
2026-04-15 18:54:34,788 [INFO] ⚖️ [MODERADOR] Generando respuesta consenso con llama3.3:70b...
2026-04-15 18:56:07,410 [INFO]    ✅ Finalizado.
2026-04-15 18:56:08,417 [INFO] 👉 [5] Iniciando debate...
2026-04-15 18:56:08,418 [INFO] 🔄 INICIANDO RONDA: 0 | Moderador: llama3.3:70b
2026-04-15 18:56:10,902 [INFO] TOP SCORE: -2.4963417053222656
2026-04-15 18:56:10,902 [INFO] 📊 RAG: 1 tablas y 5 textos enviados al experto.
2026-04-15 18:57:13,792 [INFO] 📊 [DLB] Generando análisis técnico con deepseek-r1:70b...
2026-04-15 18:57:13,793 [INFO] 📡 [PNM] Calculando recursos de red con qwen2.5:72b...
2026-04-15 19:01:36,467 [INFO] 🔄 INICIANDO RONDA: 1 | Moderador: llama3.3:70b
2026-04-15 19:02:32,118 [INFO] 📊 [DLB] Generando análisis técnico con deepseek-r1:70b...
2026-04-15 19:02:32,118 [INFO] 📡 [PNM] Calculando recursos de red con qwen2.5:72b...
2026-04-15 19:07:11,612 [INFO] 🔄 INICIANDO RONDA: 2 | Moderador: llama3.3:70b
2026-04-15 19:08:06,692 [INFO] 📊 [DLB] Generando análisis técnico con deepseek-r1:70b...
2026-04-15 19:08:06,693 [INFO] 📡 [PNM] Calculando recursos de red con qwen2.5:72b...
2026-04-15 19:12:26,472 [INFO] 🔄 INICIANDO RONDA: 3 | Moderador: llama3.3:70b
2026-04-15 19:13:21,738 [INFO] 📊 [DLB] Generando análisis técnico con deepseek-r1:70b...
2026-04-15 19:13:21,738 [INFO] 📡 [PNM] Calculando recursos de red con qwen2.5:72b...
2026-04-15 19:18:48,536 [INFO] 🔄 INICIANDO RONDA: 4 | Moderador: llama3.3:70b
2026-04-15 19:19:46,508 [INFO] ⚖️ [MODERADOR] Generando respuesta consenso con llama3.3:70b...
2026-04-15 19:21:20,007 [INFO]    ✅ Finalizado.
2026-04-15 19:21:21,012 [INFO] 📁 Procesando archivo: a-framework-to-classify-heterogeneous-internet-traffic-with-machine-learning-and-deep-learning-techniques-for-satellite-communications_salida.txt
2026-04-15 19:21:21,091 [INFO] 👉 [6] Iniciando debate...
2026-04-15 19:21:21,091 [INFO] 🔄 INICIANDO RONDA: 0 | Moderador: llama3.3:70b
2026-04-15 19:21:23,717 [INFO] TOP SCORE: 1.6124547719955444
2026-04-15 19:21:23,717 [INFO] 📊 RAG: 5 tablas y 5 textos enviados al experto.
2026-04-15 19:22:36,078 [INFO] 📊 [DLB] Generando análisis técnico con deepseek-r1:70b...
2026-04-15 19:22:36,079 [INFO] 📡 [PNM] Calculando recursos de red con qwen2.5:72b...
2026-04-15 19:29:21,481 [INFO] 🔄 INICIANDO RONDA: 1 | Moderador: llama3.3:70b
2026-04-15 19:30:22,534 [INFO] 📊 [DLB] Generando análisis técnico con deepseek-r1:70b...
2026-04-15 19:30:22,534 [INFO] 📡 [PNM] Calculando recursos de red con qwen2.5:72b...
2026-04-15 19:35:32,086 [INFO] 🔄 INICIANDO RONDA: 2 | Moderador: llama3.3:70b
2026-04-15 19:36:36,213 [INFO] 📊 [DLB] Generando análisis técnico con deepseek-r1:70b...
2026-04-15 19:36:36,213 [INFO] 📡 [PNM] Calculando recursos de red con qwen2.5:72b...
2026-04-15 19:42:09,472 [INFO] 🔄 INICIANDO RONDA: 3 | Moderador: llama3.3:70b
2026-04-15 19:43:12,588 [INFO] 📊 [DLB] Generando análisis técnico con deepseek-r1:70b...
2026-04-15 19:43:12,588 [INFO] 📡 [PNM] Calculando recursos de red con qwen2.5:72b...
2026-04-15 19:48:42,245 [INFO] 🔄 INICIANDO RONDA: 4 | Moderador: llama3.3:70b
2026-04-15 19:49:41,126 [INFO] ⚖️ [MODERADOR] Generando respuesta consenso con llama3.3:70b...
2026-04-15 19:51:27,477 [INFO]    ✅ Finalizado.
2026-04-15 19:51:28,488 [INFO] 👉 [7] Iniciando debate...
2026-04-15 19:51:28,488 [INFO] 🔄 INICIANDO RONDA: 0 | Moderador: llama3.3:70b
2026-04-15 19:51:31,068 [INFO] TOP SCORE: -0.33143898844718933
2026-04-15 19:51:31,068 [INFO] 📊 RAG: 5 tablas y 5 textos enviados al experto.
2026-04-15 19:52:41,810 [INFO] 📊 [DLB] Generando análisis técnico con deepseek-r1:70b...
2026-04-15 19:52:41,811 [INFO] 📡 [PNM] Calculando recursos de red con qwen2.5:72b...
2026-04-15 19:58:03,515 [INFO] 🔄 INICIANDO RONDA: 1 | Moderador: llama3.3:70b
2026-04-15 19:59:01,852 [INFO] 📊 [DLB] Generando análisis técnico con deepseek-r1:70b...
2026-04-15 19:59:01,852 [INFO] 📡 [PNM] Calculando recursos de red con qwen2.5:72b...
2026-04-15 20:03:29,438 [INFO] 🔄 INICIANDO RONDA: 2 | Moderador: llama3.3:70b
2026-04-15 20:04:28,601 [INFO] 📊 [DLB] Generando análisis técnico con deepseek-r1:70b...
2026-04-15 20:04:28,602 [INFO] 📡 [PNM] Calculando recursos de red con qwen2.5:72b...
2026-04-15 20:10:09,578 [INFO] 🔄 INICIANDO RONDA: 3 | Moderador: llama3.3:70b
2026-04-15 20:11:10,082 [INFO] 📊 [DLB] Generando análisis técnico con deepseek-r1:70b...
2026-04-15 20:11:10,082 [INFO] 📡 [PNM] Calculando recursos de red con qwen2.5:72b...
2026-04-15 20:16:26,274 [INFO] 🔄 INICIANDO RONDA: 4 | Moderador: llama3.3:70b
2026-04-15 20:17:27,962 [INFO] ⚖️ [MODERADOR] Generando respuesta consenso con llama3.3:70b...
2026-04-15 20:19:10,793 [INFO]    ✅ Finalizado.
2026-04-15 20:19:11,794 [INFO] 👉 [8] Iniciando debate...
2026-04-15 20:19:11,794 [INFO] 🔄 INICIANDO RONDA: 0 | Moderador: llama3.3:70b
2026-04-15 20:19:14,296 [INFO] TOP SCORE: 0.8279486298561096
2026-04-15 20:19:14,296 [INFO] 📊 RAG: 0 tablas y 5 textos enviados al experto.
2026-04-15 20:20:13,458 [INFO] 📊 [DLB] Generando análisis técnico con deepseek-r1:70b...
2026-04-15 20:20:13,459 [INFO] 📡 [PNM] Calculando recursos de red con qwen2.5:72b...
2026-04-15 20:25:33,381 [INFO] 🔄 INICIANDO RONDA: 1 | Moderador: llama3.3:70b
2026-04-15 20:26:30,010 [INFO] 📊 [DLB] Generando análisis técnico con deepseek-r1:70b...
2026-04-15 20:26:30,010 [INFO] 📡 [PNM] Calculando recursos de red con qwen2.5:72b...
2026-04-15 20:30:51,351 [INFO] 🔄 INICIANDO RONDA: 2 | Moderador: llama3.3:70b
2026-04-15 20:31:48,256 [INFO] 📊 [DLB] Generando análisis técnico con deepseek-r1:70b...
2026-04-15 20:31:48,256 [INFO] 📡 [PNM] Calculando recursos de red con qwen2.5:72b...
2026-04-15 20:35:57,251 [INFO] 🔄 INICIANDO RONDA: 3 | Moderador: llama3.3:70b
2026-04-15 20:36:55,643 [INFO] 📊 [DLB] Generando análisis técnico con deepseek-r1:70b...
2026-04-15 20:36:55,644 [INFO] 📡 [PNM] Calculando recursos de red con qwen2.5:72b...
2026-04-15 20:40:13,121 [INFO] 🔄 INICIANDO RONDA: 4 | Moderador: llama3.3:70b
2026-04-15 20:41:10,485 [INFO] ⚖️ [MODERADOR] Generando respuesta consenso con llama3.3:70b...
2026-04-15 20:42:39,105 [INFO]    ✅ Finalizado.
2026-04-15 20:42:40,114 [INFO] 👉 [9] Iniciando debate...
2026-04-15 20:42:40,116 [INFO] 🔄 INICIANDO RONDA: 0 | Moderador: llama3.3:70b
2026-04-15 20:42:42,647 [INFO] TOP SCORE: -1.6705405712127686
2026-04-15 20:42:42,647 [INFO] 📊 RAG: 4 tablas y 5 textos enviados al experto.
2026-04-15 20:43:41,422 [INFO] 📁 Procesando archivo: a-compact-low-noise-frontend-for-interleaved-rx-tx-arrays-at-k-ka-band_salida.txt
2026-04-15 20:43:41,422 [INFO] 📁 Procesando archivo: a-compact-lowpass-filter-for-satellite-communication-systems-based-on-transfer-function-analysis_salida.txt
2026-04-15 20:43:41,422 [INFO] 📁 Procesando archivo: a-framework-to-classify-heterogeneous-internet-traffic-with-machine-learning-and-deep-learning-techniques-for-satellite-communications_salida.txt
2026-04-15 20:43:41,422 [INFO] 📁 Procesando archivo: a-ka-band-satcom-transceiver-in-65-nm-cmos-with-high-linearity-tx-and-dual-channel-wide-dynamic-range-rx-for-terrestrial-terminal_salida.txt
2026-04-15 20:43:41,438 [INFO] 📁 Procesando archivo: a-lagrangian-heuristic-for-satellite-range-scheduling-with-resource-constraints_salida.txt
2026-04-15 20:43:41,438 [INFO] 👉 [15] Iniciando debate...
2026-04-15 20:43:41,454 [INFO] 🔄 INICIANDO RONDA: 0 | Moderador: llama3.3:70b
2026-04-15 20:43:44,096 [INFO] TOP SCORE: 0.5249515771865845
2026-04-15 20:43:44,096 [INFO] 📊 RAG: 0 tablas y 5 textos enviados al experto.
2026-04-15 20:44:43,963 [INFO] 📊 [DLB] Generando análisis técnico con deepseek-r1:70b...
2026-04-15 20:44:43,964 [INFO] 📡 [PNM] Calculando recursos de red con qwen2.5:72b...
2026-04-15 20:48:58,948 [INFO] 🔄 INICIANDO RONDA: 1 | Moderador: llama3.3:70b
2026-04-15 20:49:53,349 [INFO] 📊 [DLB] Generando análisis técnico con deepseek-r1:70b...
2026-04-15 20:49:53,350 [INFO] 📡 [PNM] Calculando recursos de red con qwen2.5:72b...
2026-04-15 20:54:24,869 [INFO] 🔄 INICIANDO RONDA: 2 | Moderador: llama3.3:70b
2026-04-15 20:55:22,725 [INFO] 📊 [DLB] Generando análisis técnico con deepseek-r1:70b...
2026-04-15 20:55:22,725 [INFO] 📡 [PNM] Calculando recursos de red con qwen2.5:72b...
2026-04-15 21:00:56,110 [INFO] 🔄 INICIANDO RONDA: 3 | Moderador: llama3.3:70b
2026-04-15 21:01:54,340 [INFO] 📊 [DLB] Generando análisis técnico con deepseek-r1:70b...
2026-04-15 21:01:54,340 [INFO] 📡 [PNM] Calculando recursos de red con qwen2.5:72b...
2026-04-15 21:06:43,652 [INFO] 🔄 INICIANDO RONDA: 4 | Moderador: llama3.3:70b
2026-04-15 21:07:41,409 [INFO] ⚖️ [MODERADOR] Generando respuesta consenso con llama3.3:70b...
2026-04-15 21:09:11,477 [INFO]    ✅ Finalizado.
2026-04-15 21:09:12,490 [INFO] 👉 [16] Iniciando debate...
2026-04-15 21:09:12,492 [INFO] 🔄 INICIANDO RONDA: 0 | Moderador: llama3.3:70b
2026-04-15 21:09:16,070 [INFO] TOP SCORE: -0.9431830048561096
2026-04-15 21:09:16,070 [INFO] 📊 RAG: 0 tablas y 5 textos enviados al experto.
2026-04-15 21:10:14,762 [INFO] 📊 [DLB] Generando análisis técnico con deepseek-r1:70b...
2026-04-15 21:10:14,763 [INFO] 📡 [PNM] Calculando recursos de red con qwen2.5:72b...
2026-04-15 21:14:33,549 [INFO] 🔄 INICIANDO RONDA: 1 | Moderador: llama3.3:70b
2026-04-15 21:27:16,394 [INFO] 📁 Procesando archivo: a-compact-low-noise-frontend-for-interleaved-rx-tx-arrays-at-k-ka-band_salida.txt
2026-04-15 21:27:16,394 [INFO] 📁 Procesando archivo: a-compact-lowpass-filter-for-satellite-communication-systems-based-on-transfer-function-analysis_salida.txt
2026-04-15 21:27:16,394 [INFO] 📁 Procesando archivo: a-framework-to-classify-heterogeneous-internet-traffic-with-machine-learning-and-deep-learning-techniques-for-satellite-communications_salida.txt
2026-04-15 21:27:16,394 [INFO] 📁 Procesando archivo: a-ka-band-satcom-transceiver-in-65-nm-cmos-with-high-linearity-tx-and-dual-channel-wide-dynamic-range-rx-for-terrestrial-terminal_salida.txt
2026-04-15 21:27:16,394 [INFO] 📁 Procesando archivo: a-lagrangian-heuristic-for-satellite-range-scheduling-with-resource-constraints_salida.txt
2026-04-15 21:27:16,394 [INFO] 👉 [16] Iniciando debate...
2026-04-15 21:27:16,410 [INFO] 🔄 INICIANDO RONDA: 0 | Moderador: llama3.3:70b
2026-04-15 21:27:19,347 [INFO] TOP SCORE: -0.9431830048561096
2026-04-15 21:27:19,347 [INFO] 📊 RAG: 0 tablas y 5 textos enviados al experto.
2026-04-15 21:28:21,974 [INFO] 📊 [DLB] Generando análisis técnico con deepseek-r1:70b...
2026-04-15 21:28:21,975 [INFO] 📡 [PNM] Calculando recursos de red con qwen2.5:72b...
2026-04-15 21:33:08,001 [INFO] 🔄 INICIANDO RONDA: 1 | Moderador: llama3.3:70b
2026-04-15 21:34:09,516 [INFO] 📊 [DLB] Generando análisis técnico con deepseek-r1:70b...
2026-04-15 21:34:09,517 [INFO] 📡 [PNM] Calculando recursos de red con qwen2.5:72b...
2026-04-15 21:39:05,818 [INFO] 🔄 INICIANDO RONDA: 2 | Moderador: llama3.3:70b
2026-04-15 21:40:07,557 [INFO] 📊 [DLB] Generando análisis técnico con deepseek-r1:70b...
2026-04-15 21:40:07,558 [INFO] 📡 [PNM] Calculando recursos de red con qwen2.5:72b...
2026-04-15 21:46:23,134 [INFO] 🔄 INICIANDO RONDA: 3 | Moderador: llama3.3:70b
2026-04-15 21:47:28,017 [INFO] 📊 [DLB] Generando análisis técnico con deepseek-r1:70b...
2026-04-15 21:47:28,017 [INFO] 📡 [PNM] Calculando recursos de red con qwen2.5:72b...
2026-04-15 21:52:39,066 [INFO] 🔄 INICIANDO RONDA: 4 | Moderador: llama3.3:70b
2026-04-15 21:53:41,211 [INFO] ⚖️ [MODERADOR] Generando respuesta consenso con llama3.3:70b...
2026-04-15 21:55:20,580 [INFO]    ✅ Finalizado.
2026-04-15 21:55:21,587 [INFO] 👉 [17] Iniciando debate...
2026-04-15 21:55:21,587 [INFO] 🔄 INICIANDO RONDA: 0 | Moderador: llama3.3:70b
2026-04-15 21:55:23,979 [INFO] TOP SCORE: -3.883606433868408
2026-04-15 21:55:23,979 [INFO] 📊 RAG: 0 tablas y 5 textos enviados al experto.
2026-04-15 21:56:20,980 [INFO] 📊 [DLB] Generando análisis técnico con deepseek-r1:70b...
2026-04-15 21:56:20,981 [INFO] 📡 [PNM] Calculando recursos de red con qwen2.5:72b...
2026-04-15 22:01:16,763 [INFO] 🔄 INICIANDO RONDA: 1 | Moderador: llama3.3:70b
2026-04-15 22:02:15,724 [INFO] 📊 [DLB] Generando análisis técnico con deepseek-r1:70b...
2026-04-15 22:02:15,724 [INFO] 📡 [PNM] Calculando recursos de red con qwen2.5:72b...
2026-04-15 22:06:44,746 [INFO] 🔄 INICIANDO RONDA: 2 | Moderador: llama3.3:70b
2026-04-15 22:07:46,824 [INFO] 📊 [DLB] Generando análisis técnico con deepseek-r1:70b...
2026-04-15 22:07:46,824 [INFO] 📡 [PNM] Calculando recursos de red con qwen2.5:72b...
2026-04-15 22:12:39,285 [INFO] 🔄 INICIANDO RONDA: 3 | Moderador: llama3.3:70b
2026-04-15 22:13:44,701 [INFO] 📊 [DLB] Generando análisis técnico con deepseek-r1:70b...
2026-04-15 22:13:44,701 [INFO] 📡 [PNM] Calculando recursos de red con qwen2.5:72b...
2026-04-15 22:20:34,972 [INFO] 🔄 INICIANDO RONDA: 4 | Moderador: llama3.3:70b
2026-04-15 22:21:39,644 [INFO] ⚖️ [MODERADOR] Generando respuesta consenso con llama3.3:70b...
2026-04-15 22:23:14,077 [INFO]    ✅ Finalizado.
2026-04-15 22:23:15,091 [INFO] 👉 [18] Iniciando debate...
2026-04-15 22:23:15,091 [INFO] 🔄 INICIANDO RONDA: 0 | Moderador: llama3.3:70b
2026-04-15 22:23:17,594 [INFO] TOP SCORE: 0.4898539185523987
2026-04-15 22:23:17,594 [INFO] 📊 RAG: 0 tablas y 5 textos enviados al experto.
2026-04-15 22:24:20,194 [INFO] 📊 [DLB] Generando análisis técnico con deepseek-r1:70b...
2026-04-15 22:24:20,195 [INFO] 📡 [PNM] Calculando recursos de red con qwen2.5:72b...
2026-04-15 22:28:51,563 [INFO] 🔄 INICIANDO RONDA: 1 | Moderador: llama3.3:70b
2026-04-15 22:29:48,261 [INFO] 📊 [DLB] Generando análisis técnico con deepseek-r1:70b...
2026-04-15 22:29:48,262 [INFO] 📡 [PNM] Calculando recursos de red con qwen2.5:72b...
2026-04-15 22:34:25,720 [INFO] 🔄 INICIANDO RONDA: 2 | Moderador: llama3.3:70b
2026-04-15 22:35:24,185 [INFO] 📊 [DLB] Generando análisis técnico con deepseek-r1:70b...
2026-04-15 22:35:24,185 [INFO] 📡 [PNM] Calculando recursos de red con qwen2.5:72b...
2026-04-15 22:39:53,240 [INFO] 🔄 INICIANDO RONDA: 3 | Moderador: llama3.3:70b
2026-04-15 22:40:49,675 [INFO] 📊 [DLB] Generando análisis técnico con deepseek-r1:70b...
2026-04-15 22:40:49,676 [INFO] 📡 [PNM] Calculando recursos de red con qwen2.5:72b...
2026-04-15 22:45:18,457 [INFO] 🔄 INICIANDO RONDA: 4 | Moderador: llama3.3:70b
2026-04-15 22:46:15,535 [INFO] ⚖️ [MODERADOR] Generando respuesta consenso con llama3.3:70b...
2026-04-15 22:47:47,203 [INFO]    ✅ Finalizado.
2026-04-15 22:47:48,215 [INFO] 👉 [19] Iniciando debate...
2026-04-15 22:47:48,217 [INFO] 🔄 INICIANDO RONDA: 0 | Moderador: llama3.3:70b
2026-04-15 22:47:50,732 [INFO] TOP SCORE: 0.638659656047821
2026-04-15 22:47:50,732 [INFO] 📊 RAG: 0 tablas y 5 textos enviados al experto.
2026-04-15 22:48:52,083 [INFO] 📊 [DLB] Generando análisis técnico con deepseek-r1:70b...
2026-04-15 22:48:52,084 [INFO] 📡 [PNM] Calculando recursos de red con qwen2.5:72b...
2026-04-15 22:53:31,067 [INFO] 🔄 INICIANDO RONDA: 1 | Moderador: llama3.3:70b
2026-04-15 22:54:28,529 [INFO] 📊 [DLB] Generando análisis técnico con deepseek-r1:70b...
2026-04-15 22:54:28,529 [INFO] 📡 [PNM] Calculando recursos de red con qwen2.5:72b...
2026-04-15 22:58:28,024 [INFO] 🔄 INICIANDO RONDA: 2 | Moderador: llama3.3:70b
2026-04-15 22:59:26,497 [INFO] 📊 [DLB] Generando análisis técnico con deepseek-r1:70b...
2026-04-15 22:59:26,497 [INFO] 📡 [PNM] Calculando recursos de red con qwen2.5:72b...
2026-04-15 23:03:45,146 [INFO] 🔄 INICIANDO RONDA: 3 | Moderador: llama3.3:70b
2026-04-15 23:04:43,578 [INFO] 📊 [DLB] Generando análisis técnico con deepseek-r1:70b...
2026-04-15 23:04:43,578 [INFO] 📡 [PNM] Calculando recursos de red con qwen2.5:72b...
2026-04-15 23:08:16,407 [INFO] 🔄 INICIANDO RONDA: 4 | Moderador: llama3.3:70b
2026-04-15 23:09:09,310 [INFO] ⚖️ [MODERADOR] Generando respuesta consenso con llama3.3:70b...
2026-04-15 23:10:39,173 [INFO]    ✅ Finalizado.
2026-04-15 23:10:40,186 [INFO] 👉 [20] Iniciando debate...
2026-04-15 23:10:40,186 [INFO] 🔄 INICIANDO RONDA: 0 | Moderador: llama3.3:70b
2026-04-15 23:10:42,719 [INFO] TOP SCORE: 2.6979167461395264
2026-04-15 23:10:42,719 [INFO] 📊 RAG: 0 tablas y 5 textos enviados al experto.
2026-04-15 23:11:43,149 [INFO] 📊 [DLB] Generando análisis técnico con deepseek-r1:70b...
2026-04-15 23:11:43,149 [INFO] 📡 [PNM] Calculando recursos de red con qwen2.5:72b...
2026-04-15 23:15:46,632 [INFO] 🔄 INICIANDO RONDA: 1 | Moderador: llama3.3:70b
2026-04-15 23:16:40,786 [INFO] 📊 [DLB] Generando análisis técnico con deepseek-r1:70b...
2026-04-15 23:16:40,786 [INFO] 📡 [PNM] Calculando recursos de red con qwen2.5:72b...
2026-04-15 23:21:54,417 [INFO] 🔄 INICIANDO RONDA: 2 | Moderador: llama3.3:70b
2026-04-15 23:22:55,233 [INFO] 📊 [DLB] Generando análisis técnico con deepseek-r1:70b...
2026-04-15 23:22:55,234 [INFO] 📡 [PNM] Calculando recursos de red con qwen2.5:72b...
2026-04-15 23:26:20,628 [INFO] 🔄 INICIANDO RONDA: 3 | Moderador: llama3.3:70b
2026-04-15 23:27:15,560 [INFO] 📊 [DLB] Generando análisis técnico con deepseek-r1:70b...
2026-04-15 23:27:15,560 [INFO] 📡 [PNM] Calculando recursos de red con qwen2.5:72b...
2026-04-15 23:33:06,950 [INFO] 🔄 INICIANDO RONDA: 4 | Moderador: llama3.3:70b
2026-04-15 23:34:07,966 [INFO] ⚖️ [MODERADOR] Generando respuesta consenso con llama3.3:70b...
2026-04-15 23:35:42,130 [INFO]    ✅ Finalizado.
2026-04-15 23:35:43,133 [INFO] 👉 [21] Iniciando debate...
2026-04-15 23:35:43,135 [INFO] 🔄 INICIANDO RONDA: 0 | Moderador: llama3.3:70b
2026-04-16 21:45:03,085 [INFO] 📁 Procesando archivo: a-compact-low-noise-frontend-for-interleaved-rx-tx-arrays-at-k-ka-band_salida.txt
2026-04-16 21:45:03,101 [INFO] 📁 Procesando archivo: a-compact-lowpass-filter-for-satellite-communication-systems-based-on-transfer-function-analysis_salida.txt
2026-04-16 21:45:03,101 [INFO] 📁 Procesando archivo: a-framework-to-classify-heterogeneous-internet-traffic-with-machine-learning-and-deep-learning-techniques-for-satellite-communications_salida.txt
2026-04-16 21:45:03,116 [INFO] 📁 Procesando archivo: a-ka-band-satcom-transceiver-in-65-nm-cmos-with-high-linearity-tx-and-dual-channel-wide-dynamic-range-rx-for-terrestrial-terminal_salida.txt
2026-04-16 21:45:03,116 [INFO] 📁 Procesando archivo: a-lagrangian-heuristic-for-satellite-range-scheduling-with-resource-constraints_salida.txt
2026-04-16 21:45:03,132 [INFO] 👉 [17] Iniciando debate...
2026-04-16 21:45:03,163 [INFO] 🔄 INICIANDO RONDA: 0 | Moderador: llama3.3:70b
2026-04-16 21:45:06,054 [INFO] TOP SCORE: -3.883606433868408
2026-04-16 21:45:06,054 [INFO] 📊 RAG: 0 tablas y 5 textos enviados al experto.
2026-04-16 21:46:03,296 [INFO] 📊 [DLB] Generando análisis técnico con llama3.3:70b...
2026-04-16 21:46:03,296 [INFO] 📡 [PNM] Calculando recursos de red con llama3.3:70b...
2026-04-16 21:46:47,492 [INFO] 🔄 INICIANDO RONDA: 1 | Moderador: llama3.3:70b
2026-04-16 21:47:07,533 [INFO] 📊 [DLB] Generando análisis técnico con llama3.3:70b...
2026-04-16 21:47:07,533 [INFO] 📡 [PNM] Calculando recursos de red con llama3.3:70b...
2026-04-16 21:47:56,331 [INFO] 🔄 INICIANDO RONDA: 2 | Moderador: llama3.3:70b
2026-04-16 21:48:20,214 [INFO] 📊 [DLB] Generando análisis técnico con llama3.3:70b...
2026-04-16 21:48:20,214 [INFO] 📡 [PNM] Calculando recursos de red con llama3.3:70b...
2026-04-16 21:49:09,308 [INFO] 🔄 INICIANDO RONDA: 3 | Moderador: llama3.3:70b
2026-04-16 21:49:31,512 [INFO] 📊 [DLB] Generando análisis técnico con llama3.3:70b...
2026-04-16 21:49:31,512 [INFO] 📡 [PNM] Calculando recursos de red con llama3.3:70b...
2026-04-16 21:50:27,770 [INFO] 🔄 INICIANDO RONDA: 4 | Moderador: llama3.3:70b
2026-04-16 21:50:50,642 [INFO] ⚖️ [MODERADOR] Generando respuesta consenso con llama3.3:70b...
2026-04-16 21:51:37,147 [INFO]    ✅ Finalizado.
2026-04-16 21:51:38,156 [INFO] 👉 [18] Iniciando debate...
2026-04-16 21:51:38,156 [INFO] 🔄 INICIANDO RONDA: 0 | Moderador: llama3.3:70b
2026-04-16 21:51:40,859 [INFO] TOP SCORE: 0.4898539185523987
2026-04-16 21:51:40,859 [INFO] 📊 RAG: 0 tablas y 5 textos enviados al experto.
2026-04-16 21:52:03,821 [INFO] 📊 [DLB] Generando análisis técnico con llama3.3:70b...
2026-04-16 21:52:03,821 [INFO] 📡 [PNM] Calculando recursos de red con llama3.3:70b...
2026-04-16 21:52:55,300 [INFO] 🔄 INICIANDO RONDA: 1 | Moderador: llama3.3:70b
2026-04-16 21:53:15,605 [INFO] 📊 [DLB] Generando análisis técnico con llama3.3:70b...
2026-04-16 21:53:15,605 [INFO] 📡 [PNM] Calculando recursos de red con llama3.3:70b...
2026-04-16 21:54:08,683 [INFO] 🔄 INICIANDO RONDA: 2 | Moderador: llama3.3:70b
2026-04-16 21:54:28,615 [INFO] 📊 [DLB] Generando análisis técnico con llama3.3:70b...
2026-04-16 21:54:28,615 [INFO] 📡 [PNM] Calculando recursos de red con llama3.3:70b...
2026-04-16 21:55:19,456 [INFO] 🔄 INICIANDO RONDA: 3 | Moderador: llama3.3:70b
2026-04-16 21:55:37,055 [INFO] 📊 [DLB] Generando análisis técnico con llama3.3:70b...
2026-04-16 21:55:37,055 [INFO] 📡 [PNM] Calculando recursos de red con llama3.3:70b...
2026-04-16 21:56:28,288 [INFO] 🔄 INICIANDO RONDA: 4 | Moderador: llama3.3:70b
2026-04-16 21:56:45,648 [INFO] ⚖️ [MODERADOR] Generando respuesta consenso con llama3.3:70b...
2026-04-16 21:57:32,639 [INFO]    ✅ Finalizado.
2026-04-16 21:57:33,639 [INFO] 👉 [19] Iniciando debate...
2026-04-16 21:57:33,639 [INFO] 🔄 INICIANDO RONDA: 0 | Moderador: llama3.3:70b
2026-04-16 21:57:36,108 [INFO] TOP SCORE: 0.638659656047821
2026-04-16 21:57:36,108 [INFO] 📊 RAG: 0 tablas y 5 textos enviados al experto.
2026-04-16 21:57:57,520 [INFO] 📊 [DLB] Generando análisis técnico con llama3.3:70b...
2026-04-16 21:57:57,520 [INFO] 📡 [PNM] Calculando recursos de red con llama3.3:70b...
2026-04-16 21:58:43,689 [INFO] 🔄 INICIANDO RONDA: 1 | Moderador: llama3.3:70b
2026-04-16 21:59:06,697 [INFO] 📊 [DLB] Generando análisis técnico con llama3.3:70b...
2026-04-16 21:59:06,697 [INFO] 📡 [PNM] Calculando recursos de red con llama3.3:70b...
2026-04-16 21:59:53,597 [INFO] 🔄 INICIANDO RONDA: 2 | Moderador: llama3.3:70b
2026-04-16 22:00:14,690 [INFO] 📊 [DLB] Generando análisis técnico con llama3.3:70b...
2026-04-16 22:00:14,690 [INFO] 📡 [PNM] Calculando recursos de red con llama3.3:70b...
2026-04-16 22:01:03,083 [INFO] 🔄 INICIANDO RONDA: 3 | Moderador: llama3.3:70b
2026-04-16 22:01:22,977 [INFO] 📊 [DLB] Generando análisis técnico con llama3.3:70b...
2026-04-16 22:01:22,977 [INFO] 📡 [PNM] Calculando recursos de red con llama3.3:70b...
2026-04-16 22:02:13,947 [INFO] 🔄 INICIANDO RONDA: 4 | Moderador: llama3.3:70b
2026-04-16 22:02:35,299 [INFO] ⚖️ [MODERADOR] Generando respuesta consenso con llama3.3:70b...
2026-04-16 22:03:24,214 [INFO]    ✅ Finalizado.
2026-04-16 22:03:25,227 [INFO] 👉 [20] Iniciando debate...
2026-04-16 22:03:25,227 [INFO] 🔄 INICIANDO RONDA: 0 | Moderador: llama3.3:70b
2026-04-16 22:03:27,743 [INFO] TOP SCORE: 2.6979167461395264
2026-04-16 22:03:27,743 [INFO] 📊 RAG: 0 tablas y 5 textos enviados al experto.
2026-04-16 22:03:51,365 [INFO] 📊 [DLB] Generando análisis técnico con llama3.3:70b...
2026-04-16 22:03:51,365 [INFO] 📡 [PNM] Calculando recursos de red con llama3.3:70b...
2026-04-16 22:04:40,954 [INFO] 🔄 INICIANDO RONDA: 1 | Moderador: llama3.3:70b
2026-04-16 22:05:03,035 [INFO] 📊 [DLB] Generando análisis técnico con llama3.3:70b...
2026-04-16 22:05:03,035 [INFO] 📡 [PNM] Calculando recursos de red con llama3.3:70b...
2026-04-16 22:05:55,888 [INFO] 🔄 INICIANDO RONDA: 2 | Moderador: llama3.3:70b
2026-04-16 22:06:17,091 [INFO] 📊 [DLB] Generando análisis técnico con llama3.3:70b...
2026-04-16 22:06:17,091 [INFO] 📡 [PNM] Calculando recursos de red con llama3.3:70b...
2026-04-16 22:07:01,556 [INFO] 🔄 INICIANDO RONDA: 3 | Moderador: llama3.3:70b
2026-04-16 22:07:23,417 [INFO] 📊 [DLB] Generando análisis técnico con llama3.3:70b...
2026-04-16 22:07:23,417 [INFO] 📡 [PNM] Calculando recursos de red con llama3.3:70b...
2026-04-16 22:08:13,452 [INFO] 🔄 INICIANDO RONDA: 4 | Moderador: llama3.3:70b
2026-04-16 22:08:34,133 [INFO] ⚖️ [MODERADOR] Generando respuesta consenso con llama3.3:70b...
2026-04-16 22:09:20,141 [INFO]    ✅ Finalizado.
2026-04-16 22:09:21,155 [INFO] 👉 [21] Iniciando debate...
2026-04-16 22:09:21,155 [INFO] 🔄 INICIANDO RONDA: 0 | Moderador: llama3.3:70b
2026-04-16 22:09:23,592 [INFO] TOP SCORE: -4.408236980438232
2026-04-16 22:09:23,592 [INFO] 📊 RAG: 0 tablas y 5 textos enviados al experto.
2026-04-16 22:09:46,897 [INFO] 📊 [DLB] Generando análisis técnico con llama3.3:70b...
2026-04-16 22:09:46,897 [INFO] 📡 [PNM] Calculando recursos de red con llama3.3:70b...
2026-04-16 22:10:32,195 [INFO] 🔄 INICIANDO RONDA: 1 | Moderador: llama3.3:70b
2026-04-16 22:10:51,576 [INFO] 📊 [DLB] Generando análisis técnico con llama3.3:70b...
2026-04-16 22:10:51,576 [INFO] 📡 [PNM] Calculando recursos de red con llama3.3:70b...
2026-04-16 22:11:41,465 [INFO] 🔄 INICIANDO RONDA: 2 | Moderador: llama3.3:70b
2026-04-16 22:12:04,893 [INFO] 📊 [DLB] Generando análisis técnico con llama3.3:70b...
2026-04-16 22:12:04,893 [INFO] 📡 [PNM] Calculando recursos de red con llama3.3:70b...
2026-04-16 22:12:52,084 [INFO] 🔄 INICIANDO RONDA: 3 | Moderador: llama3.3:70b
2026-04-16 22:13:10,318 [INFO] 📊 [DLB] Generando análisis técnico con llama3.3:70b...
2026-04-16 22:13:10,318 [INFO] 📡 [PNM] Calculando recursos de red con llama3.3:70b...
2026-04-16 22:14:02,204 [INFO] 🔄 INICIANDO RONDA: 4 | Moderador: llama3.3:70b
2026-04-16 22:14:21,007 [INFO] ⚖️ [MODERADOR] Generando respuesta consenso con llama3.3:70b...
2026-04-16 22:15:09,266 [INFO]    ✅ Finalizado.
2026-04-16 22:15:10,280 [INFO] 👉 [22] Iniciando debate...
2026-04-16 22:15:10,280 [INFO] 🔄 INICIANDO RONDA: 0 | Moderador: llama3.3:70b
2026-04-16 22:15:12,936 [INFO] TOP SCORE: -1.2767314910888672
2026-04-16 22:15:12,936 [INFO] 📊 RAG: 0 tablas y 5 textos enviados al experto.
2026-04-16 22:15:37,217 [INFO] 📊 [DLB] Generando análisis técnico con llama3.3:70b...
2026-04-16 22:15:37,217 [INFO] 📡 [PNM] Calculando recursos de red con llama3.3:70b...
2026-04-16 22:16:19,960 [INFO] 🔄 INICIANDO RONDA: 1 | Moderador: llama3.3:70b
2026-04-16 22:16:37,504 [INFO] 📊 [DLB] Generando análisis técnico con llama3.3:70b...
2026-04-16 22:16:37,504 [INFO] 📡 [PNM] Calculando recursos de red con llama3.3:70b...
2026-04-16 22:17:22,558 [INFO] 🔄 INICIANDO RONDA: 2 | Moderador: llama3.3:70b
2026-04-16 22:17:42,538 [INFO] 📊 [DLB] Generando análisis técnico con llama3.3:70b...
2026-04-16 22:17:42,538 [INFO] 📡 [PNM] Calculando recursos de red con llama3.3:70b...
2026-04-16 22:18:26,456 [INFO] 🔄 INICIANDO RONDA: 3 | Moderador: llama3.3:70b
2026-04-16 22:18:47,165 [INFO] 📊 [DLB] Generando análisis técnico con llama3.3:70b...
2026-04-16 22:18:47,165 [INFO] 📡 [PNM] Calculando recursos de red con llama3.3:70b...
2026-04-16 22:19:31,473 [INFO] 🔄 INICIANDO RONDA: 4 | Moderador: llama3.3:70b
2026-04-16 22:19:52,986 [INFO] ⚖️ [MODERADOR] Generando respuesta consenso con llama3.3:70b...
2026-04-16 22:20:42,950 [INFO]    ✅ Finalizado.
2026-04-16 22:20:43,957 [INFO] 📁 Procesando archivo: a-novel-dual-polarized-continuous-transverse-stub-antenna-based-on-corrugated-waveguides-part-ii-experimental-demonstration_salida.txt
2026-04-16 22:20:43,957 [INFO] 👉 [23] Iniciando debate...
2026-04-16 22:20:43,957 [INFO] 🔄 INICIANDO RONDA: 0 | Moderador: llama3.3:70b
2026-04-16 22:20:46,505 [INFO] TOP SCORE: 3.616671323776245
2026-04-16 22:20:46,505 [INFO] 📊 RAG: 0 tablas y 5 textos enviados al experto.
2026-04-16 22:21:12,691 [INFO] 📊 [DLB] Generando análisis técnico con llama3.3:70b...
2026-04-16 22:21:12,692 [INFO] 📡 [PNM] Calculando recursos de red con llama3.3:70b...
2026-04-16 22:21:57,356 [INFO] 🔄 INICIANDO RONDA: 1 | Moderador: llama3.3:70b
2026-04-16 22:22:17,932 [INFO] 📊 [DLB] Generando análisis técnico con llama3.3:70b...
2026-04-16 22:22:17,932 [INFO] 📡 [PNM] Calculando recursos de red con llama3.3:70b...
2026-04-16 22:23:03,751 [INFO] 🔄 INICIANDO RONDA: 2 | Moderador: llama3.3:70b
2026-04-16 22:23:24,622 [INFO] 📊 [DLB] Generando análisis técnico con llama3.3:70b...
2026-04-16 22:23:24,622 [INFO] 📡 [PNM] Calculando recursos de red con llama3.3:70b...
2026-04-16 22:24:15,065 [INFO] 🔄 INICIANDO RONDA: 3 | Moderador: llama3.3:70b
2026-04-16 22:24:36,216 [INFO] 📊 [DLB] Generando análisis técnico con llama3.3:70b...
2026-04-16 22:24:36,216 [INFO] 📡 [PNM] Calculando recursos de red con llama3.3:70b...
2026-04-16 22:25:24,681 [INFO] 🔄 INICIANDO RONDA: 4 | Moderador: llama3.3:70b
2026-04-16 22:25:44,640 [INFO] ⚖️ [MODERADOR] Generando respuesta consenso con llama3.3:70b...
2026-04-16 22:26:39,104 [INFO]    ✅ Finalizado.
2026-04-16 22:26:40,115 [INFO] 👉 [24] Iniciando debate...
2026-04-16 22:26:40,115 [INFO] 🔄 INICIANDO RONDA: 0 | Moderador: llama3.3:70b
2026-04-16 22:26:42,522 [INFO] TOP SCORE: 1.255586862564087
2026-04-16 22:26:42,522 [INFO] 📊 RAG: 0 tablas y 5 textos enviados al experto.
2026-04-16 22:27:09,311 [INFO] 📊 [DLB] Generando análisis técnico con llama3.3:70b...
2026-04-16 22:27:09,311 [INFO] 📡 [PNM] Calculando recursos de red con llama3.3:70b...
2026-04-16 22:27:55,626 [INFO] 🔄 INICIANDO RONDA: 1 | Moderador: llama3.3:70b
2026-04-16 22:28:13,511 [INFO] 📊 [DLB] Generando análisis técnico con llama3.3:70b...
2026-04-16 22:28:13,511 [INFO] 📡 [PNM] Calculando recursos de red con llama3.3:70b...
2026-04-16 22:28:58,944 [INFO] 🔄 INICIANDO RONDA: 2 | Moderador: llama3.3:70b
2026-04-16 22:29:19,228 [INFO] 📊 [DLB] Generando análisis técnico con llama3.3:70b...
2026-04-16 22:29:19,228 [INFO] 📡 [PNM] Calculando recursos de red con llama3.3:70b...
2026-04-16 22:30:07,419 [INFO] 🔄 INICIANDO RONDA: 3 | Moderador: llama3.3:70b
2026-04-16 22:30:25,306 [INFO] 📊 [DLB] Generando análisis técnico con llama3.3:70b...
2026-04-16 22:30:25,306 [INFO] 📡 [PNM] Calculando recursos de red con llama3.3:70b...
2026-04-16 22:31:10,428 [INFO] 🔄 INICIANDO RONDA: 4 | Moderador: llama3.3:70b
2026-04-16 22:31:28,056 [INFO] ⚖️ [MODERADOR] Generando respuesta consenso con llama3.3:70b...
2026-04-16 22:32:19,303 [INFO]    ✅ Finalizado.
2026-04-16 22:32:20,315 [INFO] 👉 [25] Iniciando debate...
2026-04-16 22:32:20,315 [INFO] 🔄 INICIANDO RONDA: 0 | Moderador: llama3.3:70b
2026-04-16 22:32:22,893 [INFO] TOP SCORE: 2.0342724323272705
2026-04-16 22:32:22,893 [INFO] 📊 RAG: 0 tablas y 5 textos enviados al experto.
2026-04-16 22:32:48,297 [INFO] 📊 [DLB] Generando análisis técnico con llama3.3:70b...
2026-04-16 22:32:48,297 [INFO] 📡 [PNM] Calculando recursos de red con llama3.3:70b...
2026-04-16 22:33:28,415 [INFO] 🔄 INICIANDO RONDA: 1 | Moderador: llama3.3:70b
2026-04-16 22:33:48,202 [INFO] 📊 [DLB] Generando análisis técnico con llama3.3:70b...
2026-04-16 22:33:48,202 [INFO] 📡 [PNM] Calculando recursos de red con llama3.3:70b...
2026-04-16 22:34:41,474 [INFO] 🔄 INICIANDO RONDA: 2 | Moderador: llama3.3:70b
2026-04-16 22:35:01,423 [INFO] 📊 [DLB] Generando análisis técnico con llama3.3:70b...
2026-04-16 22:35:01,423 [INFO] 📡 [PNM] Calculando recursos de red con llama3.3:70b...
2026-04-16 22:35:50,866 [INFO] 🔄 INICIANDO RONDA: 3 | Moderador: llama3.3:70b
2026-04-16 22:36:16,041 [INFO] 📊 [DLB] Generando análisis técnico con llama3.3:70b...
2026-04-16 22:36:16,041 [INFO] 📡 [PNM] Calculando recursos de red con llama3.3:70b...
2026-04-16 22:37:02,476 [INFO] 🔄 INICIANDO RONDA: 4 | Moderador: llama3.3:70b
2026-04-16 22:37:23,567 [INFO] ⚖️ [MODERADOR] Generando respuesta consenso con llama3.3:70b...
2026-04-16 22:38:13,478 [INFO]    ✅ Finalizado.
2026-04-16 22:38:14,480 [INFO] 👉 [26] Iniciando debate...
2026-04-16 22:38:14,480 [INFO] 🔄 INICIANDO RONDA: 0 | Moderador: llama3.3:70b
2026-04-16 22:38:17,074 [INFO] TOP SCORE: -0.2066955715417862
2026-04-16 22:38:17,074 [INFO] 📊 RAG: 0 tablas y 5 textos enviados al experto.
2026-04-16 22:38:42,126 [INFO] 📊 [DLB] Generando análisis técnico con llama3.3:70b...
2026-04-16 22:38:42,126 [INFO] 📡 [PNM] Calculando recursos de red con llama3.3:70b...
2026-04-16 22:39:29,251 [INFO] 🔄 INICIANDO RONDA: 1 | Moderador: llama3.3:70b
2026-04-16 22:39:46,516 [INFO] 📊 [DLB] Generando análisis técnico con llama3.3:70b...
2026-04-16 22:39:46,516 [INFO] 📡 [PNM] Calculando recursos de red con llama3.3:70b...
2026-04-16 22:40:38,574 [INFO] 🔄 INICIANDO RONDA: 2 | Moderador: llama3.3:70b
2026-04-16 22:40:59,281 [INFO] 📊 [DLB] Generando análisis técnico con llama3.3:70b...
2026-04-16 22:40:59,281 [INFO] 📡 [PNM] Calculando recursos de red con llama3.3:70b...
2026-04-16 22:41:50,332 [INFO] 🔄 INICIANDO RONDA: 3 | Moderador: llama3.3:70b
2026-04-16 22:42:08,611 [INFO] 📊 [DLB] Generando análisis técnico con llama3.3:70b...
2026-04-16 22:42:08,611 [INFO] 📡 [PNM] Calculando recursos de red con llama3.3:70b...
2026-04-16 22:42:59,065 [INFO] 🔄 INICIANDO RONDA: 4 | Moderador: llama3.3:70b
2026-04-16 22:43:18,758 [INFO] ⚖️ [MODERADOR] Generando respuesta consenso con llama3.3:70b...
2026-04-16 22:44:08,708 [INFO]    ✅ Finalizado.
2026-04-16 22:44:09,719 [INFO] 👉 [27] Iniciando debate...
2026-04-16 22:44:09,719 [INFO] 🔄 INICIANDO RONDA: 0 | Moderador: llama3.3:70b
2026-04-16 22:44:12,563 [INFO] TOP SCORE: -2.8870604038238525
2026-04-16 22:44:12,563 [INFO] 📊 RAG: 0 tablas y 5 textos enviados al experto.
2026-04-16 22:44:36,811 [INFO] 📊 [DLB] Generando análisis técnico con llama3.3:70b...
2026-04-16 22:44:36,811 [INFO] 📡 [PNM] Calculando recursos de red con llama3.3:70b...
2026-04-16 22:45:26,428 [INFO] 🔄 INICIANDO RONDA: 1 | Moderador: llama3.3:70b
2026-04-16 22:45:49,139 [INFO] 📊 [DLB] Generando análisis técnico con llama3.3:70b...
2026-04-16 22:45:49,139 [INFO] 📡 [PNM] Calculando recursos de red con llama3.3:70b...
2026-04-16 22:46:41,795 [INFO] 🔄 INICIANDO RONDA: 2 | Moderador: llama3.3:70b
2026-04-16 22:47:03,161 [INFO] 📊 [DLB] Generando análisis técnico con llama3.3:70b...
2026-04-16 22:47:03,161 [INFO] 📡 [PNM] Calculando recursos de red con llama3.3:70b...
2026-04-16 22:47:55,696 [INFO] 🔄 INICIANDO RONDA: 3 | Moderador: llama3.3:70b
2026-04-16 22:48:16,630 [INFO] 📊 [DLB] Generando análisis técnico con llama3.3:70b...
2026-04-16 22:48:16,630 [INFO] 📡 [PNM] Calculando recursos de red con llama3.3:70b...
2026-04-16 22:49:09,197 [INFO] 🔄 INICIANDO RONDA: 4 | Moderador: llama3.3:70b
2026-04-16 22:49:27,267 [INFO] ⚖️ [MODERADOR] Generando respuesta consenso con llama3.3:70b...
2026-04-16 22:50:22,668 [INFO]    ✅ Finalizado.
2026-04-16 22:50:23,672 [INFO] 📁 Procesando archivo: a-reflector-antenna-concept-robust-against-feed-failures-for-satellite-communications_salida.txt
2026-04-16 22:50:23,672 [INFO] 👉 [28] Iniciando debate...
2026-04-16 22:50:23,672 [INFO] 🔄 INICIANDO RONDA: 0 | Moderador: llama3.3:70b
2026-04-16 22:50:26,172 [INFO] TOP SCORE: 2.669060468673706
2026-04-16 22:50:26,172 [INFO] 📊 RAG: 0 tablas y 5 textos enviados al experto.
2026-04-16 22:50:54,727 [INFO] 📊 [DLB] Generando análisis técnico con llama3.3:70b...
2026-04-16 22:50:54,727 [INFO] 📡 [PNM] Calculando recursos de red con llama3.3:70b...
2026-04-16 22:51:44,736 [INFO] 🔄 INICIANDO RONDA: 1 | Moderador: llama3.3:70b
2026-04-16 22:52:05,893 [INFO] 📊 [DLB] Generando análisis técnico con llama3.3:70b...
2026-04-16 22:52:05,893 [INFO] 📡 [PNM] Calculando recursos de red con llama3.3:70b...
2026-04-16 22:52:55,191 [INFO] 🔄 INICIANDO RONDA: 2 | Moderador: llama3.3:70b
2026-04-16 22:53:14,631 [INFO] 📊 [DLB] Generando análisis técnico con llama3.3:70b...
2026-04-16 22:53:14,631 [INFO] 📡 [PNM] Calculando recursos de red con llama3.3:70b...
2026-04-16 22:54:04,981 [INFO] 🔄 INICIANDO RONDA: 3 | Moderador: llama3.3:70b
2026-04-16 22:54:23,843 [INFO] 📊 [DLB] Generando análisis técnico con llama3.3:70b...
2026-04-16 22:54:23,843 [INFO] 📡 [PNM] Calculando recursos de red con llama3.3:70b...
2026-04-16 22:55:15,022 [INFO] 🔄 INICIANDO RONDA: 4 | Moderador: llama3.3:70b
2026-04-16 22:55:36,306 [INFO] ⚖️ [MODERADOR] Generando respuesta consenso con llama3.3:70b...
2026-04-16 22:56:26,124 [INFO]    ✅ Finalizado.
2026-04-16 22:56:27,124 [INFO] 👉 [29] Iniciando debate...
2026-04-16 22:56:27,124 [INFO] 🔄 INICIANDO RONDA: 0 | Moderador: llama3.3:70b
2026-04-16 22:56:29,593 [INFO] TOP SCORE: 0.15891176462173462
2026-04-16 22:56:29,593 [INFO] 📊 RAG: 0 tablas y 5 textos enviados al experto.
2026-04-16 22:56:52,845 [INFO] 📊 [DLB] Generando análisis técnico con llama3.3:70b...
2026-04-16 22:56:52,845 [INFO] 📡 [PNM] Calculando recursos de red con llama3.3:70b...
2026-04-16 22:57:42,098 [INFO] 🔄 INICIANDO RONDA: 1 | Moderador: llama3.3:70b
2026-04-16 22:57:59,339 [INFO] 📊 [DLB] Generando análisis técnico con llama3.3:70b...
2026-04-16 22:57:59,339 [INFO] 📡 [PNM] Calculando recursos de red con llama3.3:70b...
2026-04-16 22:58:48,669 [INFO] 🔄 INICIANDO RONDA: 2 | Moderador: llama3.3:70b
2026-04-16 22:59:10,641 [INFO] 📊 [DLB] Generando análisis técnico con llama3.3:70b...
2026-04-16 22:59:10,641 [INFO] 📡 [PNM] Calculando recursos de red con llama3.3:70b...
2026-04-16 23:00:00,716 [INFO] 🔄 INICIANDO RONDA: 3 | Moderador: llama3.3:70b
2026-04-16 23:00:18,354 [INFO] 📊 [DLB] Generando análisis técnico con llama3.3:70b...
2026-04-16 23:00:18,354 [INFO] 📡 [PNM] Calculando recursos de red con llama3.3:70b...
2026-04-16 23:01:07,141 [INFO] 🔄 INICIANDO RONDA: 4 | Moderador: llama3.3:70b
2026-04-16 23:01:28,934 [INFO] ⚖️ [MODERADOR] Generando respuesta consenso con llama3.3:70b...
2026-04-16 23:02:17,592 [INFO]    ✅ Finalizado.
2026-04-16 23:02:18,597 [INFO] 👉 [30] Iniciando debate...
2026-04-16 23:02:18,597 [INFO] 🔄 INICIANDO RONDA: 0 | Moderador: llama3.3:70b
2026-04-16 23:02:21,129 [INFO] TOP SCORE: 0.5885249376296997
2026-04-16 23:02:21,129 [INFO] 📊 RAG: 6 tablas y 5 textos enviados al experto.
2026-04-16 23:02:51,827 [INFO] 📊 [DLB] Generando análisis técnico con llama3.3:70b...
2026-04-16 23:02:51,827 [INFO] 📡 [PNM] Calculando recursos de red con llama3.3:70b...
2026-04-16 23:03:55,606 [INFO] 🔄 INICIANDO RONDA: 1 | Moderador: llama3.3:70b
2026-04-16 23:04:17,415 [INFO] 📊 [DLB] Generando análisis técnico con llama3.3:70b...
2026-04-16 23:04:17,415 [INFO] 📡 [PNM] Calculando recursos de red con llama3.3:70b...
2026-04-16 23:05:17,682 [INFO] 🔄 INICIANDO RONDA: 2 | Moderador: llama3.3:70b
2026-04-16 23:05:35,179 [INFO] 📊 [DLB] Generando análisis técnico con llama3.3:70b...
2026-04-16 23:05:35,179 [INFO] 📡 [PNM] Calculando recursos de red con llama3.3:70b...
2026-04-16 23:06:41,043 [INFO] 🔄 INICIANDO RONDA: 3 | Moderador: llama3.3:70b
2026-04-16 23:07:01,335 [INFO] 📊 [DLB] Generando análisis técnico con llama3.3:70b...
2026-04-16 23:07:01,335 [INFO] 📡 [PNM] Calculando recursos de red con llama3.3:70b...
2026-04-16 23:08:05,821 [INFO] 🔄 INICIANDO RONDA: 4 | Moderador: llama3.3:70b
2026-04-16 23:08:26,052 [INFO] ⚖️ [MODERADOR] Generando respuesta consenso con llama3.3:70b...
2026-04-16 23:09:19,717 [INFO]    ✅ Finalizado.
2026-04-16 23:09:20,733 [INFO] 👉 [31] Iniciando debate...
2026-04-16 23:09:20,733 [INFO] 🔄 INICIANDO RONDA: 0 | Moderador: llama3.3:70b
2026-04-16 23:09:23,139 [INFO] TOP SCORE: 5.374831199645996
2026-04-16 23:09:23,139 [INFO] 📊 RAG: 0 tablas y 5 textos enviados al experto.
2026-04-16 23:09:49,282 [INFO] 📊 [DLB] Generando análisis técnico con llama3.3:70b...
2026-04-16 23:09:49,282 [INFO] 📡 [PNM] Calculando recursos de red con llama3.3:70b...
2026-04-16 23:11:42,344 [INFO] 📁 Procesando archivo: a-compact-low-noise-frontend-for-interleaved-rx-tx-arrays-at-k-ka-band_salida.txt
2026-04-16 23:11:42,344 [INFO] 📁 Procesando archivo: a-compact-lowpass-filter-for-satellite-communication-systems-based-on-transfer-function-analysis_salida.txt
2026-04-16 23:11:42,359 [INFO] 📁 Procesando archivo: a-framework-to-classify-heterogeneous-internet-traffic-with-machine-learning-and-deep-learning-techniques-for-satellite-communications_salida.txt
2026-04-16 23:11:42,359 [INFO] 📁 Procesando archivo: a-ka-band-satcom-transceiver-in-65-nm-cmos-with-high-linearity-tx-and-dual-channel-wide-dynamic-range-rx-for-terrestrial-terminal_salida.txt
2026-04-16 23:11:42,375 [INFO] 📁 Procesando archivo: a-lagrangian-heuristic-for-satellite-range-scheduling-with-resource-constraints_salida.txt
2026-04-16 23:11:42,375 [INFO] 👉 [21] Iniciando debate...
2026-04-16 23:11:42,422 [INFO] 🔄 INICIANDO RONDA: 0 | Moderador: llama3.3:70b
2026-04-16 23:11:44,922 [INFO] TOP SCORE: -4.408236980438232
2026-04-16 23:11:44,922 [INFO] 📊 RAG: 0 tablas y 5 textos enviados al experto.
2026-04-16 23:12:08,084 [INFO] 📊 [DLB] Generando análisis técnico con deepseek-r1:70b...
2026-04-16 23:12:08,085 [INFO] 📡 [PNM] Calculando recursos de red con qwen2.5:72b...
2026-04-16 23:17:09,934 [INFO] 🔄 INICIANDO RONDA: 1 | Moderador: llama3.3:70b
2026-04-16 23:18:07,000 [INFO] 📊 [DLB] Generando análisis técnico con deepseek-r1:70b...
2026-04-16 23:18:07,000 [INFO] 📡 [PNM] Calculando recursos de red con qwen2.5:72b...
2026-04-16 23:22:06,273 [INFO] 🔄 INICIANDO RONDA: 2 | Moderador: llama3.3:70b
2026-04-16 23:23:04,073 [INFO] 📊 [DLB] Generando análisis técnico con deepseek-r1:70b...
2026-04-16 23:23:04,074 [INFO] 📡 [PNM] Calculando recursos de red con qwen2.5:72b...
2026-04-16 23:27:19,559 [INFO] 🔄 INICIANDO RONDA: 3 | Moderador: llama3.3:70b
2026-04-16 23:28:17,106 [INFO] 📊 [DLB] Generando análisis técnico con deepseek-r1:70b...
2026-04-16 23:28:17,106 [INFO] 📡 [PNM] Calculando recursos de red con qwen2.5:72b...
2026-04-16 23:32:46,897 [INFO] 🔄 INICIANDO RONDA: 4 | Moderador: llama3.3:70b
2026-04-16 23:33:45,081 [INFO] ⚖️ [MODERADOR] Generando respuesta consenso con llama3.3:70b...
2026-04-16 23:35:13,594 [INFO]    ✅ Finalizado.
2026-04-16 23:35:14,608 [INFO] 👉 [22] Iniciando debate...
2026-04-16 23:35:14,608 [INFO] 🔄 INICIANDO RONDA: 0 | Moderador: llama3.3:70b
2026-04-16 23:35:17,062 [INFO] TOP SCORE: -1.2767314910888672
2026-04-16 23:35:17,062 [INFO] 📊 RAG: 0 tablas y 5 textos enviados al experto.
2026-04-16 23:36:14,101 [INFO] 📊 [DLB] Generando análisis técnico con deepseek-r1:70b...
2026-04-16 23:36:14,102 [INFO] 📡 [PNM] Calculando recursos de red con qwen2.5:72b...
2026-04-16 23:40:18,803 [INFO] 🔄 INICIANDO RONDA: 1 | Moderador: llama3.3:70b
2026-04-16 23:41:16,554 [INFO] 📊 [DLB] Generando análisis técnico con deepseek-r1:70b...
2026-04-16 23:41:16,555 [INFO] 📡 [PNM] Calculando recursos de red con qwen2.5:72b...
2026-04-16 23:47:28,589 [INFO] 🔄 INICIANDO RONDA: 2 | Moderador: llama3.3:70b
2026-04-16 23:48:29,682 [INFO] 📊 [DLB] Generando análisis técnico con deepseek-r1:70b...
2026-04-16 23:48:29,683 [INFO] 📡 [PNM] Calculando recursos de red con qwen2.5:72b...
2026-04-16 23:52:33,322 [INFO] 🔄 INICIANDO RONDA: 3 | Moderador: llama3.3:70b
2026-04-16 23:53:34,511 [INFO] 📊 [DLB] Generando análisis técnico con deepseek-r1:70b...
2026-04-16 23:53:34,511 [INFO] 📡 [PNM] Calculando recursos de red con qwen2.5:72b...
2026-04-17 00:01:24,529 [INFO] 🔄 INICIANDO RONDA: 4 | Moderador: llama3.3:70b
2026-04-17 00:02:33,719 [INFO] ⚖️ [MODERADOR] Generando respuesta consenso con llama3.3:70b...
2026-04-17 00:04:10,767 [INFO]    ✅ Finalizado.
2026-04-17 00:04:11,775 [INFO] 📁 Procesando archivo: a-novel-dual-polarized-continuous-transverse-stub-antenna-based-on-corrugated-waveguides-part-ii-experimental-demonstration_salida.txt
2026-04-17 00:04:11,777 [INFO] 👉 [23] Iniciando debate...
2026-04-17 00:04:11,777 [INFO] 🔄 INICIANDO RONDA: 0 | Moderador: llama3.3:70b
2026-04-17 00:04:14,308 [INFO] TOP SCORE: 3.616671323776245
2026-04-17 00:04:14,308 [INFO] 📊 RAG: 0 tablas y 5 textos enviados al experto.
2026-04-17 00:05:14,771 [INFO] 📊 [DLB] Generando análisis técnico con deepseek-r1:70b...
2026-04-17 00:05:14,772 [INFO] 📡 [PNM] Calculando recursos de red con qwen2.5:72b...
2026-04-17 00:10:01,372 [INFO] 🔄 INICIANDO RONDA: 1 | Moderador: llama3.3:70b
2026-04-17 00:11:00,607 [INFO] 📊 [DLB] Generando análisis técnico con deepseek-r1:70b...
2026-04-17 00:11:00,607 [INFO] 📡 [PNM] Calculando recursos de red con qwen2.5:72b...
2026-04-17 00:16:28,671 [INFO] 🔄 INICIANDO RONDA: 2 | Moderador: llama3.3:70b
2026-04-17 00:17:35,702 [INFO] 📊 [DLB] Generando análisis técnico con deepseek-r1:70b...
2026-04-17 00:17:35,702 [INFO] 📡 [PNM] Calculando recursos de red con qwen2.5:72b...
2026-04-17 00:23:32,844 [INFO] 🔄 INICIANDO RONDA: 3 | Moderador: llama3.3:70b
2026-04-17 00:24:35,241 [INFO] 📊 [DLB] Generando análisis técnico con deepseek-r1:70b...
2026-04-17 00:24:35,242 [INFO] 📡 [PNM] Calculando recursos de red con qwen2.5:72b...
2026-04-17 00:30:10,543 [INFO] 🔄 INICIANDO RONDA: 4 | Moderador: llama3.3:70b
2026-04-17 00:31:13,522 [INFO] ⚖️ [MODERADOR] Generando respuesta consenso con llama3.3:70b...
2026-04-17 00:32:46,188 [INFO]    ✅ Finalizado.
2026-04-17 00:32:47,204 [INFO] 👉 [24] Iniciando debate...
2026-04-17 00:32:47,206 [INFO] 🔄 INICIANDO RONDA: 0 | Moderador: llama3.3:70b
2026-04-17 00:32:49,706 [INFO] TOP SCORE: 1.255586862564087
2026-04-17 00:32:49,706 [INFO] 📊 RAG: 0 tablas y 5 textos enviados al experto.
2026-04-17 00:33:52,892 [INFO] 📊 [DLB] Generando análisis técnico con deepseek-r1:70b...
2026-04-17 00:33:52,893 [INFO] 📡 [PNM] Calculando recursos de red con qwen2.5:72b...
2026-04-17 00:38:23,388 [INFO] 🔄 INICIANDO RONDA: 1 | Moderador: llama3.3:70b
2026-04-17 00:39:20,525 [INFO] 📊 [DLB] Generando análisis técnico con deepseek-r1:70b...
2026-04-17 00:39:20,526 [INFO] 📡 [PNM] Calculando recursos de red con qwen2.5:72b...
2026-04-17 00:44:31,416 [INFO] 🔄 INICIANDO RONDA: 2 | Moderador: llama3.3:70b
2026-04-17 00:45:31,350 [INFO] 📊 [DLB] Generando análisis técnico con deepseek-r1:70b...
2026-04-17 00:45:31,350 [INFO] 📡 [PNM] Calculando recursos de red con qwen2.5:72b...
2026-04-17 00:50:13,370 [INFO] 🔄 INICIANDO RONDA: 3 | Moderador: llama3.3:70b
2026-04-17 00:51:18,264 [INFO] 📊 [DLB] Generando análisis técnico con deepseek-r1:70b...
2026-04-17 00:51:18,264 [INFO] 📡 [PNM] Calculando recursos de red con qwen2.5:72b...
2026-04-17 00:56:28,086 [INFO] 🔄 INICIANDO RONDA: 4 | Moderador: llama3.3:70b
2026-04-17 00:57:31,726 [INFO] ⚖️ [MODERADOR] Generando respuesta consenso con llama3.3:70b...
2026-04-17 00:59:06,150 [INFO]    ✅ Finalizado.
2026-04-17 00:59:07,163 [INFO] 👉 [25] Iniciando debate...
2026-04-17 00:59:07,163 [INFO] 🔄 INICIANDO RONDA: 0 | Moderador: llama3.3:70b
2026-04-17 00:59:09,540 [INFO] TOP SCORE: 2.0342724323272705
2026-04-17 00:59:09,540 [INFO] 📊 RAG: 0 tablas y 5 textos enviados al experto.
2026-04-17 01:00:09,869 [INFO] 📊 [DLB] Generando análisis técnico con deepseek-r1:70b...
2026-04-17 01:00:09,870 [INFO] 📡 [PNM] Calculando recursos de red con qwen2.5:72b...
2026-04-17 01:04:28,299 [INFO] 🔄 INICIANDO RONDA: 1 | Moderador: llama3.3:70b
2026-04-17 01:05:24,781 [INFO] 📊 [DLB] Generando análisis técnico con deepseek-r1:70b...
2026-04-17 01:05:24,782 [INFO] 📡 [PNM] Calculando recursos de red con qwen2.5:72b...
2026-04-17 01:11:01,827 [INFO] 🔄 INICIANDO RONDA: 2 | Moderador: llama3.3:70b
2026-04-17 01:12:01,391 [INFO] 📊 [DLB] Generando análisis técnico con deepseek-r1:70b...
2026-04-17 01:12:01,391 [INFO] 📡 [PNM] Calculando recursos de red con qwen2.5:72b...
2026-04-17 01:16:26,704 [INFO] 🔄 INICIANDO RONDA: 3 | Moderador: llama3.3:70b
2026-04-17 01:17:25,371 [INFO] 📊 [DLB] Generando análisis técnico con deepseek-r1:70b...
2026-04-17 01:17:25,371 [INFO] 📡 [PNM] Calculando recursos de red con qwen2.5:72b...
2026-04-17 01:23:51,366 [INFO] 🔄 INICIANDO RONDA: 4 | Moderador: llama3.3:70b
2026-04-17 01:24:55,541 [INFO] ⚖️ [MODERADOR] Generando respuesta consenso con llama3.3:70b...
2026-04-17 01:26:27,571 [INFO]    ✅ Finalizado.
2026-04-17 01:26:28,574 [INFO] 👉 [26] Iniciando debate...
2026-04-17 01:26:28,574 [INFO] 🔄 INICIANDO RONDA: 0 | Moderador: llama3.3:70b
2026-04-17 01:26:30,997 [INFO] TOP SCORE: -0.2066955715417862
2026-04-17 01:26:30,997 [INFO] 📊 RAG: 0 tablas y 5 textos enviados al experto.
2026-04-17 01:27:29,396 [INFO] 📊 [DLB] Generando análisis técnico con deepseek-r1:70b...
2026-04-17 01:27:29,397 [INFO] 📡 [PNM] Calculando recursos de red con qwen2.5:72b...
2026-04-17 01:33:19,849 [INFO] 🔄 INICIANDO RONDA: 1 | Moderador: llama3.3:70b
2026-04-17 01:34:18,659 [INFO] 📊 [DLB] Generando análisis técnico con deepseek-r1:70b...
2026-04-17 01:34:18,660 [INFO] 📡 [PNM] Calculando recursos de red con qwen2.5:72b...
2026-04-17 01:36:33,307 [INFO] 🔄 INICIANDO RONDA: 2 | Moderador: llama3.3:70b
2026-04-17 18:24:51,885 [INFO] 📁 Procesando archivo: a-compact-low-noise-frontend-for-interleaved-rx-tx-arrays-at-k-ka-band_salida.txt
2026-04-17 18:24:51,885 [INFO] 📁 Procesando archivo: a-compact-lowpass-filter-for-satellite-communication-systems-based-on-transfer-function-analysis_salida.txt
2026-04-17 18:24:51,901 [INFO] 📁 Procesando archivo: a-framework-to-classify-heterogeneous-internet-traffic-with-machine-learning-and-deep-learning-techniques-for-satellite-communications_salida.txt
2026-04-17 18:24:51,916 [INFO] 📁 Procesando archivo: a-ka-band-satcom-transceiver-in-65-nm-cmos-with-high-linearity-tx-and-dual-channel-wide-dynamic-range-rx-for-terrestrial-terminal_salida.txt
2026-04-17 18:24:51,916 [INFO] 📁 Procesando archivo: a-lagrangian-heuristic-for-satellite-range-scheduling-with-resource-constraints_salida.txt
2026-04-17 18:24:51,932 [INFO] 📁 Procesando archivo: a-novel-dual-polarized-continuous-transverse-stub-antenna-based-on-corrugated-waveguides-part-ii-experimental-demonstration_salida.txt
2026-04-17 18:24:51,932 [INFO] 👉 [26] Iniciando debate...
2026-04-17 18:24:51,994 [INFO] 🔄 INICIANDO RONDA: 0 | Moderador: llama3.3:70b
2026-04-17 18:24:55,010 [INFO] TOP SCORE: -0.2066955715417862
2026-04-17 18:24:55,010 [INFO] 📊 RAG: 0 tablas y 5 textos enviados al experto.
2026-04-17 18:25:55,132 [INFO] 📊 [DLB] Generando análisis técnico con deepseek-r1:70b...
2026-04-17 18:25:55,133 [INFO] 📡 [PNM] Calculando recursos de red con qwen2.5:72b...
2026-04-17 18:32:33,122 [INFO] 🔄 INICIANDO RONDA: 1 | Moderador: llama3.3:70b
2026-04-17 18:33:28,939 [INFO] 📊 [DLB] Generando análisis técnico con deepseek-r1:70b...
2026-04-17 18:33:28,939 [INFO] 📡 [PNM] Calculando recursos de red con qwen2.5:72b...
2026-04-17 18:38:21,204 [INFO] 🔄 INICIANDO RONDA: 2 | Moderador: llama3.3:70b
2026-04-17 18:39:17,419 [INFO] 📊 [DLB] Generando análisis técnico con deepseek-r1:70b...
2026-04-17 18:39:17,420 [INFO] 📡 [PNM] Calculando recursos de red con qwen2.5:72b...
2026-04-17 18:46:22,196 [INFO] 🔄 INICIANDO RONDA: 3 | Moderador: llama3.3:70b
2026-04-17 18:47:22,718 [INFO] 📊 [DLB] Generando análisis técnico con deepseek-r1:70b...
2026-04-17 18:47:22,719 [INFO] 📡 [PNM] Calculando recursos de red con qwen2.5:72b...
2026-04-17 18:54:02,983 [INFO] 🔄 INICIANDO RONDA: 4 | Moderador: llama3.3:70b
2026-04-17 18:55:04,664 [INFO] ⚖️ [MODERADOR] Generando respuesta consenso con llama3.3:70b...
2026-04-17 18:56:45,349 [INFO]    ✅ Finalizado.
2026-04-17 18:56:46,350 [INFO] 👉 [27] Iniciando debate...
2026-04-17 18:56:46,350 [INFO] 🔄 INICIANDO RONDA: 0 | Moderador: llama3.3:70b
2026-04-17 18:56:48,821 [INFO] TOP SCORE: -2.8870604038238525
2026-04-17 18:56:48,821 [INFO] 📊 RAG: 0 tablas y 5 textos enviados al experto.
2026-04-17 18:57:47,421 [INFO] 📊 [DLB] Generando análisis técnico con deepseek-r1:70b...
2026-04-17 18:57:47,423 [INFO] 📡 [PNM] Calculando recursos de red con qwen2.5:72b...
2026-04-17 19:02:23,738 [INFO] 🔄 INICIANDO RONDA: 1 | Moderador: llama3.3:70b
2026-04-17 19:03:19,194 [INFO] 📊 [DLB] Generando análisis técnico con deepseek-r1:70b...
2026-04-17 19:03:19,194 [INFO] 📡 [PNM] Calculando recursos de red con qwen2.5:72b...
2026-04-17 19:08:35,049 [INFO] 🔄 INICIANDO RONDA: 2 | Moderador: llama3.3:70b
2026-04-17 19:09:37,598 [INFO] 📊 [DLB] Generando análisis técnico con deepseek-r1:70b...
2026-04-17 19:09:37,599 [INFO] 📡 [PNM] Calculando recursos de red con qwen2.5:72b...
2026-04-17 19:14:11,732 [INFO] 🔄 INICIANDO RONDA: 3 | Moderador: llama3.3:70b
2026-04-17 19:15:17,334 [INFO] 📊 [DLB] Generando análisis técnico con deepseek-r1:70b...
2026-04-17 19:15:17,334 [INFO] 📡 [PNM] Calculando recursos de red con qwen2.5:72b...
2026-04-17 19:20:57,751 [INFO] 🔄 INICIANDO RONDA: 4 | Moderador: llama3.3:70b
2026-04-17 19:22:07,886 [INFO] ⚖️ [MODERADOR] Generando respuesta consenso con llama3.3:70b...
2026-04-17 19:23:45,146 [INFO]    ✅ Finalizado.
2026-04-17 19:23:46,162 [INFO] 📁 Procesando archivo: a-reflector-antenna-concept-robust-against-feed-failures-for-satellite-communications_salida.txt
2026-04-17 19:23:46,162 [INFO] 👉 [28] Iniciando debate...
2026-04-17 19:23:46,162 [INFO] 🔄 INICIANDO RONDA: 0 | Moderador: llama3.3:70b
2026-04-17 19:23:48,633 [INFO] TOP SCORE: 2.669060468673706
2026-04-17 19:23:48,633 [INFO] 📊 RAG: 0 tablas y 5 textos enviados al experto.
2026-04-17 19:24:50,809 [INFO] 📊 [DLB] Generando análisis técnico con deepseek-r1:70b...
2026-04-17 19:24:50,809 [INFO] 📡 [PNM] Calculando recursos de red con qwen2.5:72b...
2026-04-17 19:28:29,092 [INFO] 🔄 INICIANDO RONDA: 1 | Moderador: llama3.3:70b
2026-04-17 19:29:26,302 [INFO] 📊 [DLB] Generando análisis técnico con deepseek-r1:70b...
2026-04-17 19:29:26,303 [INFO] 📡 [PNM] Calculando recursos de red con qwen2.5:72b...
2026-04-17 19:33:03,978 [INFO] 🔄 INICIANDO RONDA: 2 | Moderador: llama3.3:70b
2026-04-17 19:33:59,462 [INFO] 📊 [DLB] Generando análisis técnico con deepseek-r1:70b...
2026-04-17 19:33:59,462 [INFO] 📡 [PNM] Calculando recursos de red con qwen2.5:72b...
2026-04-17 19:37:30,271 [INFO] 🔄 INICIANDO RONDA: 3 | Moderador: llama3.3:70b
2026-04-17 19:38:28,685 [INFO] 📊 [DLB] Generando análisis técnico con deepseek-r1:70b...
2026-04-17 19:38:28,685 [INFO] 📡 [PNM] Calculando recursos de red con qwen2.5:72b...
2026-04-17 19:43:31,294 [INFO] 🔄 INICIANDO RONDA: 4 | Moderador: llama3.3:70b
2026-04-17 19:44:31,766 [INFO] ⚖️ [MODERADOR] Generando respuesta consenso con llama3.3:70b...
2026-04-17 19:46:02,791 [INFO]    ✅ Finalizado.
2026-04-17 19:46:03,803 [INFO] 👉 [29] Iniciando debate...
2026-04-17 19:46:03,803 [INFO] 🔄 INICIANDO RONDA: 0 | Moderador: llama3.3:70b
2026-04-17 19:46:06,508 [INFO] TOP SCORE: 0.15891176462173462
2026-04-17 19:46:06,508 [INFO] 📊 RAG: 0 tablas y 5 textos enviados al experto.
2026-04-17 19:47:04,940 [INFO] 📊 [DLB] Generando análisis técnico con deepseek-r1:70b...
2026-04-17 19:47:04,941 [INFO] 📡 [PNM] Calculando recursos de red con qwen2.5:72b...
2026-04-17 19:51:49,202 [INFO] 🔄 INICIANDO RONDA: 1 | Moderador: llama3.3:70b
2026-04-17 19:52:44,124 [INFO] 📊 [DLB] Generando análisis técnico con deepseek-r1:70b...
2026-04-17 19:52:44,125 [INFO] 📡 [PNM] Calculando recursos de red con qwen2.5:72b...
2026-04-17 19:58:04,817 [INFO] 🔄 INICIANDO RONDA: 2 | Moderador: llama3.3:70b
2026-04-17 19:59:02,143 [INFO] 📊 [DLB] Generando análisis técnico con deepseek-r1:70b...
2026-04-17 19:59:02,144 [INFO] 📡 [PNM] Calculando recursos de red con qwen2.5:72b...
2026-04-17 20:03:47,633 [INFO] 🔄 INICIANDO RONDA: 3 | Moderador: llama3.3:70b
2026-04-17 20:04:45,797 [INFO] 📊 [DLB] Generando análisis técnico con deepseek-r1:70b...
2026-04-17 20:04:45,798 [INFO] 📡 [PNM] Calculando recursos de red con qwen2.5:72b...
2026-04-17 20:09:10,049 [INFO] 🔄 INICIANDO RONDA: 4 | Moderador: llama3.3:70b
2026-04-17 20:10:07,753 [INFO] ⚖️ [MODERADOR] Generando respuesta consenso con llama3.3:70b...
2026-04-17 20:11:38,001 [INFO]    ✅ Finalizado.
2026-04-17 20:11:39,002 [INFO] 👉 [30] Iniciando debate...
2026-04-17 20:11:39,002 [INFO] 🔄 INICIANDO RONDA: 0 | Moderador: llama3.3:70b
2026-04-17 20:11:41,458 [INFO] TOP SCORE: 0.5885249376296997
2026-04-17 20:11:41,458 [INFO] 📊 RAG: 6 tablas y 5 textos enviados al experto.
2026-04-17 20:12:44,824 [INFO] 📊 [DLB] Generando análisis técnico con deepseek-r1:70b...
2026-04-17 20:12:44,825 [INFO] 📡 [PNM] Calculando recursos de red con qwen2.5:72b...
2026-04-17 20:18:35,961 [INFO] 🔄 INICIANDO RONDA: 1 | Moderador: llama3.3:70b
2026-04-17 20:19:34,788 [INFO] 📊 [DLB] Generando análisis técnico con deepseek-r1:70b...
2026-04-17 20:19:34,788 [INFO] 📡 [PNM] Calculando recursos de red con qwen2.5:72b...
2026-04-17 20:24:47,451 [INFO] 🔄 INICIANDO RONDA: 2 | Moderador: llama3.3:70b
2026-04-17 20:25:47,009 [INFO] 📊 [DLB] Generando análisis técnico con deepseek-r1:70b...
2026-04-17 20:25:47,010 [INFO] 📡 [PNM] Calculando recursos de red con qwen2.5:72b...
2026-04-17 20:30:21,333 [INFO] 🔄 INICIANDO RONDA: 3 | Moderador: llama3.3:70b
2026-04-17 20:31:23,387 [INFO] 📊 [DLB] Generando análisis técnico con deepseek-r1:70b...
2026-04-17 20:31:23,388 [INFO] 📡 [PNM] Calculando recursos de red con qwen2.5:72b...
2026-04-17 20:37:05,947 [INFO] 🔄 INICIANDO RONDA: 4 | Moderador: llama3.3:70b
2026-04-17 20:38:06,987 [INFO] ⚖️ [MODERADOR] Generando respuesta consenso con llama3.3:70b...
2026-04-17 20:39:49,175 [INFO]    ✅ Finalizado.
2026-04-17 20:39:50,181 [INFO] 👉 [31] Iniciando debate...
2026-04-17 20:39:50,181 [INFO] 🔄 INICIANDO RONDA: 0 | Moderador: llama3.3:70b
2026-04-18 12:29:02,742 [INFO] 📁 Procesando archivo: a-compact-low-noise-frontend-for-interleaved-rx-tx-arrays-at-k-ka-band_salida.txt
2026-04-18 12:29:02,742 [INFO] 📁 Procesando archivo: a-compact-lowpass-filter-for-satellite-communication-systems-based-on-transfer-function-analysis_salida.txt
2026-04-18 12:29:02,742 [INFO] 📁 Procesando archivo: a-framework-to-classify-heterogeneous-internet-traffic-with-machine-learning-and-deep-learning-techniques-for-satellite-communications_salida.txt
2026-04-18 12:29:02,742 [INFO] 📁 Procesando archivo: a-ka-band-satcom-transceiver-in-65-nm-cmos-with-high-linearity-tx-and-dual-channel-wide-dynamic-range-rx-for-terrestrial-terminal_salida.txt
2026-04-18 12:29:02,742 [INFO] 📁 Procesando archivo: a-lagrangian-heuristic-for-satellite-range-scheduling-with-resource-constraints_salida.txt
2026-04-18 12:29:02,742 [INFO] 📁 Procesando archivo: a-novel-dual-polarized-continuous-transverse-stub-antenna-based-on-corrugated-waveguides-part-ii-experimental-demonstration_salida.txt
2026-04-18 12:29:02,742 [INFO] 📁 Procesando archivo: a-reflector-antenna-concept-robust-against-feed-failures-for-satellite-communications_salida.txt
2026-04-18 12:29:02,742 [INFO] 📁 Procesando archivo: a-survey-on-communication-networks-for-electric-system-automation_salida.txt
2026-04-18 12:29:02,742 [INFO] 👉 [37] Iniciando debate...
2026-04-18 12:29:02,789 [INFO] 🔄 INICIANDO RONDA: 0 | Moderador: llama3.1:8b
2026-04-18 12:29:05,742 [INFO] TOP SCORE: -0.2235834300518036
2026-04-18 12:29:05,742 [INFO] 📊 RAG: 0 tablas y 5 textos enviados al experto.
2026-04-18 12:29:14,370 [INFO] 📊 [DLB] Generando análisis técnico con qwen2.5:7b...
2026-04-18 12:29:14,370 [INFO] 📡 [PNM] Calculando recursos de red con mistral:7b...
2026-04-18 12:29:28,896 [INFO] 🔄 INICIANDO RONDA: 1 | Moderador: llama3.1:8b
2026-04-18 12:29:32,449 [INFO] 📊 [DLB] Generando análisis técnico con qwen2.5:7b...
2026-04-18 12:29:32,449 [INFO] 📡 [PNM] Calculando recursos de red con mistral:7b...
2026-04-18 12:29:38,789 [INFO] 🔄 INICIANDO RONDA: 2 | Moderador: llama3.1:8b
2026-04-18 12:29:42,752 [INFO] 📊 [DLB] Generando análisis técnico con qwen2.5:7b...
2026-04-18 12:29:42,752 [INFO] 📡 [PNM] Calculando recursos de red con mistral:7b...
2026-04-18 12:29:50,191 [INFO] 🔄 INICIANDO RONDA: 3 | Moderador: llama3.1:8b
2026-04-18 12:29:55,445 [INFO] 📊 [DLB] Generando análisis técnico con qwen2.5:7b...
2026-04-18 12:29:55,445 [INFO] 📡 [PNM] Calculando recursos de red con mistral:7b...
2026-04-18 12:30:02,756 [INFO] 🔄 INICIANDO RONDA: 4 | Moderador: llama3.1:8b
2026-04-18 12:30:08,009 [INFO] ⚖️ [MODERADOR] Generando respuesta consenso con llama3.1:8b...
2026-04-18 12:30:26,585 [INFO]    ✅ Finalizado.
2026-04-18 12:30:27,592 [INFO] 👉 [38] Iniciando debate...
2026-04-18 12:30:27,592 [INFO] 🔄 INICIANDO RONDA: 0 | Moderador: llama3.1:8b
2026-04-18 12:30:29,983 [INFO] TOP SCORE: 2.5330612659454346
2026-04-18 12:30:29,983 [INFO] 📊 RAG: 0 tablas y 5 textos enviados al experto.
2026-04-18 12:30:33,476 [INFO] 📊 [DLB] Generando análisis técnico con qwen2.5:7b...
2026-04-18 12:30:33,476 [INFO] 📡 [PNM] Calculando recursos de red con mistral:7b...
2026-04-18 12:30:40,210 [INFO] 🔄 INICIANDO RONDA: 1 | Moderador: llama3.1:8b
2026-04-18 12:30:43,962 [INFO] 📊 [DLB] Generando análisis técnico con qwen2.5:7b...
2026-04-18 12:30:43,962 [INFO] 📡 [PNM] Calculando recursos de red con mistral:7b...
2026-04-18 12:30:50,229 [INFO] 🔄 INICIANDO RONDA: 2 | Moderador: llama3.1:8b
2026-04-18 12:30:53,915 [INFO] 📊 [DLB] Generando análisis técnico con qwen2.5:7b...
2026-04-18 12:30:53,915 [INFO] 📡 [PNM] Calculando recursos de red con mistral:7b...
2026-04-18 12:31:00,205 [INFO] 🔄 INICIANDO RONDA: 3 | Moderador: llama3.1:8b
2026-04-18 12:31:05,029 [INFO] 📊 [DLB] Generando análisis técnico con qwen2.5:7b...
2026-04-18 12:31:05,029 [INFO] 📡 [PNM] Calculando recursos de red con mistral:7b...
2026-04-18 12:31:12,328 [INFO] 🔄 INICIANDO RONDA: 4 | Moderador: llama3.1:8b
2026-04-18 12:31:16,663 [INFO] ⚖️ [MODERADOR] Generando respuesta consenso con llama3.1:8b...
2026-04-18 12:31:34,287 [INFO]    ✅ Finalizado.
2026-04-18 12:31:35,290 [INFO] 👉 [39] Iniciando debate...
2026-04-18 12:31:35,290 [INFO] 🔄 INICIANDO RONDA: 0 | Moderador: llama3.1:8b
2026-04-18 12:31:37,821 [INFO] TOP SCORE: -0.18465222418308258
2026-04-18 12:31:37,821 [INFO] 📊 RAG: 0 tablas y 5 textos enviados al experto.
2026-04-18 12:31:42,256 [INFO] 📊 [DLB] Generando análisis técnico con qwen2.5:7b...
2026-04-18 12:31:42,256 [INFO] 📡 [PNM] Calculando recursos de red con mistral:7b...
2026-04-18 12:31:49,802 [INFO] 🔄 INICIANDO RONDA: 1 | Moderador: llama3.1:8b
2026-04-18 12:31:53,067 [INFO] 📊 [DLB] Generando análisis técnico con qwen2.5:7b...
2026-04-18 12:31:53,067 [INFO] 📡 [PNM] Calculando recursos de red con mistral:7b...
2026-04-18 12:32:00,710 [INFO] 🔄 INICIANDO RONDA: 2 | Moderador: llama3.1:8b
2026-04-18 12:32:04,180 [INFO] 📊 [DLB] Generando análisis técnico con qwen2.5:7b...
2026-04-18 12:32:04,180 [INFO] 📡 [PNM] Calculando recursos de red con mistral:7b...
2026-04-18 12:32:12,661 [INFO] 🔄 INICIANDO RONDA: 3 | Moderador: llama3.1:8b
2026-04-18 12:32:16,932 [INFO] 📊 [DLB] Generando análisis técnico con qwen2.5:7b...
2026-04-18 12:32:16,932 [INFO] 📡 [PNM] Calculando recursos de red con mistral:7b...
2026-04-18 12:32:25,243 [INFO] 🔄 INICIANDO RONDA: 4 | Moderador: llama3.1:8b
2026-04-18 12:32:29,665 [INFO] ⚖️ [MODERADOR] Generando respuesta consenso con llama3.1:8b...
2026-04-18 12:32:48,564 [INFO]    ✅ Finalizado.
2026-04-18 12:32:49,567 [INFO] 📁 Procesando archivo: a-wideband-high-gain-high-efficiency-hybrid-integrated-plate-array-antenna-for-v-band-inter-satellite-links_salida.txt
2026-04-18 12:32:49,567 [INFO] 👉 [40] Iniciando debate...
2026-04-18 12:32:49,567 [INFO] 🔄 INICIANDO RONDA: 0 | Moderador: llama3.1:8b
2026-04-18 12:32:52,129 [INFO] TOP SCORE: 5.606832981109619
2026-04-18 12:32:52,129 [INFO] 📊 RAG: 0 tablas y 5 textos enviados al experto.
2026-04-18 12:32:56,420 [INFO] 📊 [DLB] Generando análisis técnico con qwen2.5:7b...
2026-04-18 12:32:56,420 [INFO] 📡 [PNM] Calculando recursos de red con mistral:7b...
2026-04-18 12:33:04,337 [INFO] 🔄 INICIANDO RONDA: 1 | Moderador: llama3.1:8b
2026-04-18 12:33:09,945 [INFO] 📊 [DLB] Generando análisis técnico con qwen2.5:7b...
2026-04-18 12:33:09,945 [INFO] 📡 [PNM] Calculando recursos de red con mistral:7b...
2026-04-18 12:33:16,322 [INFO] 🔄 INICIANDO RONDA: 2 | Moderador: llama3.1:8b
2026-04-18 12:33:19,829 [INFO] 📊 [DLB] Generando análisis técnico con qwen2.5:7b...
2026-04-18 12:33:19,829 [INFO] 📡 [PNM] Calculando recursos de red con mistral:7b...
2026-04-18 12:33:27,032 [INFO] 🔄 INICIANDO RONDA: 3 | Moderador: llama3.1:8b
2026-04-18 12:33:30,519 [INFO] 📊 [DLB] Generando análisis técnico con qwen2.5:7b...
2026-04-18 12:33:30,519 [INFO] 📡 [PNM] Calculando recursos de red con mistral:7b...
2026-04-18 12:33:36,866 [INFO] 🔄 INICIANDO RONDA: 4 | Moderador: llama3.1:8b
2026-04-18 12:33:41,739 [INFO] ⚖️ [MODERADOR] Generando respuesta consenso con llama3.1:8b...
2026-04-18 12:34:03,124 [INFO]    ✅ Finalizado.
2026-04-18 12:34:04,132 [INFO] 👉 [41] Iniciando debate...
2026-04-18 12:34:04,132 [INFO] 🔄 INICIANDO RONDA: 0 | Moderador: llama3.1:8b
2026-04-18 12:34:06,523 [INFO] TOP SCORE: 4.697839260101318
2026-04-18 12:34:06,523 [INFO] 📊 RAG: 0 tablas y 5 textos enviados al experto.
2026-04-18 12:34:08,576 [INFO] 📊 [DLB] Generando análisis técnico con qwen2.5:7b...
2026-04-18 12:34:08,576 [INFO] 📡 [PNM] Calculando recursos de red con mistral:7b...
2026-04-18 12:34:15,506 [INFO] 🔄 INICIANDO RONDA: 1 | Moderador: llama3.1:8b
2026-04-18 12:34:19,040 [INFO] 📊 [DLB] Generando análisis técnico con qwen2.5:7b...
2026-04-18 12:34:19,040 [INFO] 📡 [PNM] Calculando recursos de red con mistral:7b...
2026-04-18 12:34:28,499 [INFO] 🔄 INICIANDO RONDA: 2 | Moderador: llama3.1:8b
2026-04-18 12:34:32,661 [INFO] 📊 [DLB] Generando análisis técnico con qwen2.5:7b...
2026-04-18 12:34:32,661 [INFO] 📡 [PNM] Calculando recursos de red con mistral:7b...
2026-04-18 12:34:40,062 [INFO] 🔄 INICIANDO RONDA: 3 | Moderador: llama3.1:8b
2026-04-18 12:34:44,983 [INFO] 📊 [DLB] Generando análisis técnico con qwen2.5:7b...
2026-04-18 12:34:44,983 [INFO] 📡 [PNM] Calculando recursos de red con mistral:7b...
2026-04-18 12:35:02,973 [INFO] 🔄 INICIANDO RONDA: 4 | Moderador: llama3.1:8b
2026-04-18 12:35:10,707 [INFO] ⚖️ [MODERADOR] Generando respuesta consenso con llama3.1:8b...
2026-04-18 12:35:30,823 [INFO]    ✅ Finalizado.
2026-04-18 12:35:31,839 [INFO] 👉 [42] Iniciando debate...
2026-04-18 12:35:31,839 [INFO] 🔄 INICIANDO RONDA: 0 | Moderador: llama3.1:8b
2026-04-18 12:35:34,308 [INFO] TOP SCORE: 0.26210442185401917
2026-04-18 12:35:34,308 [INFO] 📊 RAG: 0 tablas y 5 textos enviados al experto.
2026-04-18 12:35:36,016 [INFO] 📊 [DLB] Generando análisis técnico con qwen2.5:7b...
2026-04-18 12:35:36,016 [INFO] 📡 [PNM] Calculando recursos de red con mistral:7b...
2026-04-18 12:35:41,648 [INFO] 🔄 INICIANDO RONDA: 1 | Moderador: llama3.1:8b
2026-04-18 12:35:45,310 [INFO] 📊 [DLB] Generando análisis técnico con qwen2.5:7b...
2026-04-18 12:35:45,310 [INFO] 📡 [PNM] Calculando recursos de red con mistral:7b...
2026-04-18 12:35:51,814 [INFO] 🔄 INICIANDO RONDA: 2 | Moderador: llama3.1:8b
2026-04-18 12:35:57,191 [INFO] 📊 [DLB] Generando análisis técnico con qwen2.5:7b...
2026-04-18 12:35:57,191 [INFO] 📡 [PNM] Calculando recursos de red con mistral:7b...
2026-04-18 12:36:05,059 [INFO] 🔄 INICIANDO RONDA: 3 | Moderador: llama3.1:8b
2026-04-18 12:36:11,771 [INFO] 📊 [DLB] Generando análisis técnico con qwen2.5:7b...
2026-04-18 12:36:11,771 [INFO] 📡 [PNM] Calculando recursos de red con mistral:7b...
2026-04-18 12:36:20,206 [INFO] 🔄 INICIANDO RONDA: 4 | Moderador: llama3.1:8b
2026-04-18 12:36:26,419 [INFO] ⚖️ [MODERADOR] Generando respuesta consenso con llama3.1:8b...
2026-04-18 12:36:43,124 [INFO]    ✅ Finalizado.
2026-04-18 12:36:44,131 [INFO] 👉 [43] Iniciando debate...
2026-04-18 12:36:44,131 [INFO] 🔄 INICIANDO RONDA: 0 | Moderador: llama3.1:8b
2026-04-18 12:36:46,553 [INFO] TOP SCORE: -1.7766869068145752
2026-04-18 12:36:46,553 [INFO] 📊 RAG: 0 tablas y 5 textos enviados al experto.
2026-04-18 12:36:48,483 [INFO] 📊 [DLB] Generando análisis técnico con qwen2.5:7b...
2026-04-18 12:36:48,483 [INFO] 📡 [PNM] Calculando recursos de red con mistral:7b...
2026-04-18 12:36:58,385 [INFO] 🔄 INICIANDO RONDA: 1 | Moderador: llama3.1:8b
2026-04-18 12:37:02,163 [INFO] 📊 [DLB] Generando análisis técnico con qwen2.5:7b...
2026-04-18 12:37:02,163 [INFO] 📡 [PNM] Calculando recursos de red con mistral:7b...
2026-04-18 12:37:11,375 [INFO] 🔄 INICIANDO RONDA: 2 | Moderador: llama3.1:8b
2026-04-18 12:37:16,044 [INFO] 📊 [DLB] Generando análisis técnico con qwen2.5:7b...
2026-04-18 12:37:16,044 [INFO] 📡 [PNM] Calculando recursos de red con mistral:7b...
2026-04-18 12:37:22,818 [INFO] 🔄 INICIANDO RONDA: 3 | Moderador: llama3.1:8b
2026-04-18 12:37:27,341 [INFO] 📊 [DLB] Generando análisis técnico con qwen2.5:7b...
2026-04-18 12:37:27,341 [INFO] 📡 [PNM] Calculando recursos de red con mistral:7b...
2026-04-18 12:37:33,856 [INFO] 🔄 INICIANDO RONDA: 4 | Moderador: llama3.1:8b
2026-04-18 12:37:39,033 [INFO] ⚖️ [MODERADOR] Generando respuesta consenso con llama3.1:8b...
2026-04-18 12:37:56,993 [INFO]    ✅ Finalizado.
2026-04-18 12:37:57,993 [INFO] 👉 [44] Iniciando debate...
2026-04-18 12:37:57,993 [INFO] 🔄 INICIANDO RONDA: 0 | Moderador: llama3.1:8b
2026-04-18 12:38:00,524 [INFO] TOP SCORE: -0.48244673013687134
2026-04-18 12:38:00,524 [INFO] 📊 RAG: 0 tablas y 5 textos enviados al experto.
2026-04-18 12:38:02,206 [INFO] 📊 [DLB] Generando análisis técnico con qwen2.5:7b...
2026-04-18 12:38:02,206 [INFO] 📡 [PNM] Calculando recursos de red con mistral:7b...
2026-04-18 12:38:06,920 [INFO] 🔄 INICIANDO RONDA: 1 | Moderador: llama3.1:8b
2026-04-18 12:38:09,982 [INFO] 📊 [DLB] Generando análisis técnico con qwen2.5:7b...
2026-04-18 12:38:09,982 [INFO] 📡 [PNM] Calculando recursos de red con mistral:7b...
2026-04-18 12:38:16,355 [INFO] 🔄 INICIANDO RONDA: 2 | Moderador: llama3.1:8b
2026-04-18 12:38:20,272 [INFO] 📊 [DLB] Generando análisis técnico con qwen2.5:7b...
2026-04-18 12:38:20,272 [INFO] 📡 [PNM] Calculando recursos de red con mistral:7b...
2026-04-18 12:38:26,644 [INFO] 🔄 INICIANDO RONDA: 3 | Moderador: llama3.1:8b
2026-04-18 12:38:30,871 [INFO] 📊 [DLB] Generando análisis técnico con qwen2.5:7b...
2026-04-18 12:38:30,871 [INFO] 📡 [PNM] Calculando recursos de red con mistral:7b...
2026-04-18 12:38:37,688 [INFO] 🔄 INICIANDO RONDA: 4 | Moderador: llama3.1:8b
2026-04-18 12:38:42,184 [INFO] ⚖️ [MODERADOR] Generando respuesta consenso con llama3.1:8b...
2026-04-18 12:38:57,711 [INFO]    ✅ Finalizado.
2026-04-18 12:38:58,718 [INFO] 👉 [45] Iniciando debate...
2026-04-18 12:38:58,718 [INFO] 🔄 INICIANDO RONDA: 0 | Moderador: llama3.1:8b
2026-04-18 12:39:01,140 [INFO] TOP SCORE: -0.6884428262710571
2026-04-18 12:39:01,140 [INFO] 📊 RAG: 1 tablas y 5 textos enviados al experto.
2026-04-18 12:39:05,121 [INFO] 📊 [DLB] Generando análisis técnico con qwen2.5:7b...
2026-04-18 12:39:05,121 [INFO] 📡 [PNM] Calculando recursos de red con mistral:7b...
2026-04-18 12:39:14,355 [INFO] 🔄 INICIANDO RONDA: 1 | Moderador: llama3.1:8b
2026-04-18 12:39:18,780 [INFO] 📊 [DLB] Generando análisis técnico con qwen2.5:7b...
2026-04-18 12:39:18,780 [INFO] 📡 [PNM] Calculando recursos de red con mistral:7b...
2026-04-18 12:39:28,760 [INFO] 🔄 INICIANDO RONDA: 2 | Moderador: llama3.1:8b
2026-04-18 12:39:32,543 [INFO] 📊 [DLB] Generando análisis técnico con qwen2.5:7b...
2026-04-18 12:39:32,543 [INFO] 📡 [PNM] Calculando recursos de red con mistral:7b...
2026-04-18 12:39:41,966 [INFO] 🔄 INICIANDO RONDA: 3 | Moderador: llama3.1:8b
2026-04-18 12:39:46,915 [INFO] 📊 [DLB] Generando análisis técnico con qwen2.5:7b...
2026-04-18 12:39:46,915 [INFO] 📡 [PNM] Calculando recursos de red con mistral:7b...
2026-04-18 12:39:55,730 [INFO] 🔄 INICIANDO RONDA: 4 | Moderador: llama3.1:8b
2026-04-18 12:40:00,246 [INFO] ⚖️ [MODERADOR] Generando respuesta consenso con llama3.1:8b...
2026-04-18 12:40:18,120 [INFO]    ✅ Finalizado.
2026-04-18 12:40:19,126 [INFO] 👉 [46] Iniciando debate...
2026-04-18 12:40:19,126 [INFO] 🔄 INICIANDO RONDA: 0 | Moderador: llama3.1:8b
2026-04-18 12:40:21,486 [INFO] TOP SCORE: -0.5709457993507385
2026-04-18 12:40:21,486 [INFO] 📊 RAG: 0 tablas y 5 textos enviados al experto.
2026-04-18 12:40:23,193 [INFO] 📊 [DLB] Generando análisis técnico con qwen2.5:7b...
2026-04-18 12:40:23,193 [INFO] 📡 [PNM] Calculando recursos de red con mistral:7b...
2026-04-18 12:40:31,574 [INFO] 🔄 INICIANDO RONDA: 1 | Moderador: llama3.1:8b
2026-04-18 12:40:34,017 [INFO] 📊 [DLB] Generando análisis técnico con qwen2.5:7b...
2026-04-18 12:40:34,017 [INFO] 📡 [PNM] Calculando recursos de red con mistral:7b...
2026-04-18 12:40:40,623 [INFO] 🔄 INICIANDO RONDA: 2 | Moderador: llama3.1:8b
2026-04-18 12:40:45,215 [INFO] 📊 [DLB] Generando análisis técnico con qwen2.5:7b...
2026-04-18 12:40:45,215 [INFO] 📡 [PNM] Calculando recursos de red con mistral:7b...
2026-04-18 12:40:54,565 [INFO] 🔄 INICIANDO RONDA: 3 | Moderador: llama3.1:8b
2026-04-18 12:40:59,520 [INFO] 📊 [DLB] Generando análisis técnico con qwen2.5:7b...
2026-04-18 12:40:59,520 [INFO] 📡 [PNM] Calculando recursos de red con mistral:7b...
2026-04-18 12:41:07,773 [INFO] 🔄 INICIANDO RONDA: 4 | Moderador: llama3.1:8b
2026-04-18 12:41:12,425 [INFO] ⚖️ [MODERADOR] Generando respuesta consenso con llama3.1:8b...
2026-04-18 12:41:33,781 [INFO]    ✅ Finalizado.
2026-04-18 12:41:34,794 [INFO] 📁 Procesando archivo: aeronautical-ad-hoc-networking-for-the-internet-above-the-clouds_salida.txt
2026-04-18 12:41:34,794 [INFO] 👉 [47] Iniciando debate...
2026-04-18 12:41:34,794 [INFO] 🔄 INICIANDO RONDA: 0 | Moderador: llama3.1:8b
2026-04-18 12:41:37,247 [INFO] TOP SCORE: 1.8059589862823486
2026-04-18 12:41:37,247 [INFO] 📊 RAG: 0 tablas y 5 textos enviados al experto.
2026-04-18 12:41:42,539 [INFO] 📊 [DLB] Generando análisis técnico con qwen2.5:7b...
2026-04-18 12:41:42,539 [INFO] 📡 [PNM] Calculando recursos de red con mistral:7b...
2026-04-18 12:41:52,141 [INFO] 🔄 INICIANDO RONDA: 1 | Moderador: llama3.1:8b
2026-04-18 12:41:56,365 [INFO] 📊 [DLB] Generando análisis técnico con qwen2.5:7b...
2026-04-18 12:41:56,365 [INFO] 📡 [PNM] Calculando recursos de red con mistral:7b...
2026-04-18 12:42:14,916 [INFO] 🔄 INICIANDO RONDA: 2 | Moderador: llama3.1:8b
2026-04-18 12:42:21,972 [INFO] 📊 [DLB] Generando análisis técnico con qwen2.5:7b...
2026-04-18 12:42:21,972 [INFO] 📡 [PNM] Calculando recursos de red con mistral:7b...
2026-04-18 12:42:29,577 [INFO] 🔄 INICIANDO RONDA: 3 | Moderador: llama3.1:8b
2026-04-18 12:42:35,899 [INFO] 📊 [DLB] Generando análisis técnico con qwen2.5:7b...
2026-04-18 12:42:35,899 [INFO] 📡 [PNM] Calculando recursos de red con mistral:7b...
2026-04-18 12:42:46,916 [INFO] 🔄 INICIANDO RONDA: 4 | Moderador: llama3.1:8b
2026-04-18 12:42:51,923 [INFO] ⚖️ [MODERADOR] Generando respuesta consenso con llama3.1:8b...
2026-04-18 12:43:16,095 [INFO]    ✅ Finalizado.
2026-04-18 12:43:17,103 [INFO] 👉 [48] Iniciando debate...
2026-04-18 12:43:17,103 [INFO] 🔄 INICIANDO RONDA: 0 | Moderador: llama3.1:8b
2026-04-18 12:43:19,494 [INFO] TOP SCORE: 0.2539190351963043
2026-04-18 12:43:19,494 [INFO] 📊 RAG: 0 tablas y 5 textos enviados al experto.
2026-04-18 12:43:23,873 [INFO] 📊 [DLB] Generando análisis técnico con qwen2.5:7b...
2026-04-18 12:43:23,873 [INFO] 📡 [PNM] Calculando recursos de red con mistral:7b...
2026-04-18 12:43:33,716 [INFO] 🔄 INICIANDO RONDA: 1 | Moderador: llama3.1:8b
2026-04-18 12:43:38,750 [INFO] 📊 [DLB] Generando análisis técnico con qwen2.5:7b...
2026-04-18 12:43:38,750 [INFO] 📡 [PNM] Calculando recursos de red con mistral:7b...
2026-04-18 12:43:57,349 [INFO] 🔄 INICIANDO RONDA: 2 | Moderador: llama3.1:8b
2026-04-18 12:44:05,463 [INFO] 📊 [DLB] Generando análisis técnico con qwen2.5:7b...
2026-04-18 12:44:05,463 [INFO] 📡 [PNM] Calculando recursos de red con mistral:7b...
2026-04-18 12:44:17,469 [INFO] 🔄 INICIANDO RONDA: 3 | Moderador: llama3.1:8b
2026-04-18 12:44:23,101 [INFO] 📊 [DLB] Generando análisis técnico con qwen2.5:7b...
2026-04-18 12:44:23,101 [INFO] 📡 [PNM] Calculando recursos de red con mistral:7b...
2026-04-18 12:44:37,731 [INFO] 🔄 INICIANDO RONDA: 4 | Moderador: llama3.1:8b
2026-04-18 12:44:43,884 [INFO] ⚖️ [MODERADOR] Generando respuesta consenso con llama3.1:8b...
2026-04-18 12:45:05,812 [INFO]    ✅ Finalizado.
2026-04-18 12:45:06,825 [INFO] 👉 [49] Iniciando debate...
2026-04-18 12:45:06,825 [INFO] 🔄 INICIANDO RONDA: 0 | Moderador: llama3.1:8b
2026-04-18 12:45:09,371 [INFO] TOP SCORE: -0.15298324823379517
2026-04-18 12:45:09,371 [INFO] 📊 RAG: 0 tablas y 5 textos enviados al experto.
2026-04-18 12:45:11,339 [INFO] 📊 [DLB] Generando análisis técnico con qwen2.5:7b...
2026-04-18 12:45:11,339 [INFO] 📡 [PNM] Calculando recursos de red con mistral:7b...
2026-04-18 12:45:19,467 [INFO] 🔄 INICIANDO RONDA: 1 | Moderador: llama3.1:8b
2026-04-18 12:45:23,294 [INFO] 📊 [DLB] Generando análisis técnico con qwen2.5:7b...
2026-04-18 12:45:23,294 [INFO] 📡 [PNM] Calculando recursos de red con mistral:7b...
2026-04-18 12:45:33,420 [INFO] 🔄 INICIANDO RONDA: 2 | Moderador: llama3.1:8b
2026-04-18 12:45:37,782 [INFO] 📊 [DLB] Generando análisis técnico con qwen2.5:7b...
2026-04-18 12:45:37,782 [INFO] 📡 [PNM] Calculando recursos de red con mistral:7b...
2026-04-18 12:45:45,405 [INFO] 🔄 INICIANDO RONDA: 3 | Moderador: llama3.1:8b
2026-04-18 12:45:50,473 [INFO] 📊 [DLB] Generando análisis técnico con qwen2.5:7b...
2026-04-18 12:45:50,473 [INFO] 📡 [PNM] Calculando recursos de red con mistral:7b...
2026-04-18 12:46:00,288 [INFO] 🔄 INICIANDO RONDA: 4 | Moderador: llama3.1:8b
2026-04-18 12:46:05,496 [INFO] ⚖️ [MODERADOR] Generando respuesta consenso con llama3.1:8b...
2026-04-18 12:46:28,105 [INFO]    ✅ Finalizado.
2026-04-18 12:46:29,109 [INFO] 👉 [50] Iniciando debate...
2026-04-18 12:46:29,109 [INFO] 🔄 INICIANDO RONDA: 0 | Moderador: llama3.1:8b
2026-04-18 12:46:31,563 [INFO] TOP SCORE: -2.808699369430542
2026-04-18 12:46:31,563 [INFO] 📊 RAG: 0 tablas y 5 textos enviados al experto.
2026-04-18 12:46:36,178 [INFO] 📊 [DLB] Generando análisis técnico con qwen2.5:7b...
2026-04-18 12:46:36,179 [INFO] 📡 [PNM] Calculando recursos de red con mistral:7b...
2026-04-18 12:46:43,694 [INFO] 🔄 INICIANDO RONDA: 1 | Moderador: llama3.1:8b
2026-04-18 12:46:48,858 [INFO] 📊 [DLB] Generando análisis técnico con qwen2.5:7b...
2026-04-18 12:46:48,858 [INFO] 📡 [PNM] Calculando recursos de red con mistral:7b...
2026-04-18 12:47:00,859 [INFO] 🔄 INICIANDO RONDA: 2 | Moderador: llama3.1:8b
2026-04-18 12:47:05,972 [INFO] 📊 [DLB] Generando análisis técnico con qwen2.5:7b...
2026-04-18 12:47:05,972 [INFO] 📡 [PNM] Calculando recursos de red con mistral:7b...
2026-04-18 12:47:14,995 [INFO] 🔄 INICIANDO RONDA: 3 | Moderador: llama3.1:8b
2026-04-18 12:47:20,684 [INFO] 📊 [DLB] Generando análisis técnico con qwen2.5:7b...
2026-04-18 12:47:20,684 [INFO] 📡 [PNM] Calculando recursos de red con mistral:7b...
2026-04-18 12:47:34,376 [INFO] 🔄 INICIANDO RONDA: 4 | Moderador: llama3.1:8b
2026-04-18 12:47:39,632 [INFO] ⚖️ [MODERADOR] Generando respuesta consenso con llama3.1:8b...
2026-04-18 12:48:01,377 [INFO]    ✅ Finalizado.
2026-04-18 12:48:02,390 [INFO] 🛑 Límite de 51 preguntas alcanzado. Deteniendo...
2026-04-18 12:49:41,550 [INFO] 📁 Procesando archivo: a-compact-low-noise-frontend-for-interleaved-rx-tx-arrays-at-k-ka-band_salida.txt
2026-04-18 12:49:41,550 [INFO] 📁 Procesando archivo: a-compact-lowpass-filter-for-satellite-communication-systems-based-on-transfer-function-analysis_salida.txt
2026-04-18 12:49:41,550 [INFO] 📁 Procesando archivo: a-framework-to-classify-heterogeneous-internet-traffic-with-machine-learning-and-deep-learning-techniques-for-satellite-communications_salida.txt
2026-04-18 12:49:41,550 [INFO] 📁 Procesando archivo: a-ka-band-satcom-transceiver-in-65-nm-cmos-with-high-linearity-tx-and-dual-channel-wide-dynamic-range-rx-for-terrestrial-terminal_salida.txt
2026-04-18 12:49:41,550 [INFO] 📁 Procesando archivo: a-lagrangian-heuristic-for-satellite-range-scheduling-with-resource-constraints_salida.txt
2026-04-18 12:49:41,550 [INFO] 📁 Procesando archivo: a-novel-dual-polarized-continuous-transverse-stub-antenna-based-on-corrugated-waveguides-part-ii-experimental-demonstration_salida.txt
2026-04-18 12:49:41,550 [INFO] 📁 Procesando archivo: a-reflector-antenna-concept-robust-against-feed-failures-for-satellite-communications_salida.txt
2026-04-18 12:49:41,550 [INFO] 👉 [31] Iniciando debate...
2026-04-18 12:49:41,566 [INFO] 🔄 INICIANDO RONDA: 0 | Moderador: llama3.1:8b
2026-04-18 12:49:44,035 [INFO] TOP SCORE: 5.374831199645996
2026-04-18 12:49:44,035 [INFO] 📊 RAG: 0 tablas y 5 textos enviados al experto.
2026-04-18 12:49:48,257 [INFO] 📊 [DLB] Generando análisis técnico con llama3.1:8b...
2026-04-18 12:49:48,257 [INFO] 📡 [PNM] Calculando recursos de red con llama3.1:8b...
2026-04-18 12:49:59,724 [INFO] 🔄 INICIANDO RONDA: 1 | Moderador: llama3.1:8b
2026-04-18 12:50:03,927 [INFO] 📊 [DLB] Generando análisis técnico con llama3.1:8b...
2026-04-18 12:50:03,927 [INFO] 📡 [PNM] Calculando recursos de red con llama3.1:8b...
2026-04-18 12:50:15,618 [INFO] 🔄 INICIANDO RONDA: 2 | Moderador: llama3.1:8b
2026-04-18 12:50:21,380 [INFO] 📊 [DLB] Generando análisis técnico con llama3.1:8b...
2026-04-18 12:50:21,380 [INFO] 📡 [PNM] Calculando recursos de red con llama3.1:8b...
2026-04-18 12:50:35,478 [INFO] 🔄 INICIANDO RONDA: 3 | Moderador: llama3.1:8b
2026-04-18 12:50:40,863 [INFO] 📊 [DLB] Generando análisis técnico con llama3.1:8b...
2026-04-18 12:50:40,863 [INFO] 📡 [PNM] Calculando recursos de red con llama3.1:8b...
2026-04-18 12:50:58,501 [INFO] 🔄 INICIANDO RONDA: 4 | Moderador: llama3.1:8b
2026-04-18 12:51:03,752 [INFO] ⚖️ [MODERADOR] Generando respuesta consenso con llama3.1:8b...
2026-04-18 12:51:25,745 [INFO]    ✅ Finalizado.
2026-04-18 12:51:26,754 [INFO] 👉 [32] Iniciando debate...
2026-04-18 12:51:26,754 [INFO] 🔄 INICIANDO RONDA: 0 | Moderador: llama3.1:8b
2026-04-18 12:51:29,161 [INFO] TOP SCORE: 3.062441349029541
2026-04-18 12:51:29,161 [INFO] 📊 RAG: 1 tablas y 5 textos enviados al experto.
2026-04-18 12:51:34,316 [INFO] 📊 [DLB] Generando análisis técnico con llama3.1:8b...
2026-04-18 12:51:34,316 [INFO] 📡 [PNM] Calculando recursos de red con llama3.1:8b...
2026-04-18 12:51:43,949 [INFO] 🔄 INICIANDO RONDA: 1 | Moderador: llama3.1:8b
2026-04-18 12:51:48,911 [INFO] 📊 [DLB] Generando análisis técnico con llama3.1:8b...
2026-04-18 12:51:48,911 [INFO] 📡 [PNM] Calculando recursos de red con llama3.1:8b...
2026-04-18 12:52:01,561 [INFO] 🔄 INICIANDO RONDA: 2 | Moderador: llama3.1:8b
2026-04-18 12:52:06,652 [INFO] 📊 [DLB] Generando análisis técnico con llama3.1:8b...
2026-04-18 12:52:06,652 [INFO] 📡 [PNM] Calculando recursos de red con llama3.1:8b...
2026-04-18 12:52:18,810 [INFO] 🔄 INICIANDO RONDA: 3 | Moderador: llama3.1:8b
2026-04-18 12:52:23,704 [INFO] 📊 [DLB] Generando análisis técnico con llama3.1:8b...
2026-04-18 12:52:23,704 [INFO] 📡 [PNM] Calculando recursos de red con llama3.1:8b...
2026-04-18 12:52:36,946 [INFO] 🔄 INICIANDO RONDA: 4 | Moderador: llama3.1:8b
2026-04-18 12:52:43,261 [INFO] ⚖️ [MODERADOR] Generando respuesta consenso con llama3.1:8b...
2026-04-18 12:53:01,028 [INFO]    ✅ Finalizado.
2026-04-18 12:53:02,038 [INFO] 📁 Procesando archivo: a-survey-on-communication-networks-for-electric-system-automation_salida.txt
2026-04-18 12:53:02,038 [INFO] 👉 [33] Iniciando debate...
2026-04-18 12:53:02,038 [INFO] 🔄 INICIANDO RONDA: 0 | Moderador: llama3.1:8b
2026-04-18 12:53:04,507 [INFO] TOP SCORE: 2.7645535469055176
2026-04-18 12:53:04,523 [INFO] 📊 RAG: 0 tablas y 5 textos enviados al experto.
2026-04-18 12:53:09,232 [INFO] 📊 [DLB] Generando análisis técnico con llama3.1:8b...
2026-04-18 12:53:09,232 [INFO] 📡 [PNM] Calculando recursos de red con llama3.1:8b...
2026-04-18 12:53:17,437 [INFO] 🔄 INICIANDO RONDA: 1 | Moderador: llama3.1:8b
2026-04-18 12:53:21,151 [INFO] 📊 [DLB] Generando análisis técnico con llama3.1:8b...
2026-04-18 12:53:21,151 [INFO] 📡 [PNM] Calculando recursos de red con llama3.1:8b...
2026-04-18 12:53:31,419 [INFO] 🔄 INICIANDO RONDA: 2 | Moderador: llama3.1:8b
2026-04-18 12:53:36,679 [INFO] 📊 [DLB] Generando análisis técnico con llama3.1:8b...
2026-04-18 12:53:36,679 [INFO] 📡 [PNM] Calculando recursos de red con llama3.1:8b...
2026-04-18 12:53:52,526 [INFO] 🔄 INICIANDO RONDA: 3 | Moderador: llama3.1:8b
2026-04-18 12:53:58,167 [INFO] 📊 [DLB] Generando análisis técnico con llama3.1:8b...
2026-04-18 12:53:58,167 [INFO] 📡 [PNM] Calculando recursos de red con llama3.1:8b...
2026-04-18 12:54:19,397 [INFO] 🔄 INICIANDO RONDA: 4 | Moderador: llama3.1:8b
2026-04-18 12:54:26,120 [INFO] ⚖️ [MODERADOR] Generando respuesta consenso con llama3.1:8b...
2026-04-18 12:54:46,842 [INFO]    ✅ Finalizado.
2026-04-18 12:54:47,852 [INFO] 👉 [34] Iniciando debate...
2026-04-18 12:54:47,852 [INFO] 🔄 INICIANDO RONDA: 0 | Moderador: llama3.1:8b
2026-04-18 12:54:50,336 [INFO] TOP SCORE: 1.5483540296554565
2026-04-18 12:54:50,336 [INFO] 📊 RAG: 0 tablas y 5 textos enviados al experto.
2026-04-18 12:54:54,469 [INFO] 📊 [DLB] Generando análisis técnico con llama3.1:8b...
2026-04-18 12:54:54,469 [INFO] 📡 [PNM] Calculando recursos de red con llama3.1:8b...
2026-04-18 12:55:02,519 [INFO] 🔄 INICIANDO RONDA: 1 | Moderador: llama3.1:8b
2026-04-18 12:55:06,068 [INFO] 📊 [DLB] Generando análisis técnico con llama3.1:8b...
2026-04-18 12:55:06,068 [INFO] 📡 [PNM] Calculando recursos de red con llama3.1:8b...
2026-04-18 12:55:20,363 [INFO] 🔄 INICIANDO RONDA: 2 | Moderador: llama3.1:8b
2026-04-18 12:55:25,139 [INFO] 📊 [DLB] Generando análisis técnico con llama3.1:8b...
2026-04-18 12:55:25,139 [INFO] 📡 [PNM] Calculando recursos de red con llama3.1:8b...
2026-04-18 12:55:37,538 [INFO] 🔄 INICIANDO RONDA: 3 | Moderador: llama3.1:8b
2026-04-18 12:55:42,938 [INFO] 📊 [DLB] Generando análisis técnico con llama3.1:8b...
2026-04-18 12:55:42,938 [INFO] 📡 [PNM] Calculando recursos de red con llama3.1:8b...
2026-04-18 12:55:58,484 [INFO] 🔄 INICIANDO RONDA: 4 | Moderador: llama3.1:8b
2026-04-18 12:56:04,776 [INFO] ⚖️ [MODERADOR] Generando respuesta consenso con llama3.1:8b...
2026-04-18 12:56:22,461 [INFO]    ✅ Finalizado.
2026-04-18 12:56:23,472 [INFO] 👉 [35] Iniciando debate...
2026-04-18 12:56:23,472 [INFO] 🔄 INICIANDO RONDA: 0 | Moderador: llama3.1:8b
2026-04-18 12:56:25,909 [INFO] TOP SCORE: 1.5450719594955444
2026-04-18 12:56:25,909 [INFO] 📊 RAG: 0 tablas y 5 textos enviados al experto.
2026-04-18 12:56:27,554 [INFO] 📊 [DLB] Generando análisis técnico con llama3.1:8b...
2026-04-18 12:56:27,554 [INFO] 📡 [PNM] Calculando recursos de red con llama3.1:8b...
2026-04-18 12:56:35,605 [INFO] 🔄 INICIANDO RONDA: 1 | Moderador: llama3.1:8b
2026-04-18 12:56:38,644 [INFO] 📊 [DLB] Generando análisis técnico con llama3.1:8b...
2026-04-18 12:56:38,644 [INFO] 📡 [PNM] Calculando recursos de red con llama3.1:8b...
2026-04-18 12:56:49,122 [INFO] 🔄 INICIANDO RONDA: 2 | Moderador: llama3.1:8b
2026-04-18 12:56:53,875 [INFO] 📊 [DLB] Generando análisis técnico con llama3.1:8b...
2026-04-18 12:56:53,875 [INFO] 📡 [PNM] Calculando recursos de red con llama3.1:8b...
2026-04-18 12:57:04,580 [INFO] 🔄 INICIANDO RONDA: 3 | Moderador: llama3.1:8b
2026-04-18 12:57:10,151 [INFO] 📊 [DLB] Generando análisis técnico con llama3.1:8b...
2026-04-18 12:57:10,151 [INFO] 📡 [PNM] Calculando recursos de red con llama3.1:8b...
2026-04-18 12:57:24,083 [INFO] 🔄 INICIANDO RONDA: 4 | Moderador: llama3.1:8b
2026-04-18 12:57:29,904 [INFO] ⚖️ [MODERADOR] Generando respuesta consenso con llama3.1:8b...
2026-04-18 12:57:47,973 [INFO]    ✅ Finalizado.
2026-04-18 12:57:48,975 [INFO] 👉 [36] Iniciando debate...
2026-04-18 12:57:48,975 [INFO] 🔄 INICIANDO RONDA: 0 | Moderador: llama3.1:8b
2026-04-18 12:57:51,366 [INFO] TOP SCORE: -0.21578800678253174
2026-04-18 12:57:51,366 [INFO] 📊 RAG: 0 tablas y 5 textos enviados al experto.
2026-04-18 12:57:56,502 [INFO] 📊 [DLB] Generando análisis técnico con llama3.1:8b...
2026-04-18 12:57:56,502 [INFO] 📡 [PNM] Calculando recursos de red con llama3.1:8b...
2026-04-18 12:58:06,637 [INFO] 🔄 INICIANDO RONDA: 1 | Moderador: llama3.1:8b
2026-04-18 12:58:11,547 [INFO] 📊 [DLB] Generando análisis técnico con llama3.1:8b...
2026-04-18 12:58:11,547 [INFO] 📡 [PNM] Calculando recursos de red con llama3.1:8b...
2026-04-18 12:58:26,943 [INFO] 🔄 INICIANDO RONDA: 2 | Moderador: llama3.1:8b
2026-04-18 12:58:32,691 [INFO] 📊 [DLB] Generando análisis técnico con llama3.1:8b...
2026-04-18 12:58:32,691 [INFO] 📡 [PNM] Calculando recursos de red con llama3.1:8b...
2026-04-18 12:58:47,442 [INFO] 🔄 INICIANDO RONDA: 3 | Moderador: llama3.1:8b
2026-04-18 12:58:55,171 [INFO] 📊 [DLB] Generando análisis técnico con llama3.1:8b...
2026-04-18 12:58:55,171 [INFO] 📡 [PNM] Calculando recursos de red con llama3.1:8b...
2026-04-18 12:59:11,721 [INFO] 🔄 INICIANDO RONDA: 4 | Moderador: llama3.1:8b
2026-04-18 12:59:18,233 [INFO] ⚖️ [MODERADOR] Generando respuesta consenso con llama3.1:8b...
2026-04-18 12:59:38,327 [INFO]    ✅ Finalizado.
2026-04-18 12:59:39,335 [INFO] 👉 [37] Iniciando debate...
2026-04-18 12:59:39,335 [INFO] 🔄 INICIANDO RONDA: 0 | Moderador: llama3.1:8b
2026-04-18 12:59:41,788 [INFO] TOP SCORE: -0.2235834300518036
2026-04-18 12:59:41,788 [INFO] 📊 RAG: 0 tablas y 5 textos enviados al experto.
2026-04-18 12:59:46,071 [INFO] 📊 [DLB] Generando análisis técnico con llama3.1:8b...
2026-04-18 12:59:46,071 [INFO] 📡 [PNM] Calculando recursos de red con llama3.1:8b...
2026-04-18 12:59:55,488 [INFO] 🔄 INICIANDO RONDA: 1 | Moderador: llama3.1:8b
2026-04-18 12:59:59,420 [INFO] 📊 [DLB] Generando análisis técnico con llama3.1:8b...
2026-04-18 12:59:59,420 [INFO] 📡 [PNM] Calculando recursos de red con llama3.1:8b...
2026-04-18 13:00:10,104 [INFO] 🔄 INICIANDO RONDA: 2 | Moderador: llama3.1:8b
2026-04-18 13:00:14,928 [INFO] 📊 [DLB] Generando análisis técnico con llama3.1:8b...
2026-04-18 13:00:14,928 [INFO] 📡 [PNM] Calculando recursos de red con llama3.1:8b...
2026-04-18 13:00:28,812 [INFO] 🔄 INICIANDO RONDA: 3 | Moderador: llama3.1:8b
2026-04-18 13:00:35,792 [INFO] 📊 [DLB] Generando análisis técnico con llama3.1:8b...
2026-04-18 13:00:35,792 [INFO] 📡 [PNM] Calculando recursos de red con llama3.1:8b...
2026-04-18 13:00:50,223 [INFO] 🔄 INICIANDO RONDA: 4 | Moderador: llama3.1:8b
2026-04-18 13:00:57,498 [INFO] ⚖️ [MODERADOR] Generando respuesta consenso con llama3.1:8b...
2026-04-18 13:01:15,845 [INFO]    ✅ Finalizado.
2026-04-18 13:01:16,854 [INFO] 👉 [38] Iniciando debate...
2026-04-18 13:01:16,854 [INFO] 🔄 INICIANDO RONDA: 0 | Moderador: llama3.1:8b
2026-04-18 13:01:19,229 [INFO] TOP SCORE: 2.5330612659454346
2026-04-18 13:01:19,229 [INFO] 📊 RAG: 0 tablas y 5 textos enviados al experto.
2026-04-18 13:01:20,753 [INFO] 📊 [DLB] Generando análisis técnico con llama3.1:8b...
2026-04-18 13:01:20,753 [INFO] 📡 [PNM] Calculando recursos de red con llama3.1:8b...
2026-04-18 13:01:28,580 [INFO] 🔄 INICIANDO RONDA: 1 | Moderador: llama3.1:8b
2026-04-18 13:01:31,981 [INFO] 📊 [DLB] Generando análisis técnico con llama3.1:8b...
2026-04-18 13:01:31,981 [INFO] 📡 [PNM] Calculando recursos de red con llama3.1:8b...
2026-04-18 13:01:40,808 [INFO] 🔄 INICIANDO RONDA: 2 | Moderador: llama3.1:8b
2026-04-18 13:01:44,448 [INFO] 📊 [DLB] Generando análisis técnico con llama3.1:8b...
2026-04-18 13:01:44,448 [INFO] 📡 [PNM] Calculando recursos de red con llama3.1:8b...
2026-04-18 13:01:53,352 [INFO] 🔄 INICIANDO RONDA: 3 | Moderador: llama3.1:8b
2026-04-18 13:01:57,957 [INFO] 📊 [DLB] Generando análisis técnico con llama3.1:8b...
2026-04-18 13:01:57,957 [INFO] 📡 [PNM] Calculando recursos de red con llama3.1:8b...
2026-04-18 13:02:07,477 [INFO] 🔄 INICIANDO RONDA: 4 | Moderador: llama3.1:8b
2026-04-18 13:02:12,896 [INFO] ⚖️ [MODERADOR] Generando respuesta consenso con llama3.1:8b...
2026-04-18 13:02:29,587 [INFO]    ✅ Finalizado.
2026-04-18 13:02:30,602 [INFO] 👉 [39] Iniciando debate...
2026-04-18 13:02:30,602 [INFO] 🔄 INICIANDO RONDA: 0 | Moderador: llama3.1:8b
2026-04-18 13:02:33,211 [INFO] TOP SCORE: -0.18465222418308258
2026-04-18 13:02:33,211 [INFO] 📊 RAG: 0 tablas y 5 textos enviados al experto.
2026-04-18 13:02:37,366 [INFO] 📊 [DLB] Generando análisis técnico con llama3.1:8b...
2026-04-18 13:02:37,366 [INFO] 📡 [PNM] Calculando recursos de red con llama3.1:8b...
2026-04-18 13:02:46,785 [INFO] 🔄 INICIANDO RONDA: 1 | Moderador: llama3.1:8b
2026-04-18 13:02:50,518 [INFO] 📊 [DLB] Generando análisis técnico con llama3.1:8b...
2026-04-18 13:02:50,518 [INFO] 📡 [PNM] Calculando recursos de red con llama3.1:8b...
2026-04-18 13:03:00,486 [INFO] 🔄 INICIANDO RONDA: 2 | Moderador: llama3.1:8b
2026-04-18 13:03:05,186 [INFO] 📊 [DLB] Generando análisis técnico con llama3.1:8b...
2026-04-18 13:03:05,186 [INFO] 📡 [PNM] Calculando recursos de red con llama3.1:8b...
2026-04-18 13:03:19,742 [INFO] 🔄 INICIANDO RONDA: 3 | Moderador: llama3.1:8b
2026-04-18 13:03:26,403 [INFO] 📊 [DLB] Generando análisis técnico con llama3.1:8b...
2026-04-18 13:03:26,403 [INFO] 📡 [PNM] Calculando recursos de red con llama3.1:8b...
2026-04-18 13:03:42,845 [INFO] 🔄 INICIANDO RONDA: 4 | Moderador: llama3.1:8b
2026-04-18 13:03:48,671 [INFO] ⚖️ [MODERADOR] Generando respuesta consenso con llama3.1:8b...
2026-04-18 13:04:06,406 [INFO]    ✅ Finalizado.
2026-04-18 13:04:07,417 [INFO] 📁 Procesando archivo: a-wideband-high-gain-high-efficiency-hybrid-integrated-plate-array-antenna-for-v-band-inter-satellite-links_salida.txt
2026-04-18 13:04:07,417 [INFO] 👉 [40] Iniciando debate...
2026-04-18 13:04:07,417 [INFO] 🔄 INICIANDO RONDA: 0 | Moderador: llama3.1:8b
2026-04-18 13:04:09,980 [INFO] TOP SCORE: 5.606832981109619
2026-04-18 13:04:09,980 [INFO] 📊 RAG: 0 tablas y 5 textos enviados al experto.
2026-04-18 13:04:11,961 [INFO] 📊 [DLB] Generando análisis técnico con llama3.1:8b...
2026-04-18 13:04:11,961 [INFO] 📡 [PNM] Calculando recursos de red con llama3.1:8b...
2026-04-18 13:04:20,258 [INFO] 🔄 INICIANDO RONDA: 1 | Moderador: llama3.1:8b
2026-04-18 13:04:23,683 [INFO] 📊 [DLB] Generando análisis técnico con llama3.1:8b...
2026-04-18 13:04:23,683 [INFO] 📡 [PNM] Calculando recursos de red con llama3.1:8b...
2026-04-18 13:04:35,053 [INFO] 🔄 INICIANDO RONDA: 2 | Moderador: llama3.1:8b
2026-04-18 13:04:39,107 [INFO] 📊 [DLB] Generando análisis técnico con llama3.1:8b...
2026-04-18 13:04:39,107 [INFO] 📡 [PNM] Calculando recursos de red con llama3.1:8b...
2026-04-18 13:04:51,170 [INFO] 🔄 INICIANDO RONDA: 3 | Moderador: llama3.1:8b
2026-04-18 13:04:55,889 [INFO] 📊 [DLB] Generando análisis técnico con llama3.1:8b...
2026-04-18 13:04:55,889 [INFO] 📡 [PNM] Calculando recursos de red con llama3.1:8b...
2026-04-18 13:05:07,893 [INFO] 🔄 INICIANDO RONDA: 4 | Moderador: llama3.1:8b
2026-04-18 13:05:15,419 [INFO] ⚖️ [MODERADOR] Generando respuesta consenso con llama3.1:8b...
2026-04-18 13:05:39,031 [INFO]    ✅ Finalizado.
2026-04-18 13:05:40,037 [INFO] 👉 [41] Iniciando debate...
2026-04-18 13:05:40,037 [INFO] 🔄 INICIANDO RONDA: 0 | Moderador: llama3.1:8b
2026-04-18 13:05:42,521 [INFO] TOP SCORE: 4.697839260101318
2026-04-18 13:05:42,521 [INFO] 📊 RAG: 0 tablas y 5 textos enviados al experto.
2026-04-18 13:05:44,629 [INFO] 📊 [DLB] Generando análisis técnico con llama3.1:8b...
2026-04-18 13:05:44,629 [INFO] 📡 [PNM] Calculando recursos de red con llama3.1:8b...
2026-04-18 13:05:53,889 [INFO] 🔄 INICIANDO RONDA: 1 | Moderador: llama3.1:8b
2026-04-18 13:05:57,038 [INFO] 📊 [DLB] Generando análisis técnico con llama3.1:8b...
2026-04-18 13:05:57,038 [INFO] 📡 [PNM] Calculando recursos de red con llama3.1:8b...
2026-04-18 13:06:06,781 [INFO] 🔄 INICIANDO RONDA: 2 | Moderador: llama3.1:8b
2026-04-18 13:06:11,998 [INFO] 📊 [DLB] Generando análisis técnico con llama3.1:8b...
2026-04-18 13:06:11,998 [INFO] 📡 [PNM] Calculando recursos de red con llama3.1:8b...
2026-04-18 13:06:25,353 [INFO] 🔄 INICIANDO RONDA: 3 | Moderador: llama3.1:8b
2026-04-18 13:06:30,640 [INFO] 📊 [DLB] Generando análisis técnico con llama3.1:8b...
2026-04-18 13:06:30,640 [INFO] 📡 [PNM] Calculando recursos de red con llama3.1:8b...
2026-04-18 13:06:44,216 [INFO] 🔄 INICIANDO RONDA: 4 | Moderador: llama3.1:8b
2026-04-18 13:06:50,327 [INFO] ⚖️ [MODERADOR] Generando respuesta consenso con llama3.1:8b...
2026-04-18 13:07:12,361 [INFO]    ✅ Finalizado.
2026-04-18 13:07:13,376 [INFO] 👉 [42] Iniciando debate...
2026-04-18 13:07:13,376 [INFO] 🔄 INICIANDO RONDA: 0 | Moderador: llama3.1:8b
2026-04-18 13:07:15,829 [INFO] TOP SCORE: 0.26210442185401917
2026-04-18 13:07:15,829 [INFO] 📊 RAG: 0 tablas y 5 textos enviados al experto.
2026-04-18 13:07:17,655 [INFO] 📊 [DLB] Generando análisis técnico con llama3.1:8b...
2026-04-18 13:07:17,655 [INFO] 📡 [PNM] Calculando recursos de red con llama3.1:8b...
2026-04-18 13:07:25,791 [INFO] 🔄 INICIANDO RONDA: 1 | Moderador: llama3.1:8b
2026-04-18 13:07:29,529 [INFO] 📊 [DLB] Generando análisis técnico con llama3.1:8b...
2026-04-18 13:07:29,529 [INFO] 📡 [PNM] Calculando recursos de red con llama3.1:8b...
2026-04-18 13:07:39,221 [INFO] 🔄 INICIANDO RONDA: 2 | Moderador: llama3.1:8b
2026-04-18 13:07:42,985 [INFO] 📊 [DLB] Generando análisis técnico con llama3.1:8b...
2026-04-18 13:07:42,985 [INFO] 📡 [PNM] Calculando recursos de red con llama3.1:8b...
2026-04-18 13:07:52,915 [INFO] 🔄 INICIANDO RONDA: 3 | Moderador: llama3.1:8b
2026-04-18 13:07:57,135 [INFO] 📊 [DLB] Generando análisis técnico con llama3.1:8b...
2026-04-18 13:07:57,135 [INFO] 📡 [PNM] Calculando recursos de red con llama3.1:8b...
2026-04-18 13:08:08,568 [INFO] 🔄 INICIANDO RONDA: 4 | Moderador: llama3.1:8b
2026-04-18 13:08:14,088 [INFO] ⚖️ [MODERADOR] Generando respuesta consenso con llama3.1:8b...
2026-04-18 13:08:33,040 [INFO]    ✅ Finalizado.
2026-04-18 13:08:34,053 [INFO] 👉 [43] Iniciando debate...
2026-04-18 13:08:34,053 [INFO] 🔄 INICIANDO RONDA: 0 | Moderador: llama3.1:8b
2026-04-18 13:08:36,444 [INFO] TOP SCORE: -1.7766869068145752
2026-04-18 13:08:36,444 [INFO] 📊 RAG: 0 tablas y 5 textos enviados al experto.
2026-04-18 13:08:38,305 [INFO] 📊 [DLB] Generando análisis técnico con llama3.1:8b...
2026-04-18 13:08:38,305 [INFO] 📡 [PNM] Calculando recursos de red con llama3.1:8b...
2026-04-18 13:08:47,319 [INFO] 🔄 INICIANDO RONDA: 1 | Moderador: llama3.1:8b
2026-04-18 13:08:51,111 [INFO] 📊 [DLB] Generando análisis técnico con llama3.1:8b...
2026-04-18 13:08:51,111 [INFO] 📡 [PNM] Calculando recursos de red con llama3.1:8b...
2026-04-18 13:09:02,497 [INFO] 🔄 INICIANDO RONDA: 2 | Moderador: llama3.1:8b
2026-04-18 13:09:06,573 [INFO] 📊 [DLB] Generando análisis técnico con llama3.1:8b...
2026-04-18 13:09:06,573 [INFO] 📡 [PNM] Calculando recursos de red con llama3.1:8b...
2026-04-18 13:09:20,772 [INFO] 🔄 INICIANDO RONDA: 3 | Moderador: llama3.1:8b
2026-04-18 13:09:26,904 [INFO] 📊 [DLB] Generando análisis técnico con llama3.1:8b...
2026-04-18 13:09:26,904 [INFO] 📡 [PNM] Calculando recursos de red con llama3.1:8b...
2026-04-18 13:09:40,940 [INFO] 🔄 INICIANDO RONDA: 4 | Moderador: llama3.1:8b
2026-04-18 13:09:46,173 [INFO] ⚖️ [MODERADOR] Generando respuesta consenso con llama3.1:8b...
2026-04-18 13:10:06,899 [INFO]    ✅ Finalizado.
2026-04-18 13:10:07,907 [INFO] 👉 [44] Iniciando debate...
2026-04-18 13:10:07,907 [INFO] 🔄 INICIANDO RONDA: 0 | Moderador: llama3.1:8b
2026-04-18 13:10:10,564 [INFO] TOP SCORE: -0.48244673013687134
2026-04-18 13:10:10,564 [INFO] 📊 RAG: 0 tablas y 5 textos enviados al experto.
2026-04-18 13:10:12,282 [INFO] 📊 [DLB] Generando análisis técnico con llama3.1:8b...
2026-04-18 13:10:12,282 [INFO] 📡 [PNM] Calculando recursos de red con llama3.1:8b...
2026-04-18 13:10:20,815 [INFO] 🔄 INICIANDO RONDA: 1 | Moderador: llama3.1:8b
2026-04-18 13:10:24,138 [INFO] 📊 [DLB] Generando análisis técnico con llama3.1:8b...
2026-04-18 13:10:24,138 [INFO] 📡 [PNM] Calculando recursos de red con llama3.1:8b...
2026-04-18 13:10:33,669 [INFO] 🔄 INICIANDO RONDA: 2 | Moderador: llama3.1:8b
2026-04-18 13:10:37,837 [INFO] 📊 [DLB] Generando análisis técnico con llama3.1:8b...
2026-04-18 13:10:37,837 [INFO] 📡 [PNM] Calculando recursos de red con llama3.1:8b...
2026-04-18 13:10:47,462 [INFO] 🔄 INICIANDO RONDA: 3 | Moderador: llama3.1:8b
2026-04-18 13:10:52,562 [INFO] 📊 [DLB] Generando análisis técnico con llama3.1:8b...
2026-04-18 13:10:52,562 [INFO] 📡 [PNM] Calculando recursos de red con llama3.1:8b...
2026-04-18 13:11:07,899 [INFO] 🔄 INICIANDO RONDA: 4 | Moderador: llama3.1:8b
2026-04-18 13:11:13,672 [INFO] ⚖️ [MODERADOR] Generando respuesta consenso con llama3.1:8b...
2026-04-18 13:11:32,960 [INFO]    ✅ Finalizado.
2026-04-18 13:11:33,965 [INFO] 👉 [45] Iniciando debate...
2026-04-18 13:11:33,965 [INFO] 🔄 INICIANDO RONDA: 0 | Moderador: llama3.1:8b
2026-04-18 13:11:36,340 [INFO] TOP SCORE: -0.6884428262710571
2026-04-18 13:11:36,340 [INFO] 📊 RAG: 1 tablas y 5 textos enviados al experto.
2026-04-18 13:11:40,359 [INFO] 📊 [DLB] Generando análisis técnico con llama3.1:8b...
2026-04-18 13:11:40,359 [INFO] 📡 [PNM] Calculando recursos de red con llama3.1:8b...
2026-04-18 13:11:48,868 [INFO] 🔄 INICIANDO RONDA: 1 | Moderador: llama3.1:8b
2026-04-18 13:11:52,564 [INFO] 📊 [DLB] Generando análisis técnico con llama3.1:8b...
2026-04-18 13:11:52,564 [INFO] 📡 [PNM] Calculando recursos de red con llama3.1:8b...
2026-04-18 13:12:02,191 [INFO] 🔄 INICIANDO RONDA: 2 | Moderador: llama3.1:8b
2026-04-18 13:12:07,833 [INFO] 📊 [DLB] Generando análisis técnico con llama3.1:8b...
2026-04-18 13:12:07,833 [INFO] 📡 [PNM] Calculando recursos de red con llama3.1:8b...
2026-04-18 13:12:17,969 [INFO] 🔄 INICIANDO RONDA: 3 | Moderador: llama3.1:8b
2026-04-18 13:12:22,516 [INFO] 📊 [DLB] Generando análisis técnico con llama3.1:8b...
2026-04-18 13:12:22,516 [INFO] 📡 [PNM] Calculando recursos de red con llama3.1:8b...
2026-04-18 13:12:33,273 [INFO] 🔄 INICIANDO RONDA: 4 | Moderador: llama3.1:8b
2026-04-18 13:12:37,601 [INFO] ⚖️ [MODERADOR] Generando respuesta consenso con llama3.1:8b...
2026-04-18 13:12:56,150 [INFO]    ✅ Finalizado.
2026-04-18 13:12:57,153 [INFO] 👉 [46] Iniciando debate...
2026-04-18 13:12:57,153 [INFO] 🔄 INICIANDO RONDA: 0 | Moderador: llama3.1:8b
2026-04-18 13:12:59,560 [INFO] TOP SCORE: -0.5709457993507385
2026-04-18 13:12:59,560 [INFO] 📊 RAG: 0 tablas y 5 textos enviados al experto.
2026-04-18 13:13:01,389 [INFO] 📊 [DLB] Generando análisis técnico con llama3.1:8b...
2026-04-18 13:13:01,389 [INFO] 📡 [PNM] Calculando recursos de red con llama3.1:8b...
2026-04-18 13:13:13,255 [INFO] 🔄 INICIANDO RONDA: 1 | Moderador: llama3.1:8b
2026-04-18 13:13:17,314 [INFO] 📊 [DLB] Generando análisis técnico con llama3.1:8b...
2026-04-18 13:13:17,314 [INFO] 📡 [PNM] Calculando recursos de red con llama3.1:8b...
2026-04-18 13:13:28,192 [INFO] 🔄 INICIANDO RONDA: 2 | Moderador: llama3.1:8b
2026-04-18 13:13:43,643 [INFO] 📊 [DLB] Generando análisis técnico con llama3.1:8b...
2026-04-18 13:13:43,643 [INFO] 📡 [PNM] Calculando recursos de red con llama3.1:8b...
2026-04-18 13:13:59,257 [INFO] 🔄 INICIANDO RONDA: 3 | Moderador: llama3.1:8b
2026-04-18 13:14:04,731 [INFO] 📊 [DLB] Generando análisis técnico con llama3.1:8b...
2026-04-18 13:14:04,731 [INFO] 📡 [PNM] Calculando recursos de red con llama3.1:8b...
2026-04-18 13:14:18,435 [INFO] 🔄 INICIANDO RONDA: 4 | Moderador: llama3.1:8b
2026-04-18 13:14:24,068 [INFO] ⚖️ [MODERADOR] Generando respuesta consenso con llama3.1:8b...
2026-04-18 13:14:45,199 [INFO]    ✅ Finalizado.
2026-04-18 13:14:46,208 [INFO] 📁 Procesando archivo: aeronautical-ad-hoc-networking-for-the-internet-above-the-clouds_salida.txt
2026-04-18 13:14:46,208 [INFO] 👉 [47] Iniciando debate...
2026-04-18 13:14:46,208 [INFO] 🔄 INICIANDO RONDA: 0 | Moderador: llama3.1:8b
2026-04-18 13:14:48,645 [INFO] TOP SCORE: 1.8059589862823486
2026-04-18 13:14:48,645 [INFO] 📊 RAG: 0 tablas y 5 textos enviados al experto.
2026-04-18 13:14:53,637 [INFO] 📊 [DLB] Generando análisis técnico con llama3.1:8b...
2026-04-18 13:14:53,637 [INFO] 📡 [PNM] Calculando recursos de red con llama3.1:8b...
2026-04-18 13:15:03,132 [INFO] 🔄 INICIANDO RONDA: 1 | Moderador: llama3.1:8b
2026-04-18 13:15:07,639 [INFO] 📊 [DLB] Generando análisis técnico con llama3.1:8b...
2026-04-18 13:15:07,639 [INFO] 📡 [PNM] Calculando recursos de red con llama3.1:8b...
2026-04-18 13:15:20,745 [INFO] 🔄 INICIANDO RONDA: 2 | Moderador: llama3.1:8b
2026-04-18 13:15:27,312 [INFO] 📊 [DLB] Generando análisis técnico con llama3.1:8b...
2026-04-18 13:15:27,312 [INFO] 📡 [PNM] Calculando recursos de red con llama3.1:8b...
2026-04-18 13:15:40,074 [INFO] 🔄 INICIANDO RONDA: 3 | Moderador: llama3.1:8b
2026-04-18 13:15:45,195 [INFO] 📊 [DLB] Generando análisis técnico con llama3.1:8b...
2026-04-18 13:15:45,195 [INFO] 📡 [PNM] Calculando recursos de red con llama3.1:8b...
2026-04-18 13:16:01,907 [INFO] 🔄 INICIANDO RONDA: 4 | Moderador: llama3.1:8b
2026-04-18 13:16:08,497 [INFO] ⚖️ [MODERADOR] Generando respuesta consenso con llama3.1:8b...
2026-04-18 13:16:30,507 [INFO]    ✅ Finalizado.
2026-04-18 13:16:31,510 [INFO] 👉 [48] Iniciando debate...
2026-04-18 13:16:31,510 [INFO] 🔄 INICIANDO RONDA: 0 | Moderador: llama3.1:8b
2026-04-18 13:16:33,854 [INFO] TOP SCORE: 0.2539190351963043
2026-04-18 13:16:33,854 [INFO] 📊 RAG: 0 tablas y 5 textos enviados al experto.
2026-04-18 13:16:35,236 [INFO] 📊 [DLB] Generando análisis técnico con llama3.1:8b...
2026-04-18 13:16:35,236 [INFO] 📡 [PNM] Calculando recursos de red con llama3.1:8b...
2026-04-18 13:16:48,464 [INFO] 🔄 INICIANDO RONDA: 1 | Moderador: llama3.1:8b
2026-04-18 13:16:53,500 [INFO] 📊 [DLB] Generando análisis técnico con llama3.1:8b...
2026-04-18 13:16:53,500 [INFO] 📡 [PNM] Calculando recursos de red con llama3.1:8b...
2026-04-18 13:17:02,854 [INFO] 🔄 INICIANDO RONDA: 2 | Moderador: llama3.1:8b
2026-04-18 13:17:07,484 [INFO] 📊 [DLB] Generando análisis técnico con llama3.1:8b...
2026-04-18 13:17:07,484 [INFO] 📡 [PNM] Calculando recursos de red con llama3.1:8b...
2026-04-18 13:17:38,619 [INFO] 🔄 INICIANDO RONDA: 3 | Moderador: llama3.1:8b
2026-04-18 13:17:50,172 [INFO] 📊 [DLB] Generando análisis técnico con llama3.1:8b...
2026-04-18 13:17:50,172 [INFO] 📡 [PNM] Calculando recursos de red con llama3.1:8b...
2026-04-18 13:18:25,239 [INFO] 🔄 INICIANDO RONDA: 4 | Moderador: llama3.1:8b
2026-04-18 13:18:34,844 [INFO] ⚖️ [MODERADOR] Generando respuesta consenso con llama3.1:8b...
2026-04-18 13:18:54,297 [INFO]    ✅ Finalizado.
2026-04-18 13:18:55,303 [INFO] 👉 [49] Iniciando debate...
2026-04-18 13:18:55,303 [INFO] 🔄 INICIANDO RONDA: 0 | Moderador: llama3.1:8b
2026-04-18 13:18:57,788 [INFO] TOP SCORE: -0.15298324823379517
2026-04-18 13:18:57,788 [INFO] 📊 RAG: 0 tablas y 5 textos enviados al experto.
2026-04-18 13:19:02,816 [INFO] 📊 [DLB] Generando análisis técnico con llama3.1:8b...
2026-04-18 13:19:02,816 [INFO] 📡 [PNM] Calculando recursos de red con llama3.1:8b...
2026-04-18 13:19:12,572 [INFO] 🔄 INICIANDO RONDA: 1 | Moderador: llama3.1:8b
2026-04-18 13:19:15,925 [INFO] 📊 [DLB] Generando análisis técnico con llama3.1:8b...
2026-04-18 13:19:15,925 [INFO] 📡 [PNM] Calculando recursos de red con llama3.1:8b...
2026-04-18 13:19:26,084 [INFO] 🔄 INICIANDO RONDA: 2 | Moderador: llama3.1:8b
2026-04-18 13:19:30,294 [INFO] 📊 [DLB] Generando análisis técnico con llama3.1:8b...
2026-04-18 13:19:30,294 [INFO] 📡 [PNM] Calculando recursos de red con llama3.1:8b...
2026-04-18 13:19:40,648 [INFO] 🔄 INICIANDO RONDA: 3 | Moderador: llama3.1:8b
2026-04-18 13:19:45,193 [INFO] 📊 [DLB] Generando análisis técnico con llama3.1:8b...
2026-04-18 13:19:45,193 [INFO] 📡 [PNM] Calculando recursos de red con llama3.1:8b...
2026-04-18 13:19:56,371 [INFO] 🔄 INICIANDO RONDA: 4 | Moderador: llama3.1:8b
2026-04-18 13:20:01,384 [INFO] ⚖️ [MODERADOR] Generando respuesta consenso con llama3.1:8b...
2026-04-18 13:20:23,536 [INFO]    ✅ Finalizado.
2026-04-18 13:20:24,539 [INFO] 👉 [50] Iniciando debate...
2026-04-18 13:20:24,539 [INFO] 🔄 INICIANDO RONDA: 0 | Moderador: llama3.1:8b
2026-04-18 13:20:26,961 [INFO] TOP SCORE: -2.808699369430542
2026-04-18 13:20:26,961 [INFO] 📊 RAG: 0 tablas y 5 textos enviados al experto.
2026-04-18 13:20:28,570 [INFO] 📊 [DLB] Generando análisis técnico con llama3.1:8b...
2026-04-18 13:20:28,570 [INFO] 📡 [PNM] Calculando recursos de red con llama3.1:8b...
2026-04-18 13:20:36,930 [INFO] 🔄 INICIANDO RONDA: 1 | Moderador: llama3.1:8b
2026-04-18 13:20:40,012 [INFO] 📊 [DLB] Generando análisis técnico con llama3.1:8b...
2026-04-18 13:20:40,012 [INFO] 📡 [PNM] Calculando recursos de red con llama3.1:8b...
2026-04-18 13:20:49,299 [INFO] 🔄 INICIANDO RONDA: 2 | Moderador: llama3.1:8b
2026-04-18 13:20:54,053 [INFO] 📊 [DLB] Generando análisis técnico con llama3.1:8b...
2026-04-18 13:20:54,053 [INFO] 📡 [PNM] Calculando recursos de red con llama3.1:8b...
2026-04-18 13:21:17,917 [INFO] 🔄 INICIANDO RONDA: 3 | Moderador: llama3.1:8b
2026-04-18 13:21:24,360 [INFO] 📊 [DLB] Generando análisis técnico con llama3.1:8b...
2026-04-18 13:21:24,360 [INFO] 📡 [PNM] Calculando recursos de red con llama3.1:8b...
2026-04-18 13:21:41,942 [INFO] 🔄 INICIANDO RONDA: 4 | Moderador: llama3.1:8b
2026-04-18 13:21:49,217 [INFO] ⚖️ [MODERADOR] Generando respuesta consenso con llama3.1:8b...
2026-04-18 13:22:09,080 [INFO]    ✅ Finalizado.
2026-04-18 13:22:10,091 [INFO] 🛑 Límite de 51 preguntas alcanzado. Deteniendo...
2026-04-18 13:36:20,507 [INFO] 📁 Procesando archivo: a-compact-low-noise-frontend-for-interleaved-rx-tx-arrays-at-k-ka-band_salida.txt
2026-04-18 13:36:20,507 [INFO] 📁 Procesando archivo: a-compact-lowpass-filter-for-satellite-communication-systems-based-on-transfer-function-analysis_salida.txt
2026-04-18 13:36:20,507 [INFO] 📁 Procesando archivo: a-framework-to-classify-heterogeneous-internet-traffic-with-machine-learning-and-deep-learning-techniques-for-satellite-communications_salida.txt
2026-04-18 13:36:20,507 [INFO] 📁 Procesando archivo: a-ka-band-satcom-transceiver-in-65-nm-cmos-with-high-linearity-tx-and-dual-channel-wide-dynamic-range-rx-for-terrestrial-terminal_salida.txt
2026-04-18 13:36:20,507 [INFO] 📁 Procesando archivo: a-lagrangian-heuristic-for-satellite-range-scheduling-with-resource-constraints_salida.txt
2026-04-18 13:36:20,507 [INFO] 📁 Procesando archivo: a-novel-dual-polarized-continuous-transverse-stub-antenna-based-on-corrugated-waveguides-part-ii-experimental-demonstration_salida.txt
2026-04-18 13:36:20,507 [INFO] 📁 Procesando archivo: a-reflector-antenna-concept-robust-against-feed-failures-for-satellite-communications_salida.txt
2026-04-18 13:36:20,507 [INFO] 👉 [31] Iniciando debate...
2026-04-18 13:36:20,523 [INFO] 🔄 INICIANDO RONDA: 0 | Moderador: gemma2:2b
2026-04-18 13:36:23,038 [INFO] TOP SCORE: 5.374831199645996
2026-04-18 13:36:23,038 [INFO] 📊 RAG: 0 tablas y 5 textos enviados al experto.
2026-04-18 13:36:25,343 [INFO] 📊 [DLB] Generando análisis técnico con gemma2:2b...
2026-04-18 13:36:25,343 [INFO] 📡 [PNM] Calculando recursos de red con gemma2:2b...
2026-04-18 13:36:29,685 [INFO] 🔄 INICIANDO RONDA: 1 | Moderador: gemma2:2b
2026-04-18 13:36:31,630 [INFO] 📊 [DLB] Generando análisis técnico con gemma2:2b...
2026-04-18 13:36:31,630 [INFO] 📡 [PNM] Calculando recursos de red con gemma2:2b...
2026-04-18 13:36:36,328 [INFO] 🔄 INICIANDO RONDA: 2 | Moderador: gemma2:2b
2026-04-18 13:36:38,054 [INFO] 📊 [DLB] Generando análisis técnico con gemma2:2b...
2026-04-18 13:36:38,054 [INFO] 📡 [PNM] Calculando recursos de red con gemma2:2b...
2026-04-18 13:36:42,806 [INFO] 🔄 INICIANDO RONDA: 3 | Moderador: gemma2:2b
2026-04-18 13:36:44,852 [INFO] 📊 [DLB] Generando análisis técnico con gemma2:2b...
2026-04-18 13:36:44,852 [INFO] 📡 [PNM] Calculando recursos de red con gemma2:2b...
2026-04-18 13:36:49,581 [INFO] 🔄 INICIANDO RONDA: 4 | Moderador: gemma2:2b
2026-04-18 13:36:51,590 [INFO] ⚖️ [MODERADOR] Generando respuesta consenso con gemma2:2b...
2026-04-18 13:37:11,126 [INFO]    ✅ Finalizado.
2026-04-18 13:37:12,135 [INFO] 👉 [32] Iniciando debate...
2026-04-18 13:37:12,135 [INFO] 🔄 INICIANDO RONDA: 0 | Moderador: gemma2:2b
2026-04-18 13:37:14,620 [INFO] TOP SCORE: 3.062441349029541
2026-04-18 13:37:14,620 [INFO] 📊 RAG: 1 tablas y 5 textos enviados al experto.
2026-04-18 13:37:16,613 [INFO] 📊 [DLB] Generando análisis técnico con gemma2:2b...
2026-04-18 13:37:16,613 [INFO] 📡 [PNM] Calculando recursos de red con gemma2:2b...
2026-04-18 13:37:20,480 [INFO] 🔄 INICIANDO RONDA: 1 | Moderador: gemma2:2b
2026-04-18 13:37:22,210 [INFO] 📊 [DLB] Generando análisis técnico con gemma2:2b...
2026-04-18 13:37:22,210 [INFO] 📡 [PNM] Calculando recursos de red con gemma2:2b...
2026-04-18 13:37:26,210 [INFO] 🔄 INICIANDO RONDA: 2 | Moderador: gemma2:2b
2026-04-18 13:37:28,215 [INFO] 📊 [DLB] Generando análisis técnico con gemma2:2b...
2026-04-18 13:37:28,215 [INFO] 📡 [PNM] Calculando recursos de red con gemma2:2b...
2026-04-18 13:37:32,688 [INFO] 🔄 INICIANDO RONDA: 3 | Moderador: gemma2:2b
2026-04-18 13:37:34,705 [INFO] 📊 [DLB] Generando análisis técnico con gemma2:2b...
2026-04-18 13:37:34,705 [INFO] 📡 [PNM] Calculando recursos de red con gemma2:2b...
2026-04-18 13:37:39,261 [INFO] 🔄 INICIANDO RONDA: 4 | Moderador: gemma2:2b
2026-04-18 13:37:41,418 [INFO] ⚖️ [MODERADOR] Generando respuesta consenso con gemma2:2b...
2026-04-18 13:38:03,098 [INFO]    ✅ Finalizado.
2026-04-18 13:38:04,106 [INFO] 📁 Procesando archivo: a-survey-on-communication-networks-for-electric-system-automation_salida.txt
2026-04-18 13:38:04,106 [INFO] 👉 [33] Iniciando debate...
2026-04-18 13:38:04,106 [INFO] 🔄 INICIANDO RONDA: 0 | Moderador: gemma2:2b
2026-04-18 13:38:06,592 [INFO] TOP SCORE: 2.7645535469055176
2026-04-18 13:38:06,592 [INFO] 📊 RAG: 0 tablas y 5 textos enviados al experto.
2026-04-18 13:38:08,631 [INFO] 📊 [DLB] Generando análisis técnico con gemma2:2b...
2026-04-18 13:38:08,631 [INFO] 📡 [PNM] Calculando recursos de red con gemma2:2b...
2026-04-18 13:38:12,610 [INFO] 🔄 INICIANDO RONDA: 1 | Moderador: gemma2:2b
2026-04-18 13:38:14,662 [INFO] 📊 [DLB] Generando análisis técnico con gemma2:2b...
2026-04-18 13:38:14,662 [INFO] 📡 [PNM] Calculando recursos de red con gemma2:2b...
2026-04-18 13:38:18,582 [INFO] 🔄 INICIANDO RONDA: 2 | Moderador: gemma2:2b
2026-04-18 13:38:20,123 [INFO] 📊 [DLB] Generando análisis técnico con gemma2:2b...
2026-04-18 13:38:20,123 [INFO] 📡 [PNM] Calculando recursos de red con gemma2:2b...
2026-04-18 13:38:24,011 [INFO] 🔄 INICIANDO RONDA: 3 | Moderador: gemma2:2b
2026-04-18 13:38:26,126 [INFO] 📊 [DLB] Generando análisis técnico con gemma2:2b...
2026-04-18 13:38:26,126 [INFO] 📡 [PNM] Calculando recursos de red con gemma2:2b...
2026-04-18 13:38:30,284 [INFO] 🔄 INICIANDO RONDA: 4 | Moderador: gemma2:2b
2026-04-18 13:38:31,734 [INFO] ⚖️ [MODERADOR] Generando respuesta consenso con gemma2:2b...
2026-04-18 13:38:55,493 [INFO]    ✅ Finalizado.
2026-04-18 13:38:56,507 [INFO] 👉 [34] Iniciando debate...
2026-04-18 13:38:56,507 [INFO] 🔄 INICIANDO RONDA: 0 | Moderador: gemma2:2b
2026-04-18 13:38:58,945 [INFO] TOP SCORE: 1.5483540296554565
2026-04-18 13:38:58,945 [INFO] 📊 RAG: 0 tablas y 5 textos enviados al experto.
2026-04-18 13:39:00,921 [INFO] 📊 [DLB] Generando análisis técnico con gemma2:2b...
2026-04-18 13:39:00,921 [INFO] 📡 [PNM] Calculando recursos de red con gemma2:2b...
2026-04-18 13:39:05,049 [INFO] 🔄 INICIANDO RONDA: 1 | Moderador: gemma2:2b
2026-04-18 13:39:06,552 [INFO] 📊 [DLB] Generando análisis técnico con gemma2:2b...
2026-04-18 13:39:06,552 [INFO] 📡 [PNM] Calculando recursos de red con gemma2:2b...
2026-04-18 13:39:10,812 [INFO] 🔄 INICIANDO RONDA: 2 | Moderador: gemma2:2b
2026-04-18 13:39:12,709 [INFO] 📊 [DLB] Generando análisis técnico con gemma2:2b...
2026-04-18 13:39:12,709 [INFO] 📡 [PNM] Calculando recursos de red con gemma2:2b...
2026-04-18 13:39:17,783 [INFO] 🔄 INICIANDO RONDA: 3 | Moderador: gemma2:2b
2026-04-18 13:39:19,542 [INFO] 📊 [DLB] Generando análisis técnico con gemma2:2b...
2026-04-18 13:39:19,542 [INFO] 📡 [PNM] Calculando recursos de red con gemma2:2b...
2026-04-18 13:39:23,557 [INFO] 🔄 INICIANDO RONDA: 4 | Moderador: gemma2:2b
2026-04-18 13:39:25,148 [INFO] ⚖️ [MODERADOR] Generando respuesta consenso con gemma2:2b...
2026-04-18 13:39:46,082 [INFO]    ✅ Finalizado.
2026-04-18 13:39:47,091 [INFO] 👉 [35] Iniciando debate...
2026-04-18 13:39:47,091 [INFO] 🔄 INICIANDO RONDA: 0 | Moderador: gemma2:2b
2026-04-18 13:39:49,544 [INFO] TOP SCORE: 1.5450719594955444
2026-04-18 13:39:49,544 [INFO] 📊 RAG: 0 tablas y 5 textos enviados al experto.
2026-04-18 13:39:51,644 [INFO] 📊 [DLB] Generando análisis técnico con gemma2:2b...
2026-04-18 13:39:51,644 [INFO] 📡 [PNM] Calculando recursos de red con gemma2:2b...
2026-04-18 13:39:56,064 [INFO] 🔄 INICIANDO RONDA: 1 | Moderador: gemma2:2b
2026-04-18 13:39:57,816 [INFO] 📊 [DLB] Generando análisis técnico con gemma2:2b...
2026-04-18 13:39:57,816 [INFO] 📡 [PNM] Calculando recursos de red con gemma2:2b...
2026-04-18 13:40:01,833 [INFO] 🔄 INICIANDO RONDA: 2 | Moderador: gemma2:2b
2026-04-18 13:40:03,441 [INFO] 📊 [DLB] Generando análisis técnico con gemma2:2b...
2026-04-18 13:40:03,441 [INFO] 📡 [PNM] Calculando recursos de red con gemma2:2b...
2026-04-18 13:40:07,123 [INFO] 🔄 INICIANDO RONDA: 3 | Moderador: gemma2:2b
2026-04-18 13:40:08,867 [INFO] 📊 [DLB] Generando análisis técnico con gemma2:2b...
2026-04-18 13:40:08,867 [INFO] 📡 [PNM] Calculando recursos de red con gemma2:2b...
2026-04-18 13:40:12,835 [INFO] 🔄 INICIANDO RONDA: 4 | Moderador: gemma2:2b
2026-04-18 13:40:14,482 [INFO] ⚖️ [MODERADOR] Generando respuesta consenso con gemma2:2b...
2026-04-18 13:40:45,952 [INFO]    ✅ Finalizado.
2026-04-18 13:40:46,955 [INFO] 👉 [36] Iniciando debate...
2026-04-18 13:40:46,955 [INFO] 🔄 INICIANDO RONDA: 0 | Moderador: gemma2:2b
2026-04-18 13:40:49,377 [INFO] TOP SCORE: -0.21578800678253174
2026-04-18 13:40:49,377 [INFO] 📊 RAG: 0 tablas y 5 textos enviados al experto.
2026-04-18 13:40:51,432 [INFO] 📊 [DLB] Generando análisis técnico con gemma2:2b...
2026-04-18 13:40:51,432 [INFO] 📡 [PNM] Calculando recursos de red con gemma2:2b...
2026-04-18 13:40:55,377 [INFO] 🔄 INICIANDO RONDA: 1 | Moderador: gemma2:2b
2026-04-18 13:40:57,053 [INFO] 📊 [DLB] Generando análisis técnico con gemma2:2b...
2026-04-18 13:40:57,053 [INFO] 📡 [PNM] Calculando recursos de red con gemma2:2b...
2026-04-18 13:41:01,168 [INFO] 🔄 INICIANDO RONDA: 2 | Moderador: gemma2:2b
2026-04-18 13:41:03,153 [INFO] 📊 [DLB] Generando análisis técnico con gemma2:2b...
2026-04-18 13:41:03,153 [INFO] 📡 [PNM] Calculando recursos de red con gemma2:2b...
2026-04-18 13:41:07,662 [INFO] 🔄 INICIANDO RONDA: 3 | Moderador: gemma2:2b
2026-04-18 13:41:09,685 [INFO] 📊 [DLB] Generando análisis técnico con gemma2:2b...
2026-04-18 13:41:09,685 [INFO] 📡 [PNM] Calculando recursos de red con gemma2:2b...
2026-04-18 13:41:14,305 [INFO] 🔄 INICIANDO RONDA: 4 | Moderador: gemma2:2b
2026-04-18 13:41:16,468 [INFO] ⚖️ [MODERADOR] Generando respuesta consenso con gemma2:2b...
2026-04-18 13:41:47,109 [INFO]    ✅ Finalizado.
2026-04-18 13:41:48,122 [INFO] 👉 [37] Iniciando debate...
2026-04-18 13:41:48,122 [INFO] 🔄 INICIANDO RONDA: 0 | Moderador: gemma2:2b
2026-04-18 13:41:50,606 [INFO] TOP SCORE: -0.2235834300518036
2026-04-18 13:41:50,606 [INFO] 📊 RAG: 0 tablas y 5 textos enviados al experto.
2026-04-18 13:41:52,714 [INFO] 📊 [DLB] Generando análisis técnico con gemma2:2b...
2026-04-18 13:41:52,714 [INFO] 📡 [PNM] Calculando recursos de red con gemma2:2b...
2026-04-18 13:41:56,848 [INFO] 🔄 INICIANDO RONDA: 1 | Moderador: gemma2:2b
2026-04-18 13:41:58,634 [INFO] 📊 [DLB] Generando análisis técnico con gemma2:2b...
2026-04-18 13:41:58,634 [INFO] 📡 [PNM] Calculando recursos de red con gemma2:2b...
2026-04-18 13:42:02,254 [INFO] 🔄 INICIANDO RONDA: 2 | Moderador: gemma2:2b
2026-04-18 13:42:03,895 [INFO] 📊 [DLB] Generando análisis técnico con gemma2:2b...
2026-04-18 13:42:03,895 [INFO] 📡 [PNM] Calculando recursos de red con gemma2:2b...
2026-04-18 13:42:08,375 [INFO] 🔄 INICIANDO RONDA: 3 | Moderador: gemma2:2b
2026-04-18 13:42:10,371 [INFO] 📊 [DLB] Generando análisis técnico con gemma2:2b...
2026-04-18 13:42:10,371 [INFO] 📡 [PNM] Calculando recursos de red con gemma2:2b...
2026-04-18 13:42:14,456 [INFO] 🔄 INICIANDO RONDA: 4 | Moderador: gemma2:2b
2026-04-18 13:42:16,323 [INFO] ⚖️ [MODERADOR] Generando respuesta consenso con gemma2:2b...
2026-04-18 13:42:35,278 [INFO]    ✅ Finalizado.
2026-04-18 13:42:36,290 [INFO] 👉 [38] Iniciando debate...
2026-04-18 13:42:36,290 [INFO] 🔄 INICIANDO RONDA: 0 | Moderador: gemma2:2b
2026-04-18 13:42:38,665 [INFO] TOP SCORE: 2.5330612659454346
2026-04-18 13:42:38,665 [INFO] 📊 RAG: 0 tablas y 5 textos enviados al experto.
2026-04-18 13:42:40,777 [INFO] 📊 [DLB] Generando análisis técnico con gemma2:2b...
2026-04-18 13:42:40,778 [INFO] 📡 [PNM] Calculando recursos de red con gemma2:2b...
2026-04-18 13:42:45,230 [INFO] 🔄 INICIANDO RONDA: 1 | Moderador: gemma2:2b
2026-04-18 13:42:46,739 [INFO] 📊 [DLB] Generando análisis técnico con gemma2:2b...
2026-04-18 13:42:46,739 [INFO] 📡 [PNM] Calculando recursos de red con gemma2:2b...
2026-04-18 13:42:50,560 [INFO] 🔄 INICIANDO RONDA: 2 | Moderador: gemma2:2b
2026-04-18 13:42:52,135 [INFO] 📊 [DLB] Generando análisis técnico con gemma2:2b...
2026-04-18 13:42:52,135 [INFO] 📡 [PNM] Calculando recursos de red con gemma2:2b...
2026-04-18 13:42:56,203 [INFO] 🔄 INICIANDO RONDA: 3 | Moderador: gemma2:2b
2026-04-18 13:42:57,819 [INFO] 📊 [DLB] Generando análisis técnico con gemma2:2b...
2026-04-18 13:42:57,819 [INFO] 📡 [PNM] Calculando recursos de red con gemma2:2b...
2026-04-18 13:43:02,305 [INFO] 🔄 INICIANDO RONDA: 4 | Moderador: gemma2:2b
2026-04-18 13:43:03,877 [INFO] ⚖️ [MODERADOR] Generando respuesta consenso con gemma2:2b...
2026-04-18 13:43:24,926 [INFO]    ✅ Finalizado.
2026-04-18 13:43:25,941 [INFO] 👉 [39] Iniciando debate...
2026-04-18 13:43:25,941 [INFO] 🔄 INICIANDO RONDA: 0 | Moderador: gemma2:2b
2026-04-18 13:43:28,487 [INFO] TOP SCORE: -0.18465222418308258
2026-04-18 13:43:28,487 [INFO] 📊 RAG: 0 tablas y 5 textos enviados al experto.
2026-04-18 13:43:30,639 [INFO] 📊 [DLB] Generando análisis técnico con gemma2:2b...
2026-04-18 13:43:30,639 [INFO] 📡 [PNM] Calculando recursos de red con gemma2:2b...
2026-04-18 13:43:35,147 [INFO] 🔄 INICIANDO RONDA: 1 | Moderador: gemma2:2b
2026-04-18 13:43:36,821 [INFO] 📊 [DLB] Generando análisis técnico con gemma2:2b...
2026-04-18 13:43:36,821 [INFO] 📡 [PNM] Calculando recursos de red con gemma2:2b...
2026-04-18 13:43:41,247 [INFO] 🔄 INICIANDO RONDA: 2 | Moderador: gemma2:2b
2026-04-18 13:43:43,313 [INFO] 📊 [DLB] Generando análisis técnico con gemma2:2b...
2026-04-18 13:43:43,313 [INFO] 📡 [PNM] Calculando recursos de red con gemma2:2b...
2026-04-18 13:43:48,020 [INFO] 🔄 INICIANDO RONDA: 3 | Moderador: gemma2:2b
2026-04-18 13:43:50,581 [INFO] 📊 [DLB] Generando análisis técnico con gemma2:2b...
2026-04-18 13:43:50,581 [INFO] 📡 [PNM] Calculando recursos de red con gemma2:2b...
2026-04-18 13:43:56,258 [INFO] 🔄 INICIANDO RONDA: 4 | Moderador: gemma2:2b
2026-04-18 13:43:58,594 [INFO] ⚖️ [MODERADOR] Generando respuesta consenso con gemma2:2b...
2026-04-18 13:44:25,290 [INFO]    ✅ Finalizado.
2026-04-18 13:44:26,290 [INFO] 📁 Procesando archivo: a-wideband-high-gain-high-efficiency-hybrid-integrated-plate-array-antenna-for-v-band-inter-satellite-links_salida.txt
2026-04-18 13:44:26,290 [INFO] 👉 [40] Iniciando debate...
2026-04-18 13:44:26,290 [INFO] 🔄 INICIANDO RONDA: 0 | Moderador: gemma2:2b
2026-04-18 13:44:28,806 [INFO] TOP SCORE: 5.606832981109619
2026-04-18 13:44:28,806 [INFO] 📊 RAG: 0 tablas y 5 textos enviados al experto.
2026-04-18 13:44:31,525 [INFO] 📊 [DLB] Generando análisis técnico con gemma2:2b...
2026-04-18 13:44:31,525 [INFO] 📡 [PNM] Calculando recursos de red con gemma2:2b...
2026-04-18 13:44:35,968 [INFO] 🔄 INICIANDO RONDA: 1 | Moderador: gemma2:2b
2026-04-18 13:44:37,661 [INFO] 📊 [DLB] Generando análisis técnico con gemma2:2b...
2026-04-18 13:44:37,661 [INFO] 📡 [PNM] Calculando recursos de red con gemma2:2b...
2026-04-18 13:44:41,775 [INFO] 🔄 INICIANDO RONDA: 2 | Moderador: gemma2:2b
2026-04-18 13:44:43,642 [INFO] 📊 [DLB] Generando análisis técnico con gemma2:2b...
2026-04-18 13:44:43,642 [INFO] 📡 [PNM] Calculando recursos de red con gemma2:2b...
2026-04-18 13:44:47,937 [INFO] 🔄 INICIANDO RONDA: 3 | Moderador: gemma2:2b
2026-04-18 13:44:50,009 [INFO] 📊 [DLB] Generando análisis técnico con gemma2:2b...
2026-04-18 13:44:50,009 [INFO] 📡 [PNM] Calculando recursos de red con gemma2:2b...
2026-04-18 13:44:54,727 [INFO] 🔄 INICIANDO RONDA: 4 | Moderador: gemma2:2b
2026-04-18 13:44:56,597 [INFO] ⚖️ [MODERADOR] Generando respuesta consenso con gemma2:2b...
2026-04-18 13:45:33,311 [INFO]    ✅ Finalizado.
2026-04-18 13:45:34,313 [INFO] 👉 [41] Iniciando debate...
2026-04-18 13:45:34,313 [INFO] 🔄 INICIANDO RONDA: 0 | Moderador: gemma2:2b
2026-04-18 13:45:36,719 [INFO] TOP SCORE: 4.697839260101318
2026-04-18 13:45:36,719 [INFO] 📊 RAG: 0 tablas y 5 textos enviados al experto.
2026-04-18 13:45:41,150 [INFO] 📊 [DLB] Generando análisis técnico con gemma2:2b...
2026-04-18 13:45:41,150 [INFO] 📡 [PNM] Calculando recursos de red con gemma2:2b...
2026-04-18 13:45:45,076 [INFO] 🔄 INICIANDO RONDA: 1 | Moderador: gemma2:2b
2026-04-18 13:45:46,604 [INFO] 📊 [DLB] Generando análisis técnico con gemma2:2b...
2026-04-18 13:45:46,604 [INFO] 📡 [PNM] Calculando recursos de red con gemma2:2b...
2026-04-18 13:45:50,367 [INFO] 🔄 INICIANDO RONDA: 2 | Moderador: gemma2:2b
2026-04-18 13:45:52,176 [INFO] 📊 [DLB] Generando análisis técnico con gemma2:2b...
2026-04-18 13:45:52,176 [INFO] 📡 [PNM] Calculando recursos de red con gemma2:2b...
2026-04-18 13:45:55,720 [INFO] 🔄 INICIANDO RONDA: 3 | Moderador: gemma2:2b
2026-04-18 13:45:57,277 [INFO] 📊 [DLB] Generando análisis técnico con gemma2:2b...
2026-04-18 13:45:57,277 [INFO] 📡 [PNM] Calculando recursos de red con gemma2:2b...
2026-04-18 13:46:01,394 [INFO] 🔄 INICIANDO RONDA: 4 | Moderador: gemma2:2b
2026-04-18 13:46:03,227 [INFO] ⚖️ [MODERADOR] Generando respuesta consenso con gemma2:2b...
2026-04-18 13:46:20,282 [INFO]    ✅ Finalizado.
2026-04-18 13:46:21,290 [INFO] 👉 [42] Iniciando debate...
2026-04-18 13:46:21,290 [INFO] 🔄 INICIANDO RONDA: 0 | Moderador: gemma2:2b
2026-04-18 13:46:23,775 [INFO] TOP SCORE: 0.26210442185401917
2026-04-18 13:46:23,775 [INFO] 📊 RAG: 0 tablas y 5 textos enviados al experto.
2026-04-18 13:46:25,940 [INFO] 📊 [DLB] Generando análisis técnico con gemma2:2b...
2026-04-18 13:46:25,940 [INFO] 📡 [PNM] Calculando recursos de red con gemma2:2b...
2026-04-18 13:46:29,803 [INFO] 🔄 INICIANDO RONDA: 1 | Moderador: gemma2:2b
2026-04-18 13:46:31,829 [INFO] 📊 [DLB] Generando análisis técnico con gemma2:2b...
2026-04-18 13:46:31,829 [INFO] 📡 [PNM] Calculando recursos de red con gemma2:2b...
2026-04-18 13:46:35,488 [INFO] 🔄 INICIANDO RONDA: 2 | Moderador: gemma2:2b
2026-04-18 13:46:37,559 [INFO] 📊 [DLB] Generando análisis técnico con gemma2:2b...
2026-04-18 13:46:37,559 [INFO] 📡 [PNM] Calculando recursos de red con gemma2:2b...
2026-04-18 13:46:41,699 [INFO] 🔄 INICIANDO RONDA: 3 | Moderador: gemma2:2b
2026-04-18 13:46:43,610 [INFO] 📊 [DLB] Generando análisis técnico con gemma2:2b...
2026-04-18 13:46:43,610 [INFO] 📡 [PNM] Calculando recursos de red con gemma2:2b...
2026-04-18 13:46:47,732 [INFO] 🔄 INICIANDO RONDA: 4 | Moderador: gemma2:2b
2026-04-18 13:46:49,816 [INFO] ⚖️ [MODERADOR] Generando respuesta consenso con gemma2:2b...
2026-04-18 13:47:09,773 [INFO]    ✅ Finalizado.
2026-04-18 13:47:10,788 [INFO] 👉 [43] Iniciando debate...
2026-04-18 13:47:10,788 [INFO] 🔄 INICIANDO RONDA: 0 | Moderador: gemma2:2b
2026-04-18 13:47:13,179 [INFO] TOP SCORE: -1.7766869068145752
2026-04-18 13:47:13,179 [INFO] 📊 RAG: 0 tablas y 5 textos enviados al experto.
2026-04-18 13:47:15,288 [INFO] 📊 [DLB] Generando análisis técnico con gemma2:2b...
2026-04-18 13:47:15,289 [INFO] 📡 [PNM] Calculando recursos de red con gemma2:2b...
2026-04-18 13:47:19,351 [INFO] 🔄 INICIANDO RONDA: 1 | Moderador: gemma2:2b
2026-04-18 13:47:21,183 [INFO] 📊 [DLB] Generando análisis técnico con gemma2:2b...
2026-04-18 13:47:21,183 [INFO] 📡 [PNM] Calculando recursos de red con gemma2:2b...
2026-04-18 13:47:25,524 [INFO] 🔄 INICIANDO RONDA: 2 | Moderador: gemma2:2b
2026-04-18 13:47:27,210 [INFO] 📊 [DLB] Generando análisis técnico con gemma2:2b...
2026-04-18 13:47:27,210 [INFO] 📡 [PNM] Calculando recursos de red con gemma2:2b...
2026-04-18 13:47:31,460 [INFO] 🔄 INICIANDO RONDA: 3 | Moderador: gemma2:2b
2026-04-18 13:47:33,361 [INFO] 📊 [DLB] Generando análisis técnico con gemma2:2b...
2026-04-18 13:47:33,361 [INFO] 📡 [PNM] Calculando recursos de red con gemma2:2b...
2026-04-18 13:47:37,464 [INFO] 🔄 INICIANDO RONDA: 4 | Moderador: gemma2:2b
2026-04-18 13:47:39,242 [INFO] ⚖️ [MODERADOR] Generando respuesta consenso con gemma2:2b...
2026-04-18 13:47:56,728 [INFO]    ✅ Finalizado.
2026-04-18 13:47:57,734 [INFO] 👉 [44] Iniciando debate...
2026-04-18 13:47:57,734 [INFO] 🔄 INICIANDO RONDA: 0 | Moderador: gemma2:2b
2026-04-18 13:48:00,187 [INFO] TOP SCORE: -0.48244673013687134
2026-04-18 13:48:00,187 [INFO] 📊 RAG: 0 tablas y 5 textos enviados al experto.
2026-04-18 13:48:02,663 [INFO] 📊 [DLB] Generando análisis técnico con gemma2:2b...
2026-04-18 13:48:02,663 [INFO] 📡 [PNM] Calculando recursos de red con gemma2:2b...
2026-04-18 13:48:07,429 [INFO] 🔄 INICIANDO RONDA: 1 | Moderador: gemma2:2b
2026-04-18 13:48:08,818 [INFO] 📊 [DLB] Generando análisis técnico con gemma2:2b...
2026-04-18 13:48:08,818 [INFO] 📡 [PNM] Calculando recursos de red con gemma2:2b...
2026-04-18 13:48:12,862 [INFO] 🔄 INICIANDO RONDA: 2 | Moderador: gemma2:2b
2026-04-18 13:48:14,610 [INFO] 📊 [DLB] Generando análisis técnico con gemma2:2b...
2026-04-18 13:48:14,610 [INFO] 📡 [PNM] Calculando recursos de red con gemma2:2b...
2026-04-18 13:48:18,740 [INFO] 🔄 INICIANDO RONDA: 3 | Moderador: gemma2:2b
2026-04-18 13:48:20,790 [INFO] 📊 [DLB] Generando análisis técnico con gemma2:2b...
2026-04-18 13:48:20,790 [INFO] 📡 [PNM] Calculando recursos de red con gemma2:2b...
2026-04-18 13:48:24,810 [INFO] 🔄 INICIANDO RONDA: 4 | Moderador: gemma2:2b
2026-04-18 13:48:26,543 [INFO] ⚖️ [MODERADOR] Generando respuesta consenso con gemma2:2b...
2026-04-18 13:48:44,544 [INFO]    ✅ Finalizado.
2026-04-18 13:48:45,559 [INFO] 👉 [45] Iniciando debate...
2026-04-18 13:48:45,559 [INFO] 🔄 INICIANDO RONDA: 0 | Moderador: gemma2:2b
2026-04-18 13:48:48,059 [INFO] TOP SCORE: -0.6884428262710571
2026-04-18 13:48:48,059 [INFO] 📊 RAG: 1 tablas y 5 textos enviados al experto.
2026-04-18 13:48:50,122 [INFO] 📊 [DLB] Generando análisis técnico con gemma2:2b...
2026-04-18 13:48:50,122 [INFO] 📡 [PNM] Calculando recursos de red con gemma2:2b...
2026-04-18 13:48:53,924 [INFO] 🔄 INICIANDO RONDA: 1 | Moderador: gemma2:2b
2026-04-18 13:48:55,567 [INFO] 📊 [DLB] Generando análisis técnico con gemma2:2b...
2026-04-18 13:48:55,567 [INFO] 📡 [PNM] Calculando recursos de red con gemma2:2b...
2026-04-18 13:48:59,199 [INFO] 🔄 INICIANDO RONDA: 2 | Moderador: gemma2:2b
2026-04-18 13:49:00,939 [INFO] 📊 [DLB] Generando análisis técnico con gemma2:2b...
2026-04-18 13:49:00,939 [INFO] 📡 [PNM] Calculando recursos de red con gemma2:2b...
2026-04-18 13:49:04,893 [INFO] 🔄 INICIANDO RONDA: 3 | Moderador: gemma2:2b
2026-04-18 13:49:06,859 [INFO] 📊 [DLB] Generando análisis técnico con gemma2:2b...
2026-04-18 13:49:06,859 [INFO] 📡 [PNM] Calculando recursos de red con gemma2:2b...
2026-04-18 13:49:10,671 [INFO] 🔄 INICIANDO RONDA: 4 | Moderador: gemma2:2b
2026-04-18 13:49:12,424 [INFO] ⚖️ [MODERADOR] Generando respuesta consenso con gemma2:2b...
2026-04-18 13:49:30,964 [INFO]    ✅ Finalizado.
2026-04-18 13:49:31,968 [INFO] 👉 [46] Iniciando debate...
2026-04-18 13:49:31,968 [INFO] 🔄 INICIANDO RONDA: 0 | Moderador: gemma2:2b
2026-04-18 13:49:34,405 [INFO] TOP SCORE: -0.5709457993507385
2026-04-18 13:49:34,405 [INFO] 📊 RAG: 0 tablas y 5 textos enviados al experto.
2026-04-18 13:49:36,495 [INFO] 📊 [DLB] Generando análisis técnico con gemma2:2b...
2026-04-18 13:49:36,495 [INFO] 📡 [PNM] Calculando recursos de red con gemma2:2b...
2026-04-18 13:49:41,659 [INFO] 🔄 INICIANDO RONDA: 1 | Moderador: gemma2:2b
2026-04-18 13:49:43,631 [INFO] 📊 [DLB] Generando análisis técnico con gemma2:2b...
2026-04-18 13:49:43,631 [INFO] 📡 [PNM] Calculando recursos de red con gemma2:2b...
2026-04-18 13:49:48,803 [INFO] 🔄 INICIANDO RONDA: 2 | Moderador: gemma2:2b
2026-04-18 13:49:50,578 [INFO] 📊 [DLB] Generando análisis técnico con gemma2:2b...
2026-04-18 13:49:50,578 [INFO] 📡 [PNM] Calculando recursos de red con gemma2:2b...
2026-04-18 13:49:54,999 [INFO] 🔄 INICIANDO RONDA: 3 | Moderador: gemma2:2b
2026-04-18 13:49:57,092 [INFO] 📊 [DLB] Generando análisis técnico con gemma2:2b...
2026-04-18 13:49:57,092 [INFO] 📡 [PNM] Calculando recursos de red con gemma2:2b...
2026-04-18 13:50:01,451 [INFO] 🔄 INICIANDO RONDA: 4 | Moderador: gemma2:2b
2026-04-18 13:50:03,478 [INFO] ⚖️ [MODERADOR] Generando respuesta consenso con gemma2:2b...
2026-04-18 13:50:25,506 [INFO]    ✅ Finalizado.
2026-04-18 13:50:26,508 [INFO] 📁 Procesando archivo: aeronautical-ad-hoc-networking-for-the-internet-above-the-clouds_salida.txt
2026-04-18 13:50:26,508 [INFO] 👉 [47] Iniciando debate...
2026-04-18 13:50:26,508 [INFO] 🔄 INICIANDO RONDA: 0 | Moderador: gemma2:2b
2026-04-18 13:50:28,977 [INFO] TOP SCORE: 1.8059589862823486
2026-04-18 13:50:28,977 [INFO] 📊 RAG: 0 tablas y 5 textos enviados al experto.
2026-04-18 13:50:30,724 [INFO] 📊 [DLB] Generando análisis técnico con gemma2:2b...
2026-04-18 13:50:30,724 [INFO] 📡 [PNM] Calculando recursos de red con gemma2:2b...
2026-04-18 13:50:35,009 [INFO] 🔄 INICIANDO RONDA: 1 | Moderador: gemma2:2b
2026-04-18 13:50:36,728 [INFO] 📊 [DLB] Generando análisis técnico con gemma2:2b...
2026-04-18 13:50:36,728 [INFO] 📡 [PNM] Calculando recursos de red con gemma2:2b...
2026-04-18 13:50:40,925 [INFO] 🔄 INICIANDO RONDA: 2 | Moderador: gemma2:2b
2026-04-18 13:50:42,895 [INFO] 📊 [DLB] Generando análisis técnico con gemma2:2b...
2026-04-18 13:50:42,895 [INFO] 📡 [PNM] Calculando recursos de red con gemma2:2b...
2026-04-18 13:50:47,806 [INFO] 🔄 INICIANDO RONDA: 3 | Moderador: gemma2:2b
2026-04-18 13:50:50,049 [INFO] 📊 [DLB] Generando análisis técnico con gemma2:2b...
2026-04-18 13:50:50,049 [INFO] 📡 [PNM] Calculando recursos de red con gemma2:2b...
2026-04-18 13:50:54,349 [INFO] 🔄 INICIANDO RONDA: 4 | Moderador: gemma2:2b
2026-04-18 13:50:56,362 [INFO] ⚖️ [MODERADOR] Generando respuesta consenso con gemma2:2b...
2026-04-18 13:51:14,956 [INFO]    ✅ Finalizado.
2026-04-18 13:51:15,964 [INFO] 👉 [48] Iniciando debate...
2026-04-18 13:51:15,964 [INFO] 🔄 INICIANDO RONDA: 0 | Moderador: gemma2:2b
2026-04-18 13:51:18,339 [INFO] TOP SCORE: 0.2539190351963043
2026-04-18 13:51:18,339 [INFO] 📊 RAG: 0 tablas y 5 textos enviados al experto.
2026-04-18 13:51:20,276 [INFO] 📊 [DLB] Generando análisis técnico con gemma2:2b...
2026-04-18 13:51:20,276 [INFO] 📡 [PNM] Calculando recursos de red con gemma2:2b...
2026-04-18 13:51:24,195 [INFO] 🔄 INICIANDO RONDA: 1 | Moderador: gemma2:2b
2026-04-18 13:51:25,521 [INFO] 📊 [DLB] Generando análisis técnico con gemma2:2b...
2026-04-18 13:51:25,521 [INFO] 📡 [PNM] Calculando recursos de red con gemma2:2b...
2026-04-18 13:51:29,584 [INFO] 🔄 INICIANDO RONDA: 2 | Moderador: gemma2:2b
2026-04-18 13:51:31,713 [INFO] 📊 [DLB] Generando análisis técnico con gemma2:2b...
2026-04-18 13:51:31,713 [INFO] 📡 [PNM] Calculando recursos de red con gemma2:2b...
2026-04-18 13:51:35,862 [INFO] 🔄 INICIANDO RONDA: 3 | Moderador: gemma2:2b
2026-04-18 13:51:37,449 [INFO] 📊 [DLB] Generando análisis técnico con gemma2:2b...
2026-04-18 13:51:37,449 [INFO] 📡 [PNM] Calculando recursos de red con gemma2:2b...
2026-04-18 13:51:41,317 [INFO] 🔄 INICIANDO RONDA: 4 | Moderador: gemma2:2b
2026-04-18 13:51:42,720 [INFO] ⚖️ [MODERADOR] Generando respuesta consenso con gemma2:2b...
2026-04-18 13:52:05,835 [INFO]    ✅ Finalizado.
2026-04-18 13:52:06,843 [INFO] 👉 [49] Iniciando debate...
2026-04-18 13:52:06,843 [INFO] 🔄 INICIANDO RONDA: 0 | Moderador: gemma2:2b
2026-04-18 13:52:09,328 [INFO] TOP SCORE: -0.15298324823379517
2026-04-18 13:52:09,328 [INFO] 📊 RAG: 0 tablas y 5 textos enviados al experto.
2026-04-18 13:52:11,768 [INFO] 📊 [DLB] Generando análisis técnico con gemma2:2b...
2026-04-18 13:52:11,768 [INFO] 📡 [PNM] Calculando recursos de red con gemma2:2b...
2026-04-18 13:52:16,466 [INFO] 🔄 INICIANDO RONDA: 1 | Moderador: gemma2:2b
2026-04-18 13:52:18,324 [INFO] 📊 [DLB] Generando análisis técnico con gemma2:2b...
2026-04-18 13:52:18,324 [INFO] 📡 [PNM] Calculando recursos de red con gemma2:2b...
2026-04-18 13:52:22,309 [INFO] 🔄 INICIANDO RONDA: 2 | Moderador: gemma2:2b
2026-04-18 13:52:25,136 [INFO] 📊 [DLB] Generando análisis técnico con gemma2:2b...
2026-04-18 13:52:25,136 [INFO] 📡 [PNM] Calculando recursos de red con gemma2:2b...
2026-04-18 13:52:29,685 [INFO] 🔄 INICIANDO RONDA: 3 | Moderador: gemma2:2b
2026-04-18 13:52:32,513 [INFO] 📊 [DLB] Generando análisis técnico con gemma2:2b...
2026-04-18 13:52:32,513 [INFO] 📡 [PNM] Calculando recursos de red con gemma2:2b...
2026-04-18 13:52:37,253 [INFO] 🔄 INICIANDO RONDA: 4 | Moderador: gemma2:2b
2026-04-18 13:52:39,548 [INFO] ⚖️ [MODERADOR] Generando respuesta consenso con gemma2:2b...
2026-04-18 13:53:01,585 [INFO]    ✅ Finalizado.
2026-04-18 13:53:02,592 [INFO] 👉 [50] Iniciando debate...
2026-04-18 13:53:02,592 [INFO] 🔄 INICIANDO RONDA: 0 | Moderador: gemma2:2b
2026-04-18 13:53:04,998 [INFO] TOP SCORE: -2.808699369430542
2026-04-18 13:53:04,998 [INFO] 📊 RAG: 0 tablas y 5 textos enviados al experto.
2026-04-18 13:53:07,656 [INFO] 📊 [DLB] Generando análisis técnico con gemma2:2b...
2026-04-18 13:53:07,656 [INFO] 📡 [PNM] Calculando recursos de red con gemma2:2b...
2026-04-18 13:53:12,324 [INFO] 🔄 INICIANDO RONDA: 1 | Moderador: gemma2:2b
2026-04-18 13:53:14,284 [INFO] 📊 [DLB] Generando análisis técnico con gemma2:2b...
2026-04-18 13:53:14,284 [INFO] 📡 [PNM] Calculando recursos de red con gemma2:2b...
2026-04-18 13:53:18,339 [INFO] 🔄 INICIANDO RONDA: 2 | Moderador: gemma2:2b
2026-04-18 13:53:20,122 [INFO] 📊 [DLB] Generando análisis técnico con gemma2:2b...
2026-04-18 13:53:20,122 [INFO] 📡 [PNM] Calculando recursos de red con gemma2:2b...
2026-04-18 13:53:24,508 [INFO] 🔄 INICIANDO RONDA: 3 | Moderador: gemma2:2b
2026-04-18 13:53:26,892 [INFO] 📊 [DLB] Generando análisis técnico con gemma2:2b...
2026-04-18 13:53:26,892 [INFO] 📡 [PNM] Calculando recursos de red con gemma2:2b...
2026-04-18 13:53:32,401 [INFO] 🔄 INICIANDO RONDA: 4 | Moderador: gemma2:2b
2026-04-18 13:53:34,582 [INFO] ⚖️ [MODERADOR] Generando respuesta consenso con gemma2:2b...
2026-04-18 13:54:04,256 [INFO]    ✅ Finalizado.
2026-04-18 13:54:05,267 [INFO] 🛑 Límite de 51 preguntas alcanzado. Deteniendo...
2026-04-18 13:58:16,301 [INFO] 📁 Procesando archivo: a-compact-low-noise-frontend-for-interleaved-rx-tx-arrays-at-k-ka-band_salida.txt
2026-04-18 13:58:16,301 [INFO] 📁 Procesando archivo: a-compact-lowpass-filter-for-satellite-communication-systems-based-on-transfer-function-analysis_salida.txt
2026-04-18 13:58:16,301 [INFO] 📁 Procesando archivo: a-framework-to-classify-heterogeneous-internet-traffic-with-machine-learning-and-deep-learning-techniques-for-satellite-communications_salida.txt
2026-04-18 13:58:16,301 [INFO] 📁 Procesando archivo: a-ka-band-satcom-transceiver-in-65-nm-cmos-with-high-linearity-tx-and-dual-channel-wide-dynamic-range-rx-for-terrestrial-terminal_salida.txt
2026-04-18 13:58:16,316 [INFO] 📁 Procesando archivo: a-lagrangian-heuristic-for-satellite-range-scheduling-with-resource-constraints_salida.txt
2026-04-18 13:58:16,316 [INFO] 📁 Procesando archivo: a-novel-dual-polarized-continuous-transverse-stub-antenna-based-on-corrugated-waveguides-part-ii-experimental-demonstration_salida.txt
2026-04-18 13:58:16,316 [INFO] 📁 Procesando archivo: a-reflector-antenna-concept-robust-against-feed-failures-for-satellite-communications_salida.txt
2026-04-18 13:58:16,316 [INFO] 👉 [31] Iniciando debate...
2026-04-18 13:58:16,316 [INFO] 🔄 INICIANDO RONDA: 0 | Moderador: gemma2:2b
2026-04-18 13:58:18,816 [INFO] TOP SCORE: 5.374831199645996
2026-04-18 13:58:18,816 [INFO] 📊 RAG: 0 tablas y 5 textos enviados al experto.
2026-04-18 13:58:21,090 [INFO] 📊 [DLB] Generando análisis técnico con qwen2.5:1.5b...
2026-04-18 13:58:21,090 [INFO] 📡 [PNM] Calculando recursos de red con deepseek-r1:1.5b...
2026-04-18 13:58:35,354 [INFO] 🔄 INICIANDO RONDA: 1 | Moderador: gemma2:2b
2026-04-18 13:58:37,534 [INFO] 📊 [DLB] Generando análisis técnico con qwen2.5:1.5b...
2026-04-18 13:58:37,534 [INFO] 📡 [PNM] Calculando recursos de red con deepseek-r1:1.5b...
2026-04-18 13:58:53,203 [INFO] 🔄 INICIANDO RONDA: 2 | Moderador: gemma2:2b
2026-04-18 13:58:55,229 [INFO] 📊 [DLB] Generando análisis técnico con qwen2.5:1.5b...
2026-04-18 13:58:55,229 [INFO] 📡 [PNM] Calculando recursos de red con deepseek-r1:1.5b...
2026-04-18 13:59:08,360 [INFO] 🔄 INICIANDO RONDA: 3 | Moderador: gemma2:2b
2026-04-18 13:59:11,027 [INFO] 📊 [DLB] Generando análisis técnico con qwen2.5:1.5b...
2026-04-18 13:59:11,027 [INFO] 📡 [PNM] Calculando recursos de red con deepseek-r1:1.5b...
2026-04-18 13:59:21,704 [INFO] 🔄 INICIANDO RONDA: 4 | Moderador: gemma2:2b
2026-04-18 13:59:24,315 [INFO] ⚖️ [MODERADOR] Generando respuesta consenso con gemma2:2b...
2026-04-18 13:59:44,742 [INFO]    ✅ Finalizado.
2026-04-18 13:59:45,751 [INFO] 👉 [32] Iniciando debate...
2026-04-18 13:59:45,751 [INFO] 🔄 INICIANDO RONDA: 0 | Moderador: gemma2:2b
2026-04-18 13:59:48,142 [INFO] TOP SCORE: 3.062441349029541
2026-04-18 13:59:48,142 [INFO] 📊 RAG: 1 tablas y 5 textos enviados al experto.
2026-04-18 13:59:49,814 [INFO] 📊 [DLB] Generando análisis técnico con qwen2.5:1.5b...
2026-04-18 13:59:49,814 [INFO] 📡 [PNM] Calculando recursos de red con deepseek-r1:1.5b...
2026-04-18 14:00:00,315 [INFO] 🔄 INICIANDO RONDA: 1 | Moderador: gemma2:2b
2026-04-18 14:00:02,278 [INFO] 📊 [DLB] Generando análisis técnico con qwen2.5:1.5b...
2026-04-18 14:00:02,278 [INFO] 📡 [PNM] Calculando recursos de red con deepseek-r1:1.5b...
2026-04-18 14:00:10,873 [INFO] 🔄 INICIANDO RONDA: 2 | Moderador: gemma2:2b
2026-04-18 14:00:13,094 [INFO] 📊 [DLB] Generando análisis técnico con qwen2.5:1.5b...
2026-04-18 14:00:13,094 [INFO] 📡 [PNM] Calculando recursos de red con deepseek-r1:1.5b...
2026-04-18 14:00:23,440 [INFO] 🔄 INICIANDO RONDA: 3 | Moderador: gemma2:2b
2026-04-18 14:00:25,111 [INFO] 📊 [DLB] Generando análisis técnico con qwen2.5:1.5b...
2026-04-18 14:00:25,111 [INFO] 📡 [PNM] Calculando recursos de red con deepseek-r1:1.5b...
2026-04-18 14:00:34,317 [INFO] 🔄 INICIANDO RONDA: 4 | Moderador: gemma2:2b
2026-04-18 14:00:35,946 [INFO] ⚖️ [MODERADOR] Generando respuesta consenso con gemma2:2b...
2026-04-18 14:00:57,501 [INFO]    ✅ Finalizado.
2026-04-18 14:00:58,512 [INFO] 📁 Procesando archivo: a-survey-on-communication-networks-for-electric-system-automation_salida.txt
2026-04-18 14:00:58,512 [INFO] 👉 [33] Iniciando debate...
2026-04-18 14:00:58,512 [INFO] 🔄 INICIANDO RONDA: 0 | Moderador: gemma2:2b
2026-04-18 14:01:00,981 [INFO] TOP SCORE: 2.7645535469055176
2026-04-18 14:01:00,981 [INFO] 📊 RAG: 0 tablas y 5 textos enviados al experto.
2026-04-18 14:01:03,048 [INFO] 📊 [DLB] Generando análisis técnico con qwen2.5:1.5b...
2026-04-18 14:01:03,048 [INFO] 📡 [PNM] Calculando recursos de red con deepseek-r1:1.5b...
2026-04-18 14:01:12,958 [INFO] 🔄 INICIANDO RONDA: 1 | Moderador: gemma2:2b
2026-04-18 14:01:15,028 [INFO] 📊 [DLB] Generando análisis técnico con qwen2.5:1.5b...
2026-04-18 14:01:15,028 [INFO] 📡 [PNM] Calculando recursos de red con deepseek-r1:1.5b...
2026-04-18 14:01:24,425 [INFO] 🔄 INICIANDO RONDA: 2 | Moderador: gemma2:2b
2026-04-18 14:01:26,552 [INFO] 📊 [DLB] Generando análisis técnico con qwen2.5:1.5b...
2026-04-18 14:01:26,552 [INFO] 📡 [PNM] Calculando recursos de red con deepseek-r1:1.5b...
2026-04-18 14:01:37,771 [INFO] 🔄 INICIANDO RONDA: 3 | Moderador: gemma2:2b
2026-04-18 14:01:39,754 [INFO] 📊 [DLB] Generando análisis técnico con qwen2.5:1.5b...
2026-04-18 14:01:39,754 [INFO] 📡 [PNM] Calculando recursos de red con deepseek-r1:1.5b...
2026-04-18 14:01:54,941 [INFO] 🔄 INICIANDO RONDA: 4 | Moderador: gemma2:2b
2026-04-18 14:01:57,702 [INFO] ⚖️ [MODERADOR] Generando respuesta consenso con gemma2:2b...
2026-04-18 14:02:20,843 [INFO]    ✅ Finalizado.
2026-04-18 14:02:21,859 [INFO] 👉 [34] Iniciando debate...
2026-04-18 14:02:21,859 [INFO] 🔄 INICIANDO RONDA: 0 | Moderador: gemma2:2b
2026-04-18 14:02:24,312 [INFO] TOP SCORE: 1.5483540296554565
2026-04-18 14:02:24,312 [INFO] 📊 RAG: 0 tablas y 5 textos enviados al experto.
2026-04-18 14:02:26,019 [INFO] 📊 [DLB] Generando análisis técnico con qwen2.5:1.5b...
2026-04-18 14:02:26,019 [INFO] 📡 [PNM] Calculando recursos de red con deepseek-r1:1.5b...
2026-04-18 14:02:37,658 [INFO] 🔄 INICIANDO RONDA: 1 | Moderador: gemma2:2b
2026-04-18 14:02:39,651 [INFO] 📊 [DLB] Generando análisis técnico con qwen2.5:1.5b...
2026-04-18 14:02:39,651 [INFO] 📡 [PNM] Calculando recursos de red con deepseek-r1:1.5b...
2026-04-18 14:02:53,686 [INFO] 🔄 INICIANDO RONDA: 2 | Moderador: gemma2:2b
2026-04-18 14:02:55,827 [INFO] 📊 [DLB] Generando análisis técnico con qwen2.5:1.5b...
2026-04-18 14:02:55,827 [INFO] 📡 [PNM] Calculando recursos de red con deepseek-r1:1.5b...
2026-04-18 14:03:12,301 [INFO] 🔄 INICIANDO RONDA: 3 | Moderador: gemma2:2b
2026-04-18 14:03:14,529 [INFO] 📊 [DLB] Generando análisis técnico con qwen2.5:1.5b...
2026-04-18 14:03:14,529 [INFO] 📡 [PNM] Calculando recursos de red con deepseek-r1:1.5b...
2026-04-18 14:03:33,639 [INFO] 🔄 INICIANDO RONDA: 4 | Moderador: gemma2:2b
2026-04-18 14:03:36,545 [INFO] ⚖️ [MODERADOR] Generando respuesta consenso con gemma2:2b...
2026-04-18 14:03:55,443 [INFO]    ✅ Finalizado.
2026-04-18 14:03:56,456 [INFO] 👉 [35] Iniciando debate...
2026-04-18 14:03:56,456 [INFO] 🔄 INICIANDO RONDA: 0 | Moderador: gemma2:2b
2026-04-18 14:03:58,894 [INFO] TOP SCORE: 1.5450719594955444
2026-04-18 14:03:58,894 [INFO] 📊 RAG: 0 tablas y 5 textos enviados al experto.
2026-04-18 14:04:00,556 [INFO] 📊 [DLB] Generando análisis técnico con qwen2.5:1.5b...
2026-04-18 14:04:00,556 [INFO] 📡 [PNM] Calculando recursos de red con deepseek-r1:1.5b...
2026-04-18 14:04:09,736 [INFO] 🔄 INICIANDO RONDA: 1 | Moderador: gemma2:2b
2026-04-18 14:04:11,520 [INFO] 📊 [DLB] Generando análisis técnico con qwen2.5:1.5b...
2026-04-18 14:04:11,520 [INFO] 📡 [PNM] Calculando recursos de red con deepseek-r1:1.5b...
2026-04-18 14:04:21,870 [INFO] 🔄 INICIANDO RONDA: 2 | Moderador: gemma2:2b
2026-04-18 14:04:23,394 [INFO] 📊 [DLB] Generando análisis técnico con qwen2.5:1.5b...
2026-04-18 14:04:23,394 [INFO] 📡 [PNM] Calculando recursos de red con deepseek-r1:1.5b...
2026-04-18 14:04:36,468 [INFO] 🔄 INICIANDO RONDA: 3 | Moderador: gemma2:2b
2026-04-18 14:04:38,585 [INFO] 📊 [DLB] Generando análisis técnico con qwen2.5:1.5b...
2026-04-18 14:04:38,585 [INFO] 📡 [PNM] Calculando recursos de red con deepseek-r1:1.5b...
2026-04-18 14:04:49,296 [INFO] 🔄 INICIANDO RONDA: 4 | Moderador: gemma2:2b
2026-04-18 14:04:51,174 [INFO] ⚖️ [MODERADOR] Generando respuesta consenso con gemma2:2b...
2026-04-18 14:05:16,525 [INFO]    ✅ Finalizado.
2026-04-18 14:05:17,527 [INFO] 👉 [36] Iniciando debate...
2026-04-18 14:05:17,527 [INFO] 🔄 INICIANDO RONDA: 0 | Moderador: gemma2:2b
2026-04-18 14:05:19,933 [INFO] TOP SCORE: -0.21578800678253174
2026-04-18 14:05:19,933 [INFO] 📊 RAG: 0 tablas y 5 textos enviados al experto.
2026-04-18 14:05:21,957 [INFO] 📊 [DLB] Generando análisis técnico con qwen2.5:1.5b...
2026-04-18 14:05:21,957 [INFO] 📡 [PNM] Calculando recursos de red con deepseek-r1:1.5b...
2026-04-18 14:05:32,573 [INFO] 🔄 INICIANDO RONDA: 1 | Moderador: gemma2:2b
2026-04-18 14:05:34,217 [INFO] 📊 [DLB] Generando análisis técnico con qwen2.5:1.5b...
2026-04-18 14:05:34,217 [INFO] 📡 [PNM] Calculando recursos de red con deepseek-r1:1.5b...
2026-04-18 14:05:49,092 [INFO] 🔄 INICIANDO RONDA: 2 | Moderador: gemma2:2b
2026-04-18 14:05:51,345 [INFO] 📊 [DLB] Generando análisis técnico con qwen2.5:1.5b...
2026-04-18 14:05:51,345 [INFO] 📡 [PNM] Calculando recursos de red con deepseek-r1:1.5b...
2026-04-18 14:05:59,993 [INFO] 🔄 INICIANDO RONDA: 3 | Moderador: gemma2:2b
2026-04-18 14:06:02,055 [INFO] 📊 [DLB] Generando análisis técnico con qwen2.5:1.5b...
2026-04-18 14:06:02,055 [INFO] 📡 [PNM] Calculando recursos de red con deepseek-r1:1.5b...
2026-04-18 14:06:15,098 [INFO] 🔄 INICIANDO RONDA: 4 | Moderador: gemma2:2b
2026-04-18 14:06:16,869 [INFO] ⚖️ [MODERADOR] Generando respuesta consenso con gemma2:2b...
2026-04-18 14:06:36,806 [INFO]    ✅ Finalizado.
2026-04-18 14:06:37,812 [INFO] 👉 [37] Iniciando debate...
2026-04-18 14:06:37,812 [INFO] 🔄 INICIANDO RONDA: 0 | Moderador: gemma2:2b
2026-04-18 14:06:40,281 [INFO] TOP SCORE: -0.2235834300518036
2026-04-18 14:06:40,281 [INFO] 📊 RAG: 0 tablas y 5 textos enviados al experto.
2026-04-18 14:06:42,450 [INFO] 📊 [DLB] Generando análisis técnico con qwen2.5:1.5b...
2026-04-18 14:06:42,450 [INFO] 📡 [PNM] Calculando recursos de red con deepseek-r1:1.5b...
2026-04-18 14:06:51,635 [INFO] 🔄 INICIANDO RONDA: 1 | Moderador: gemma2:2b
2026-04-18 14:06:53,531 [INFO] 📊 [DLB] Generando análisis técnico con qwen2.5:1.5b...
2026-04-18 14:06:53,531 [INFO] 📡 [PNM] Calculando recursos de red con deepseek-r1:1.5b...
2026-04-18 14:07:03,010 [INFO] 🔄 INICIANDO RONDA: 2 | Moderador: gemma2:2b
2026-04-18 14:07:05,104 [INFO] 📊 [DLB] Generando análisis técnico con qwen2.5:1.5b...
2026-04-18 14:07:05,104 [INFO] 📡 [PNM] Calculando recursos de red con deepseek-r1:1.5b...
2026-04-18 14:07:15,750 [INFO] 🔄 INICIANDO RONDA: 3 | Moderador: gemma2:2b
2026-04-18 14:07:17,633 [INFO] 📊 [DLB] Generando análisis técnico con qwen2.5:1.5b...
2026-04-18 14:07:17,633 [INFO] 📡 [PNM] Calculando recursos de red con deepseek-r1:1.5b...
2026-04-18 14:07:26,545 [INFO] 🔄 INICIANDO RONDA: 4 | Moderador: gemma2:2b
2026-04-18 14:07:28,785 [INFO] ⚖️ [MODERADOR] Generando respuesta consenso con gemma2:2b...
2026-04-18 14:07:49,156 [INFO]    ✅ Finalizado.
2026-04-18 14:07:50,160 [INFO] 👉 [38] Iniciando debate...
2026-04-18 14:07:50,160 [INFO] 🔄 INICIANDO RONDA: 0 | Moderador: gemma2:2b
2026-04-18 14:07:52,489 [INFO] TOP SCORE: 2.5330612659454346
2026-04-18 14:07:52,489 [INFO] 📊 RAG: 0 tablas y 5 textos enviados al experto.
2026-04-18 14:07:54,679 [INFO] 📊 [DLB] Generando análisis técnico con qwen2.5:1.5b...
2026-04-18 14:07:54,679 [INFO] 📡 [PNM] Calculando recursos de red con deepseek-r1:1.5b...
2026-04-18 14:08:05,532 [INFO] 🔄 INICIANDO RONDA: 1 | Moderador: gemma2:2b
2026-04-18 14:08:07,675 [INFO] 📊 [DLB] Generando análisis técnico con qwen2.5:1.5b...
2026-04-18 14:08:07,675 [INFO] 📡 [PNM] Calculando recursos de red con deepseek-r1:1.5b...
2026-04-18 14:08:21,682 [INFO] 🔄 INICIANDO RONDA: 2 | Moderador: gemma2:2b
2026-04-18 14:08:24,019 [INFO] 📊 [DLB] Generando análisis técnico con qwen2.5:1.5b...
2026-04-18 14:08:24,019 [INFO] 📡 [PNM] Calculando recursos de red con deepseek-r1:1.5b...
2026-04-18 14:08:37,624 [INFO] 🔄 INICIANDO RONDA: 3 | Moderador: gemma2:2b
2026-04-18 14:08:39,820 [INFO] 📊 [DLB] Generando análisis técnico con qwen2.5:1.5b...
2026-04-18 14:08:39,820 [INFO] 📡 [PNM] Calculando recursos de red con deepseek-r1:1.5b...
2026-04-18 14:08:55,190 [INFO] 🔄 INICIANDO RONDA: 4 | Moderador: gemma2:2b
2026-04-18 14:08:57,372 [INFO] ⚖️ [MODERADOR] Generando respuesta consenso con gemma2:2b...
2026-04-18 14:09:20,837 [INFO]    ✅ Finalizado.
2026-04-18 14:09:21,843 [INFO] 👉 [39] Iniciando debate...
2026-04-18 14:09:21,843 [INFO] 🔄 INICIANDO RONDA: 0 | Moderador: gemma2:2b
2026-04-18 14:09:24,375 [INFO] TOP SCORE: -0.18465222418308258
2026-04-18 14:09:24,375 [INFO] 📊 RAG: 0 tablas y 5 textos enviados al experto.
2026-04-18 14:09:26,495 [INFO] 📊 [DLB] Generando análisis técnico con qwen2.5:1.5b...
2026-04-18 14:09:26,495 [INFO] 📡 [PNM] Calculando recursos de red con deepseek-r1:1.5b...
2026-04-18 14:09:33,840 [INFO] 🔄 INICIANDO RONDA: 1 | Moderador: gemma2:2b
2026-04-18 14:09:36,106 [INFO] 📊 [DLB] Generando análisis técnico con qwen2.5:1.5b...
2026-04-18 14:09:36,106 [INFO] 📡 [PNM] Calculando recursos de red con deepseek-r1:1.5b...
2026-04-18 14:09:46,870 [INFO] 🔄 INICIANDO RONDA: 2 | Moderador: gemma2:2b
2026-04-18 14:09:49,201 [INFO] 📊 [DLB] Generando análisis técnico con qwen2.5:1.5b...
2026-04-18 14:09:49,201 [INFO] 📡 [PNM] Calculando recursos de red con deepseek-r1:1.5b...
2026-04-18 14:10:00,306 [INFO] 🔄 INICIANDO RONDA: 3 | Moderador: gemma2:2b
2026-04-18 14:10:02,711 [INFO] 📊 [DLB] Generando análisis técnico con qwen2.5:1.5b...
2026-04-18 14:10:02,711 [INFO] 📡 [PNM] Calculando recursos de red con deepseek-r1:1.5b...
2026-04-18 14:10:16,891 [INFO] 🔄 INICIANDO RONDA: 4 | Moderador: gemma2:2b
2026-04-18 14:10:19,496 [INFO] ⚖️ [MODERADOR] Generando respuesta consenso con gemma2:2b...
2026-04-18 14:10:54,797 [INFO]    ✅ Finalizado.
2026-04-18 14:10:55,803 [INFO] 📁 Procesando archivo: a-wideband-high-gain-high-efficiency-hybrid-integrated-plate-array-antenna-for-v-band-inter-satellite-links_salida.txt
2026-04-18 14:10:55,803 [INFO] 👉 [40] Iniciando debate...
2026-04-18 14:10:55,803 [INFO] 🔄 INICIANDO RONDA: 0 | Moderador: gemma2:2b
2026-04-18 14:10:58,334 [INFO] TOP SCORE: 5.606832981109619
2026-04-18 14:10:58,334 [INFO] 📊 RAG: 0 tablas y 5 textos enviados al experto.
2026-04-18 14:11:00,914 [INFO] 📊 [DLB] Generando análisis técnico con qwen2.5:1.5b...
2026-04-18 14:11:00,914 [INFO] 📡 [PNM] Calculando recursos de red con deepseek-r1:1.5b...
2026-04-18 14:11:15,385 [INFO] 🔄 INICIANDO RONDA: 1 | Moderador: gemma2:2b
2026-04-18 14:11:17,647 [INFO] 📊 [DLB] Generando análisis técnico con qwen2.5:1.5b...
2026-04-18 14:11:17,647 [INFO] 📡 [PNM] Calculando recursos de red con deepseek-r1:1.5b...
2026-04-18 14:11:28,352 [INFO] 🔄 INICIANDO RONDA: 2 | Moderador: gemma2:2b
2026-04-18 14:11:30,124 [INFO] 📊 [DLB] Generando análisis técnico con qwen2.5:1.5b...
2026-04-18 14:11:30,124 [INFO] 📡 [PNM] Calculando recursos de red con deepseek-r1:1.5b...
2026-04-18 14:11:46,446 [INFO] 🔄 INICIANDO RONDA: 3 | Moderador: gemma2:2b
2026-04-18 14:11:48,660 [INFO] 📊 [DLB] Generando análisis técnico con qwen2.5:1.5b...
2026-04-18 14:11:48,660 [INFO] 📡 [PNM] Calculando recursos de red con deepseek-r1:1.5b...
2026-04-18 14:12:00,905 [INFO] 🔄 INICIANDO RONDA: 4 | Moderador: gemma2:2b
2026-04-18 14:12:03,374 [INFO] ⚖️ [MODERADOR] Generando respuesta consenso con gemma2:2b...
2026-04-18 14:12:26,511 [INFO]    ✅ Finalizado.
2026-04-18 14:12:27,520 [INFO] 👉 [41] Iniciando debate...
2026-04-18 14:12:27,520 [INFO] 🔄 INICIANDO RONDA: 0 | Moderador: gemma2:2b
2026-04-18 14:12:29,926 [INFO] TOP SCORE: 4.697839260101318
2026-04-18 14:12:29,926 [INFO] 📊 RAG: 0 tablas y 5 textos enviados al experto.
2026-04-18 14:12:32,433 [INFO] 📊 [DLB] Generando análisis técnico con qwen2.5:1.5b...
2026-04-18 14:12:32,433 [INFO] 📡 [PNM] Calculando recursos de red con deepseek-r1:1.5b...
2026-04-18 14:12:43,688 [INFO] 🔄 INICIANDO RONDA: 1 | Moderador: gemma2:2b
2026-04-18 14:12:45,703 [INFO] 📊 [DLB] Generando análisis técnico con qwen2.5:1.5b...
2026-04-18 14:12:45,703 [INFO] 📡 [PNM] Calculando recursos de red con deepseek-r1:1.5b...
2026-04-18 14:12:59,276 [INFO] 🔄 INICIANDO RONDA: 2 | Moderador: gemma2:2b
2026-04-18 14:13:01,114 [INFO] 📊 [DLB] Generando análisis técnico con qwen2.5:1.5b...
2026-04-18 14:13:01,114 [INFO] 📡 [PNM] Calculando recursos de red con deepseek-r1:1.5b...
2026-04-18 14:13:14,592 [INFO] 🔄 INICIANDO RONDA: 3 | Moderador: gemma2:2b
2026-04-18 14:13:17,072 [INFO] 📊 [DLB] Generando análisis técnico con qwen2.5:1.5b...
2026-04-18 14:13:17,072 [INFO] 📡 [PNM] Calculando recursos de red con deepseek-r1:1.5b...
2026-04-18 14:13:30,110 [INFO] 🔄 INICIANDO RONDA: 4 | Moderador: gemma2:2b
2026-04-18 14:13:32,035 [INFO] ⚖️ [MODERADOR] Generando respuesta consenso con gemma2:2b...
2026-04-18 14:13:51,620 [INFO]    ✅ Finalizado.
2026-04-18 14:13:52,629 [INFO] 👉 [42] Iniciando debate...
2026-04-18 14:13:52,629 [INFO] 🔄 INICIANDO RONDA: 0 | Moderador: gemma2:2b
2026-04-18 14:13:55,113 [INFO] TOP SCORE: 0.26210442185401917
2026-04-18 14:13:55,113 [INFO] 📊 RAG: 0 tablas y 5 textos enviados al experto.
2026-04-18 14:13:57,157 [INFO] 📊 [DLB] Generando análisis técnico con qwen2.5:1.5b...
2026-04-18 14:13:57,157 [INFO] 📡 [PNM] Calculando recursos de red con deepseek-r1:1.5b...
2026-04-18 14:14:07,728 [INFO] 🔄 INICIANDO RONDA: 1 | Moderador: gemma2:2b
2026-04-18 14:14:09,665 [INFO] 📊 [DLB] Generando análisis técnico con qwen2.5:1.5b...
2026-04-18 14:14:09,665 [INFO] 📡 [PNM] Calculando recursos de red con deepseek-r1:1.5b...
2026-04-18 14:14:22,447 [INFO] 🔄 INICIANDO RONDA: 2 | Moderador: gemma2:2b
2026-04-18 14:14:24,557 [INFO] 📊 [DLB] Generando análisis técnico con qwen2.5:1.5b...
2026-04-18 14:14:24,557 [INFO] 📡 [PNM] Calculando recursos de red con deepseek-r1:1.5b...
2026-04-18 14:14:37,787 [INFO] 🔄 INICIANDO RONDA: 3 | Moderador: gemma2:2b
2026-04-18 14:14:39,960 [INFO] 📊 [DLB] Generando análisis técnico con qwen2.5:1.5b...
2026-04-18 14:14:39,960 [INFO] 📡 [PNM] Calculando recursos de red con deepseek-r1:1.5b...
2026-04-18 14:14:51,906 [INFO] 🔄 INICIANDO RONDA: 4 | Moderador: gemma2:2b
2026-04-18 14:14:53,888 [INFO] ⚖️ [MODERADOR] Generando respuesta consenso con gemma2:2b...
2026-04-18 14:15:15,171 [INFO]    ✅ Finalizado.
2026-04-18 14:15:16,185 [INFO] 👉 [43] Iniciando debate...
2026-04-18 14:15:16,185 [INFO] 🔄 INICIANDO RONDA: 0 | Moderador: gemma2:2b
2026-04-18 14:15:18,576 [INFO] TOP SCORE: -1.7766869068145752
2026-04-18 14:15:18,576 [INFO] 📊 RAG: 0 tablas y 5 textos enviados al experto.
2026-04-18 14:15:20,639 [INFO] 📊 [DLB] Generando análisis técnico con qwen2.5:1.5b...
2026-04-18 14:15:20,639 [INFO] 📡 [PNM] Calculando recursos de red con deepseek-r1:1.5b...
2026-04-18 14:15:32,743 [INFO] 🔄 INICIANDO RONDA: 1 | Moderador: gemma2:2b
2026-04-18 14:15:35,459 [INFO] 📊 [DLB] Generando análisis técnico con qwen2.5:1.5b...
2026-04-18 14:15:35,459 [INFO] 📡 [PNM] Calculando recursos de red con deepseek-r1:1.5b...
2026-04-18 14:15:51,664 [INFO] 🔄 INICIANDO RONDA: 2 | Moderador: gemma2:2b
2026-04-18 14:15:54,208 [INFO] 📊 [DLB] Generando análisis técnico con qwen2.5:1.5b...
2026-04-18 14:15:54,208 [INFO] 📡 [PNM] Calculando recursos de red con deepseek-r1:1.5b...
2026-04-18 14:16:05,513 [INFO] 🔄 INICIANDO RONDA: 3 | Moderador: gemma2:2b
2026-04-18 14:16:07,688 [INFO] 📊 [DLB] Generando análisis técnico con qwen2.5:1.5b...
2026-04-18 14:16:07,688 [INFO] 📡 [PNM] Calculando recursos de red con deepseek-r1:1.5b...
2026-04-18 14:16:19,504 [INFO] 🔄 INICIANDO RONDA: 4 | Moderador: gemma2:2b
2026-04-18 14:16:21,500 [INFO] ⚖️ [MODERADOR] Generando respuesta consenso con gemma2:2b...
2026-04-18 14:16:42,616 [INFO]    ✅ Finalizado.
2026-04-18 14:16:43,630 [INFO] 👉 [44] Iniciando debate...
2026-04-18 14:16:43,630 [INFO] 🔄 INICIANDO RONDA: 0 | Moderador: gemma2:2b
2026-04-18 14:16:46,098 [INFO] TOP SCORE: -0.48244673013687134
2026-04-18 14:16:46,098 [INFO] 📊 RAG: 0 tablas y 5 textos enviados al experto.
2026-04-18 14:16:48,342 [INFO] 📊 [DLB] Generando análisis técnico con qwen2.5:1.5b...
2026-04-18 14:16:48,342 [INFO] 📡 [PNM] Calculando recursos de red con deepseek-r1:1.5b...
2026-04-18 14:16:56,104 [INFO] 🔄 INICIANDO RONDA: 1 | Moderador: gemma2:2b
2026-04-18 14:16:57,794 [INFO] 📊 [DLB] Generando análisis técnico con qwen2.5:1.5b...
2026-04-18 14:16:57,794 [INFO] 📡 [PNM] Calculando recursos de red con deepseek-r1:1.5b...
2026-04-18 14:17:07,177 [INFO] 🔄 INICIANDO RONDA: 2 | Moderador: gemma2:2b
2026-04-18 14:17:09,130 [INFO] 📊 [DLB] Generando análisis técnico con qwen2.5:1.5b...
2026-04-18 14:17:09,130 [INFO] 📡 [PNM] Calculando recursos de red con deepseek-r1:1.5b...
2026-04-18 14:17:21,910 [INFO] 🔄 INICIANDO RONDA: 3 | Moderador: gemma2:2b
2026-04-18 14:17:24,574 [INFO] 📊 [DLB] Generando análisis técnico con qwen2.5:1.5b...
2026-04-18 14:17:24,574 [INFO] 📡 [PNM] Calculando recursos de red con deepseek-r1:1.5b...
2026-04-18 14:17:35,431 [INFO] 🔄 INICIANDO RONDA: 4 | Moderador: gemma2:2b
2026-04-18 14:17:37,903 [INFO] ⚖️ [MODERADOR] Generando respuesta consenso con gemma2:2b...
2026-04-18 14:18:01,828 [INFO]    ✅ Finalizado.
2026-04-18 14:18:02,834 [INFO] 👉 [45] Iniciando debate...
2026-04-18 14:18:02,834 [INFO] 🔄 INICIANDO RONDA: 0 | Moderador: gemma2:2b
2026-04-18 14:18:05,209 [INFO] TOP SCORE: -0.6884428262710571
2026-04-18 14:18:05,209 [INFO] 📊 RAG: 1 tablas y 5 textos enviados al experto.
2026-04-18 14:18:07,709 [INFO] 📊 [DLB] Generando análisis técnico con qwen2.5:1.5b...
2026-04-18 14:18:07,709 [INFO] 📡 [PNM] Calculando recursos de red con deepseek-r1:1.5b...
2026-04-18 14:18:16,490 [INFO] 🔄 INICIANDO RONDA: 1 | Moderador: gemma2:2b
2026-04-18 14:18:18,571 [INFO] 📊 [DLB] Generando análisis técnico con qwen2.5:1.5b...
2026-04-18 14:18:18,571 [INFO] 📡 [PNM] Calculando recursos de red con deepseek-r1:1.5b...
2026-04-18 14:18:28,739 [INFO] 🔄 INICIANDO RONDA: 2 | Moderador: gemma2:2b
2026-04-18 14:18:30,486 [INFO] 📊 [DLB] Generando análisis técnico con qwen2.5:1.5b...
2026-04-18 14:18:30,486 [INFO] 📡 [PNM] Calculando recursos de red con deepseek-r1:1.5b...
2026-04-18 14:18:42,694 [INFO] 🔄 INICIANDO RONDA: 3 | Moderador: gemma2:2b
2026-04-18 14:18:44,909 [INFO] 📊 [DLB] Generando análisis técnico con qwen2.5:1.5b...
2026-04-18 14:18:44,909 [INFO] 📡 [PNM] Calculando recursos de red con deepseek-r1:1.5b...
2026-04-18 14:18:54,502 [INFO] 🔄 INICIANDO RONDA: 4 | Moderador: gemma2:2b
2026-04-18 14:18:56,606 [INFO] ⚖️ [MODERADOR] Generando respuesta consenso con gemma2:2b...
2026-04-18 14:19:18,060 [INFO]    ✅ Finalizado.
2026-04-18 14:19:19,074 [INFO] 👉 [46] Iniciando debate...
2026-04-18 14:19:19,074 [INFO] 🔄 INICIANDO RONDA: 0 | Moderador: gemma2:2b
2026-04-18 14:19:21,512 [INFO] TOP SCORE: -0.5709457993507385
2026-04-18 14:19:21,512 [INFO] 📊 RAG: 0 tablas y 5 textos enviados al experto.
2026-04-18 14:19:23,632 [INFO] 📊 [DLB] Generando análisis técnico con qwen2.5:1.5b...
2026-04-18 14:19:23,632 [INFO] 📡 [PNM] Calculando recursos de red con deepseek-r1:1.5b...
2026-04-18 14:19:33,180 [INFO] 🔄 INICIANDO RONDA: 1 | Moderador: gemma2:2b
2026-04-18 14:19:35,044 [INFO] 📊 [DLB] Generando análisis técnico con qwen2.5:1.5b...
2026-04-18 14:19:35,044 [INFO] 📡 [PNM] Calculando recursos de red con deepseek-r1:1.5b...
2026-04-18 14:19:45,180 [INFO] 🔄 INICIANDO RONDA: 2 | Moderador: gemma2:2b
2026-04-18 14:19:46,905 [INFO] 📊 [DLB] Generando análisis técnico con qwen2.5:1.5b...
2026-04-18 14:19:46,905 [INFO] 📡 [PNM] Calculando recursos de red con deepseek-r1:1.5b...
2026-04-18 14:19:57,616 [INFO] 🔄 INICIANDO RONDA: 3 | Moderador: gemma2:2b
2026-04-18 14:19:59,573 [INFO] 📊 [DLB] Generando análisis técnico con qwen2.5:1.5b...
2026-04-18 14:19:59,573 [INFO] 📡 [PNM] Calculando recursos de red con deepseek-r1:1.5b...
2026-04-18 14:20:10,671 [INFO] 🔄 INICIANDO RONDA: 4 | Moderador: gemma2:2b
2026-04-18 14:20:12,545 [INFO] ⚖️ [MODERADOR] Generando respuesta consenso con gemma2:2b...
2026-04-18 14:20:33,322 [INFO]    ✅ Finalizado.
2026-04-18 14:20:34,324 [INFO] 📁 Procesando archivo: aeronautical-ad-hoc-networking-for-the-internet-above-the-clouds_salida.txt
2026-04-18 14:20:34,324 [INFO] 👉 [47] Iniciando debate...
2026-04-18 14:20:34,324 [INFO] 🔄 INICIANDO RONDA: 0 | Moderador: gemma2:2b
2026-04-18 14:20:36,840 [INFO] TOP SCORE: 1.8059589862823486
2026-04-18 14:20:36,840 [INFO] 📊 RAG: 0 tablas y 5 textos enviados al experto.
2026-04-18 14:20:38,779 [INFO] 📊 [DLB] Generando análisis técnico con qwen2.5:1.5b...
2026-04-18 14:20:38,779 [INFO] 📡 [PNM] Calculando recursos de red con deepseek-r1:1.5b...
2026-04-18 14:20:53,943 [INFO] 🔄 INICIANDO RONDA: 1 | Moderador: gemma2:2b
2026-04-18 14:20:56,053 [INFO] 📊 [DLB] Generando análisis técnico con qwen2.5:1.5b...
2026-04-18 14:20:56,053 [INFO] 📡 [PNM] Calculando recursos de red con deepseek-r1:1.5b...
2026-04-18 14:21:07,102 [INFO] 🔄 INICIANDO RONDA: 2 | Moderador: gemma2:2b
2026-04-18 14:21:09,075 [INFO] 📊 [DLB] Generando análisis técnico con qwen2.5:1.5b...
2026-04-18 14:21:09,075 [INFO] 📡 [PNM] Calculando recursos de red con deepseek-r1:1.5b...
2026-04-18 14:21:24,184 [INFO] 🔄 INICIANDO RONDA: 3 | Moderador: gemma2:2b
2026-04-18 14:21:26,501 [INFO] 📊 [DLB] Generando análisis técnico con qwen2.5:1.5b...
2026-04-18 14:21:26,501 [INFO] 📡 [PNM] Calculando recursos de red con deepseek-r1:1.5b...
2026-04-18 14:21:41,859 [INFO] 🔄 INICIANDO RONDA: 4 | Moderador: gemma2:2b
2026-04-18 14:21:44,503 [INFO] ⚖️ [MODERADOR] Generando respuesta consenso con gemma2:2b...
2026-04-18 14:22:08,844 [INFO]    ✅ Finalizado.
2026-04-18 14:22:09,856 [INFO] 👉 [48] Iniciando debate...
2026-04-18 14:22:09,856 [INFO] 🔄 INICIANDO RONDA: 0 | Moderador: gemma2:2b
2026-04-18 14:22:12,230 [INFO] TOP SCORE: 0.2539190351963043
2026-04-18 14:22:12,230 [INFO] 📊 RAG: 0 tablas y 5 textos enviados al experto.
2026-04-18 14:22:14,170 [INFO] 📊 [DLB] Generando análisis técnico con qwen2.5:1.5b...
2026-04-18 14:22:14,171 [INFO] 📡 [PNM] Calculando recursos de red con deepseek-r1:1.5b...
2026-04-18 14:22:33,366 [INFO] 🔄 INICIANDO RONDA: 1 | Moderador: gemma2:2b
2026-04-18 14:22:35,472 [INFO] 📊 [DLB] Generando análisis técnico con qwen2.5:1.5b...
2026-04-18 14:22:35,472 [INFO] 📡 [PNM] Calculando recursos de red con deepseek-r1:1.5b...
2026-04-18 14:22:50,845 [INFO] 🔄 INICIANDO RONDA: 2 | Moderador: gemma2:2b
2026-04-18 14:22:52,959 [INFO] 📊 [DLB] Generando análisis técnico con qwen2.5:1.5b...
2026-04-18 14:22:52,959 [INFO] 📡 [PNM] Calculando recursos de red con deepseek-r1:1.5b...
2026-04-18 14:23:07,615 [INFO] 🔄 INICIANDO RONDA: 3 | Moderador: gemma2:2b
2026-04-18 14:23:11,060 [INFO] 📊 [DLB] Generando análisis técnico con qwen2.5:1.5b...
2026-04-18 14:23:11,060 [INFO] 📡 [PNM] Calculando recursos de red con deepseek-r1:1.5b...
2026-04-18 14:23:23,798 [INFO] 🔄 INICIANDO RONDA: 4 | Moderador: gemma2:2b
2026-04-18 14:23:26,271 [INFO] ⚖️ [MODERADOR] Generando respuesta consenso con gemma2:2b...
2026-04-18 14:23:53,238 [INFO]    ✅ Finalizado.
2026-04-18 14:23:54,244 [INFO] 👉 [49] Iniciando debate...
2026-04-18 14:23:54,244 [INFO] 🔄 INICIANDO RONDA: 0 | Moderador: gemma2:2b
2026-04-18 14:23:56,728 [INFO] TOP SCORE: -0.15298324823379517
2026-04-18 14:23:56,728 [INFO] 📊 RAG: 0 tablas y 5 textos enviados al experto.
2026-04-18 14:23:59,212 [INFO] 📊 [DLB] Generando análisis técnico con qwen2.5:1.5b...
2026-04-18 14:23:59,214 [INFO] 📡 [PNM] Calculando recursos de red con deepseek-r1:1.5b...
2026-04-18 14:24:15,693 [INFO] 🔄 INICIANDO RONDA: 1 | Moderador: gemma2:2b
2026-04-18 14:24:17,962 [INFO] 📊 [DLB] Generando análisis técnico con qwen2.5:1.5b...
2026-04-18 14:24:17,962 [INFO] 📡 [PNM] Calculando recursos de red con deepseek-r1:1.5b...
2026-04-18 14:24:29,224 [INFO] 🔄 INICIANDO RONDA: 2 | Moderador: gemma2:2b
2026-04-18 14:24:31,400 [INFO] 📊 [DLB] Generando análisis técnico con qwen2.5:1.5b...
2026-04-18 14:24:31,400 [INFO] 📡 [PNM] Calculando recursos de red con deepseek-r1:1.5b...
2026-04-18 14:24:46,919 [INFO] 🔄 INICIANDO RONDA: 3 | Moderador: gemma2:2b
2026-04-18 14:24:49,646 [INFO] 📊 [DLB] Generando análisis técnico con qwen2.5:1.5b...
2026-04-18 14:24:49,646 [INFO] 📡 [PNM] Calculando recursos de red con deepseek-r1:1.5b...
2026-04-18 14:25:04,001 [INFO] 🔄 INICIANDO RONDA: 4 | Moderador: gemma2:2b
2026-04-18 14:25:06,466 [INFO] ⚖️ [MODERADOR] Generando respuesta consenso con gemma2:2b...
2026-04-18 14:25:27,650 [INFO]    ✅ Finalizado.
2026-04-18 14:25:28,657 [INFO] 👉 [50] Iniciando debate...
2026-04-18 14:25:28,657 [INFO] 🔄 INICIANDO RONDA: 0 | Moderador: gemma2:2b
2026-04-18 14:25:31,189 [INFO] TOP SCORE: -2.808699369430542
2026-04-18 14:25:31,189 [INFO] 📊 RAG: 0 tablas y 5 textos enviados al experto.
2026-04-18 14:25:33,333 [INFO] 📊 [DLB] Generando análisis técnico con qwen2.5:1.5b...
2026-04-18 14:25:33,333 [INFO] 📡 [PNM] Calculando recursos de red con deepseek-r1:1.5b...
2026-04-18 14:25:48,602 [INFO] 🔄 INICIANDO RONDA: 1 | Moderador: gemma2:2b
2026-04-18 14:25:50,426 [INFO] 📊 [DLB] Generando análisis técnico con qwen2.5:1.5b...
2026-04-18 14:25:50,426 [INFO] 📡 [PNM] Calculando recursos de red con deepseek-r1:1.5b...
2026-04-18 14:26:02,140 [INFO] 🔄 INICIANDO RONDA: 2 | Moderador: gemma2:2b
2026-04-18 14:26:04,425 [INFO] 📊 [DLB] Generando análisis técnico con qwen2.5:1.5b...
2026-04-18 14:26:04,425 [INFO] 📡 [PNM] Calculando recursos de red con deepseek-r1:1.5b...
2026-04-18 14:26:17,712 [INFO] 🔄 INICIANDO RONDA: 3 | Moderador: gemma2:2b
2026-04-18 14:26:20,143 [INFO] 📊 [DLB] Generando análisis técnico con qwen2.5:1.5b...
2026-04-18 14:26:20,143 [INFO] 📡 [PNM] Calculando recursos de red con deepseek-r1:1.5b...
2026-04-18 14:26:33,190 [INFO] 🔄 INICIANDO RONDA: 4 | Moderador: gemma2:2b
2026-04-18 14:26:35,716 [INFO] ⚖️ [MODERADOR] Generando respuesta consenso con gemma2:2b...
2026-04-18 14:26:59,198 [INFO]    ✅ Finalizado.
2026-04-18 14:27:00,204 [INFO] 🛑 Límite de 51 preguntas alcanzado. Deteniendo...
2026-04-18 14:32:20,440 [INFO] 📁 Procesando archivo: a-compact-low-noise-frontend-for-interleaved-rx-tx-arrays-at-k-ka-band_salida.txt
2026-04-18 14:32:20,440 [INFO] 📁 Procesando archivo: a-compact-lowpass-filter-for-satellite-communication-systems-based-on-transfer-function-analysis_salida.txt
2026-04-18 14:32:20,440 [INFO] 📁 Procesando archivo: a-framework-to-classify-heterogeneous-internet-traffic-with-machine-learning-and-deep-learning-techniques-for-satellite-communications_salida.txt
2026-04-18 14:32:20,440 [INFO] 📁 Procesando archivo: a-ka-band-satcom-transceiver-in-65-nm-cmos-with-high-linearity-tx-and-dual-channel-wide-dynamic-range-rx-for-terrestrial-terminal_salida.txt
2026-04-18 14:32:20,440 [INFO] 📁 Procesando archivo: a-lagrangian-heuristic-for-satellite-range-scheduling-with-resource-constraints_salida.txt
2026-04-18 14:32:20,440 [INFO] 📁 Procesando archivo: a-novel-dual-polarized-continuous-transverse-stub-antenna-based-on-corrugated-waveguides-part-ii-experimental-demonstration_salida.txt
2026-04-18 14:32:20,440 [INFO] 📁 Procesando archivo: a-reflector-antenna-concept-robust-against-feed-failures-for-satellite-communications_salida.txt
2026-04-18 14:32:20,440 [INFO] 👉 [31] Iniciando debate...
2026-04-18 14:32:20,455 [INFO] 🔄 INICIANDO RONDA: 0 | Moderador: llama3.3:70b
2026-04-18 14:32:22,940 [INFO] TOP SCORE: 5.374831199645996
2026-04-18 14:32:22,940 [INFO] 📊 RAG: 0 tablas y 5 textos enviados al experto.
2026-04-18 14:33:28,301 [INFO] 📊 [DLB] Generando análisis técnico con deepseek-r1:70b...
2026-04-18 14:33:28,302 [INFO] 📡 [PNM] Calculando recursos de red con qwen2.5:72b...
2026-04-18 14:38:29,466 [INFO] 🔄 INICIANDO RONDA: 1 | Moderador: llama3.3:70b
2026-04-18 14:39:29,168 [INFO] 📊 [DLB] Generando análisis técnico con deepseek-r1:70b...
2026-04-18 14:39:29,169 [INFO] 📡 [PNM] Calculando recursos de red con qwen2.5:72b...
2026-04-18 14:44:08,517 [INFO] 🔄 INICIANDO RONDA: 2 | Moderador: llama3.3:70b
2026-04-18 14:45:08,954 [INFO] 📊 [DLB] Generando análisis técnico con deepseek-r1:70b...
2026-04-18 14:45:08,955 [INFO] 📡 [PNM] Calculando recursos de red con qwen2.5:72b...
2026-04-18 14:49:21,482 [INFO] 🔄 INICIANDO RONDA: 3 | Moderador: llama3.3:70b
2026-04-18 14:50:19,499 [INFO] 📊 [DLB] Generando análisis técnico con deepseek-r1:70b...
2026-04-18 14:50:19,499 [INFO] 📡 [PNM] Calculando recursos de red con qwen2.5:72b...
2026-04-18 14:54:16,225 [INFO] 🔄 INICIANDO RONDA: 4 | Moderador: llama3.3:70b
2026-04-18 14:55:12,724 [INFO] ⚖️ [MODERADOR] Generando respuesta consenso con llama3.3:70b...
2026-04-18 14:56:43,919 [INFO]    ✅ Finalizado.
2026-04-18 14:56:44,922 [INFO] 👉 [32] Iniciando debate...
2026-04-18 14:56:44,922 [INFO] 🔄 INICIANDO RONDA: 0 | Moderador: llama3.3:70b
2026-04-18 14:56:47,362 [INFO] TOP SCORE: 3.062441349029541
2026-04-18 14:56:47,362 [INFO] 📊 RAG: 1 tablas y 5 textos enviados al experto.
2026-04-18 14:57:48,116 [INFO] 📊 [DLB] Generando análisis técnico con deepseek-r1:70b...
2026-04-18 14:57:48,117 [INFO] 📡 [PNM] Calculando recursos de red con qwen2.5:72b...
2026-04-18 15:02:11,061 [INFO] 🔄 INICIANDO RONDA: 1 | Moderador: llama3.3:70b
2026-04-18 15:03:09,876 [INFO] 📊 [DLB] Generando análisis técnico con deepseek-r1:70b...
2026-04-18 15:03:09,876 [INFO] 📡 [PNM] Calculando recursos de red con qwen2.5:72b...
2026-04-18 15:07:39,231 [INFO] 🔄 INICIANDO RONDA: 2 | Moderador: llama3.3:70b
2026-04-18 15:08:34,835 [INFO] 📊 [DLB] Generando análisis técnico con deepseek-r1:70b...
2026-04-18 15:08:34,835 [INFO] 📡 [PNM] Calculando recursos de red con qwen2.5:72b...
2026-04-18 15:12:49,356 [INFO] 🔄 INICIANDO RONDA: 3 | Moderador: llama3.3:70b
2026-04-18 15:13:50,521 [INFO] 📊 [DLB] Generando análisis técnico con deepseek-r1:70b...
2026-04-18 15:13:50,521 [INFO] 📡 [PNM] Calculando recursos de red con qwen2.5:72b...
2026-04-18 15:17:45,949 [INFO] 🔄 INICIANDO RONDA: 4 | Moderador: llama3.3:70b
2026-04-18 15:18:42,154 [INFO] ⚖️ [MODERADOR] Generando respuesta consenso con llama3.3:70b...
2026-04-18 15:20:12,539 [INFO]    ✅ Finalizado.
2026-04-18 15:20:13,542 [INFO] 📁 Procesando archivo: a-survey-on-communication-networks-for-electric-system-automation_salida.txt
2026-04-18 15:20:13,543 [INFO] 👉 [33] Iniciando debate...
2026-04-18 15:20:13,544 [INFO] 🔄 INICIANDO RONDA: 0 | Moderador: llama3.3:70b
2026-04-18 15:20:15,996 [INFO] TOP SCORE: 2.7645535469055176
2026-04-18 15:20:15,996 [INFO] 📊 RAG: 0 tablas y 5 textos enviados al experto.
2026-04-18 15:21:15,114 [INFO] 📊 [DLB] Generando análisis técnico con deepseek-r1:70b...
2026-04-18 15:21:15,114 [INFO] 📡 [PNM] Calculando recursos de red con qwen2.5:72b...
2026-04-18 15:26:36,718 [INFO] 🔄 INICIANDO RONDA: 1 | Moderador: llama3.3:70b
2026-04-18 15:27:34,449 [INFO] 📊 [DLB] Generando análisis técnico con deepseek-r1:70b...
2026-04-18 15:27:34,449 [INFO] 📡 [PNM] Calculando recursos de red con qwen2.5:72b...
2026-04-18 15:33:15,888 [INFO] 🔄 INICIANDO RONDA: 2 | Moderador: llama3.3:70b
2026-04-18 15:34:18,760 [INFO] 📊 [DLB] Generando análisis técnico con deepseek-r1:70b...
2026-04-18 15:34:18,761 [INFO] 📡 [PNM] Calculando recursos de red con qwen2.5:72b...
2026-04-18 15:38:48,811 [INFO] 🔄 INICIANDO RONDA: 3 | Moderador: llama3.3:70b
2026-04-18 15:39:51,362 [INFO] 📊 [DLB] Generando análisis técnico con deepseek-r1:70b...
2026-04-18 15:39:51,363 [INFO] 📡 [PNM] Calculando recursos de red con qwen2.5:72b...
2026-04-18 15:45:37,288 [INFO] 🔄 INICIANDO RONDA: 4 | Moderador: llama3.3:70b
2026-04-18 15:46:42,231 [INFO] ⚖️ [MODERADOR] Generando respuesta consenso con llama3.3:70b...
2026-04-18 15:48:18,253 [INFO]    ✅ Finalizado.
2026-04-18 15:48:19,260 [INFO] 👉 [34] Iniciando debate...
2026-04-18 15:48:19,260 [INFO] 🔄 INICIANDO RONDA: 0 | Moderador: llama3.3:70b
2026-04-18 15:48:21,746 [INFO] TOP SCORE: 1.5483540296554565
2026-04-18 15:48:21,746 [INFO] 📊 RAG: 0 tablas y 5 textos enviados al experto.
2026-04-18 15:49:24,998 [INFO] 📊 [DLB] Generando análisis técnico con deepseek-r1:70b...
2026-04-18 15:49:24,999 [INFO] 📡 [PNM] Calculando recursos de red con qwen2.5:72b...
2026-04-18 15:52:51,483 [INFO] 🔄 INICIANDO RONDA: 1 | Moderador: llama3.3:70b
2026-04-18 15:53:45,324 [INFO] 📊 [DLB] Generando análisis técnico con deepseek-r1:70b...
2026-04-18 15:53:45,324 [INFO] 📡 [PNM] Calculando recursos de red con qwen2.5:72b...
2026-04-18 15:57:17,448 [INFO] 🔄 INICIANDO RONDA: 2 | Moderador: llama3.3:70b
2026-04-18 15:58:14,000 [INFO] 📊 [DLB] Generando análisis técnico con deepseek-r1:70b...
2026-04-18 15:58:14,001 [INFO] 📡 [PNM] Calculando recursos de red con qwen2.5:72b...
2026-04-18 16:05:22,895 [INFO] 🔄 INICIANDO RONDA: 3 | Moderador: llama3.3:70b
2026-04-18 16:06:21,608 [INFO] 📊 [DLB] Generando análisis técnico con deepseek-r1:70b...
2026-04-18 16:06:21,608 [INFO] 📡 [PNM] Calculando recursos de red con qwen2.5:72b...
2026-04-18 16:10:38,051 [INFO] 🔄 INICIANDO RONDA: 4 | Moderador: llama3.3:70b
2026-04-18 16:11:35,699 [INFO] ⚖️ [MODERADOR] Generando respuesta consenso con llama3.3:70b...
2026-04-18 16:13:01,719 [INFO]    ✅ Finalizado.
2026-04-18 16:13:02,720 [INFO] 👉 [35] Iniciando debate...
2026-04-18 16:13:02,720 [INFO] 🔄 INICIANDO RONDA: 0 | Moderador: llama3.3:70b
2026-04-18 16:13:05,160 [INFO] TOP SCORE: 1.5450719594955444
2026-04-18 16:13:05,160 [INFO] 📊 RAG: 0 tablas y 5 textos enviados al experto.
2026-04-18 16:14:05,472 [INFO] 📊 [DLB] Generando análisis técnico con deepseek-r1:70b...
2026-04-18 16:14:05,473 [INFO] 📡 [PNM] Calculando recursos de red con qwen2.5:72b...
2026-04-18 16:18:03,461 [INFO] 🔄 INICIANDO RONDA: 1 | Moderador: llama3.3:70b
2026-04-18 16:19:01,711 [INFO] 📊 [DLB] Generando análisis técnico con deepseek-r1:70b...
2026-04-18 16:19:01,712 [INFO] 📡 [PNM] Calculando recursos de red con qwen2.5:72b...
2026-04-18 16:23:00,717 [INFO] 🔄 INICIANDO RONDA: 2 | Moderador: llama3.3:70b
2026-04-18 16:23:58,260 [INFO] 📊 [DLB] Generando análisis técnico con deepseek-r1:70b...
2026-04-18 16:23:58,261 [INFO] 📡 [PNM] Calculando recursos de red con qwen2.5:72b...
2026-04-18 16:27:49,053 [INFO] 🔄 INICIANDO RONDA: 3 | Moderador: llama3.3:70b
2026-04-18 16:28:46,883 [INFO] 📊 [DLB] Generando análisis técnico con deepseek-r1:70b...
2026-04-18 16:28:46,884 [INFO] 📡 [PNM] Calculando recursos de red con qwen2.5:72b...
2026-04-18 16:34:44,613 [INFO] 🔄 INICIANDO RONDA: 4 | Moderador: llama3.3:70b
2026-04-18 16:35:43,574 [INFO] ⚖️ [MODERADOR] Generando respuesta consenso con llama3.3:70b...
2026-04-18 16:37:14,349 [INFO]    ✅ Finalizado.
2026-04-18 16:37:15,358 [INFO] 👉 [36] Iniciando debate...
2026-04-18 16:37:15,358 [INFO] 🔄 INICIANDO RONDA: 0 | Moderador: llama3.3:70b
2026-04-18 16:37:17,782 [INFO] TOP SCORE: -0.21578800678253174
2026-04-18 16:37:17,782 [INFO] 📊 RAG: 0 tablas y 5 textos enviados al experto.
2026-04-18 16:38:18,788 [INFO] 📊 [DLB] Generando análisis técnico con deepseek-r1:70b...
2026-04-18 16:38:18,789 [INFO] 📡 [PNM] Calculando recursos de red con qwen2.5:72b...
2026-04-18 16:41:57,494 [INFO] 🔄 INICIANDO RONDA: 1 | Moderador: llama3.3:70b
2026-04-18 16:42:51,493 [INFO] 📊 [DLB] Generando análisis técnico con deepseek-r1:70b...
2026-04-18 16:42:51,494 [INFO] 📡 [PNM] Calculando recursos de red con qwen2.5:72b...
2026-04-18 16:47:16,121 [INFO] 🔄 INICIANDO RONDA: 2 | Moderador: llama3.3:70b
2026-04-18 16:48:14,517 [INFO] 📊 [DLB] Generando análisis técnico con deepseek-r1:70b...
2026-04-18 16:48:14,517 [INFO] 📡 [PNM] Calculando recursos de red con qwen2.5:72b...
2026-04-18 16:54:03,553 [INFO] 🔄 INICIANDO RONDA: 3 | Moderador: llama3.3:70b
2026-04-18 16:55:03,235 [INFO] 📊 [DLB] Generando análisis técnico con deepseek-r1:70b...
2026-04-18 16:55:03,236 [INFO] 📡 [PNM] Calculando recursos de red con qwen2.5:72b...
2026-04-18 17:00:44,214 [INFO] 🔄 INICIANDO RONDA: 4 | Moderador: llama3.3:70b
2026-04-18 17:01:44,154 [INFO] ⚖️ [MODERADOR] Generando respuesta consenso con llama3.3:70b...
2026-04-18 17:03:33,974 [INFO]    ✅ Finalizado.
2026-04-18 17:03:34,979 [INFO] 👉 [37] Iniciando debate...
2026-04-18 17:03:34,982 [INFO] 🔄 INICIANDO RONDA: 0 | Moderador: llama3.3:70b
2026-04-18 17:03:37,467 [INFO] TOP SCORE: -0.2235834300518036
2026-04-18 17:03:37,467 [INFO] 📊 RAG: 0 tablas y 5 textos enviados al experto.
2026-04-18 17:04:37,744 [INFO] 📊 [DLB] Generando análisis técnico con deepseek-r1:70b...
2026-04-18 17:04:37,745 [INFO] 📡 [PNM] Calculando recursos de red con qwen2.5:72b...
2026-04-18 17:08:59,747 [INFO] 🔄 INICIANDO RONDA: 1 | Moderador: llama3.3:70b
2026-04-18 17:09:56,581 [INFO] 📊 [DLB] Generando análisis técnico con deepseek-r1:70b...
2026-04-18 17:09:56,582 [INFO] 📡 [PNM] Calculando recursos de red con qwen2.5:72b...
2026-04-18 17:15:04,946 [INFO] 🔄 INICIANDO RONDA: 2 | Moderador: llama3.3:70b
2026-04-18 17:16:04,940 [INFO] 📊 [DLB] Generando análisis técnico con deepseek-r1:70b...
2026-04-18 17:16:04,940 [INFO] 📡 [PNM] Calculando recursos de red con qwen2.5:72b...
2026-04-18 17:20:58,654 [INFO] 🔄 INICIANDO RONDA: 3 | Moderador: llama3.3:70b
2026-04-18 17:21:59,864 [INFO] 📊 [DLB] Generando análisis técnico con deepseek-r1:70b...
2026-04-18 17:21:59,865 [INFO] 📡 [PNM] Calculando recursos de red con qwen2.5:72b...
2026-04-18 17:27:27,471 [INFO] 🔄 INICIANDO RONDA: 4 | Moderador: llama3.3:70b
2026-04-18 17:28:25,533 [INFO] ⚖️ [MODERADOR] Generando respuesta consenso con llama3.3:70b...
2026-04-18 17:29:58,198 [INFO]    ✅ Finalizado.
2026-04-18 17:29:59,201 [INFO] 👉 [38] Iniciando debate...
2026-04-18 17:29:59,201 [INFO] 🔄 INICIANDO RONDA: 0 | Moderador: llama3.3:70b
2026-04-18 17:30:01,640 [INFO] TOP SCORE: 2.5330612659454346
2026-04-18 17:30:01,640 [INFO] 📊 RAG: 0 tablas y 5 textos enviados al experto.
2026-04-18 17:31:02,254 [INFO] 📊 [DLB] Generando análisis técnico con deepseek-r1:70b...
2026-04-18 17:31:02,255 [INFO] 📡 [PNM] Calculando recursos de red con qwen2.5:72b...
2026-04-18 17:36:10,127 [INFO] 🔄 INICIANDO RONDA: 1 | Moderador: llama3.3:70b
2026-04-18 17:37:09,922 [INFO] 📊 [DLB] Generando análisis técnico con deepseek-r1:70b...
2026-04-18 17:37:09,922 [INFO] 📡 [PNM] Calculando recursos de red con qwen2.5:72b...
2026-04-18 17:42:48,745 [INFO] 🔄 INICIANDO RONDA: 2 | Moderador: llama3.3:70b
2026-04-18 17:43:54,254 [INFO] 📊 [DLB] Generando análisis técnico con deepseek-r1:70b...
2026-04-18 17:43:54,254 [INFO] 📡 [PNM] Calculando recursos de red con qwen2.5:72b...
2026-04-18 17:58:54,268 [INFO] 🔄 INICIANDO RONDA: 3 | Moderador: llama3.3:70b
2026-04-18 18:13:54,275 [INFO] 📊 [DLB] Generando análisis técnico con deepseek-r1:70b...
2026-04-18 18:13:54,275 [INFO] 📡 [PNM] Calculando recursos de red con qwen2.5:72b...
2026-04-18 18:28:54,285 [INFO] 🔄 INICIANDO RONDA: 4 | Moderador: llama3.3:70b
2026-04-18 18:43:54,293 [INFO] ⚖️ [MODERADOR] Generando respuesta consenso con llama3.3:70b...
2026-04-19 10:34:45,005 [INFO] 📁 Procesando archivo: a-compact-low-noise-frontend-for-interleaved-rx-tx-arrays-at-k-ka-band_salida.txt
2026-04-19 10:34:45,005 [INFO] 📁 Procesando archivo: a-compact-lowpass-filter-for-satellite-communication-systems-based-on-transfer-function-analysis_salida.txt
2026-04-19 10:34:45,021 [INFO] 📁 Procesando archivo: a-framework-to-classify-heterogeneous-internet-traffic-with-machine-learning-and-deep-learning-techniques-for-satellite-communications_salida.txt
2026-04-19 10:34:45,021 [INFO] 📁 Procesando archivo: a-ka-band-satcom-transceiver-in-65-nm-cmos-with-high-linearity-tx-and-dual-channel-wide-dynamic-range-rx-for-terrestrial-terminal_salida.txt
2026-04-19 10:34:45,036 [INFO] 📁 Procesando archivo: a-lagrangian-heuristic-for-satellite-range-scheduling-with-resource-constraints_salida.txt
2026-04-19 10:34:45,036 [INFO] 📁 Procesando archivo: a-novel-dual-polarized-continuous-transverse-stub-antenna-based-on-corrugated-waveguides-part-ii-experimental-demonstration_salida.txt
2026-04-19 10:34:45,052 [INFO] 📁 Procesando archivo: a-reflector-antenna-concept-robust-against-feed-failures-for-satellite-communications_salida.txt
2026-04-19 10:34:45,052 [INFO] 📁 Procesando archivo: a-survey-on-communication-networks-for-electric-system-automation_salida.txt
2026-04-19 10:34:45,067 [INFO] 👉 [38] Iniciando debate...
2026-04-19 10:34:45,099 [INFO] 🔄 INICIANDO RONDA: 0 | Moderador: llama3.3:70b
2026-04-19 10:34:47,896 [INFO] TOP SCORE: 2.5330612659454346
2026-04-19 10:34:47,896 [INFO] 📊 RAG: 0 tablas y 5 textos enviados al experto.
2026-04-19 10:35:41,015 [INFO] 📊 [DLB] Generando análisis técnico con deepseek-r1:70b...
2026-04-19 10:35:41,016 [INFO] 📡 [PNM] Calculando recursos de red con qwen2.5:72b...
2026-04-19 10:39:30,727 [INFO] 🔄 INICIANDO RONDA: 1 | Moderador: llama3.3:70b
2026-04-19 10:40:25,246 [INFO] 📊 [DLB] Generando análisis técnico con deepseek-r1:70b...
2026-04-19 10:40:25,246 [INFO] 📡 [PNM] Calculando recursos de red con qwen2.5:72b...
2026-04-19 10:47:32,483 [INFO] 🔄 INICIANDO RONDA: 2 | Moderador: llama3.3:70b
2026-04-19 10:48:31,151 [INFO] 📊 [DLB] Generando análisis técnico con deepseek-r1:70b...
2026-04-19 10:48:31,151 [INFO] 📡 [PNM] Calculando recursos de red con qwen2.5:72b...
2026-04-19 10:53:25,787 [INFO] 🔄 INICIANDO RONDA: 3 | Moderador: llama3.3:70b
2026-04-19 10:54:25,500 [INFO] 📊 [DLB] Generando análisis técnico con deepseek-r1:70b...
2026-04-19 10:54:25,501 [INFO] 📡 [PNM] Calculando recursos de red con qwen2.5:72b...
2026-04-19 10:59:16,598 [INFO] 🔄 INICIANDO RONDA: 4 | Moderador: llama3.3:70b
2026-04-19 11:00:19,892 [INFO] ⚖️ [MODERADOR] Generando respuesta consenso con llama3.3:70b...
2026-04-19 11:01:46,622 [INFO]    ✅ Finalizado.
2026-04-19 11:01:47,631 [INFO] 👉 [39] Iniciando debate...
2026-04-19 11:01:47,633 [INFO] 🔄 INICIANDO RONDA: 0 | Moderador: llama3.3:70b
2026-04-19 11:01:50,227 [INFO] TOP SCORE: -0.18465222418308258
2026-04-19 11:01:50,227 [INFO] 📊 RAG: 0 tablas y 5 textos enviados al experto.
2026-04-19 11:02:55,964 [INFO] 📊 [DLB] Generando análisis técnico con deepseek-r1:70b...
2026-04-19 11:02:55,966 [INFO] 📡 [PNM] Calculando recursos de red con qwen2.5:72b...
2026-04-19 11:06:53,568 [INFO] 🔄 INICIANDO RONDA: 1 | Moderador: llama3.3:70b
2026-04-19 11:07:54,008 [INFO] 📊 [DLB] Generando análisis técnico con deepseek-r1:70b...
2026-04-19 11:07:54,008 [INFO] 📡 [PNM] Calculando recursos de red con qwen2.5:72b...
2026-04-19 11:12:37,009 [INFO] 🔄 INICIANDO RONDA: 2 | Moderador: llama3.3:70b
2026-04-19 11:13:38,762 [INFO] 📊 [DLB] Generando análisis técnico con deepseek-r1:70b...
2026-04-19 11:13:38,762 [INFO] 📡 [PNM] Calculando recursos de red con qwen2.5:72b...
2026-04-19 11:19:09,044 [INFO] 🔄 INICIANDO RONDA: 3 | Moderador: llama3.3:70b
2026-04-19 11:20:10,441 [INFO] 📊 [DLB] Generando análisis técnico con deepseek-r1:70b...
2026-04-19 11:20:10,441 [INFO] 📡 [PNM] Calculando recursos de red con qwen2.5:72b...
2026-04-19 11:26:51,754 [INFO] 🔄 INICIANDO RONDA: 4 | Moderador: llama3.3:70b
2026-04-19 11:27:53,392 [INFO] ⚖️ [MODERADOR] Generando respuesta consenso con llama3.3:70b...
2026-04-19 11:29:30,587 [INFO]    ✅ Finalizado.
2026-04-19 11:29:31,589 [INFO] 📁 Procesando archivo: a-wideband-high-gain-high-efficiency-hybrid-integrated-plate-array-antenna-for-v-band-inter-satellite-links_salida.txt
2026-04-19 11:29:31,589 [INFO] 👉 [40] Iniciando debate...
2026-04-19 11:29:31,589 [INFO] 🔄 INICIANDO RONDA: 0 | Moderador: llama3.3:70b
2026-04-19 11:29:34,420 [INFO] TOP SCORE: 5.606832981109619
2026-04-19 11:29:34,420 [INFO] 📊 RAG: 0 tablas y 5 textos enviados al experto.
2026-04-19 11:30:37,922 [INFO] 📊 [DLB] Generando análisis técnico con deepseek-r1:70b...
2026-04-19 11:30:37,923 [INFO] 📡 [PNM] Calculando recursos de red con qwen2.5:72b...
2026-04-19 11:36:01,846 [INFO] 🔄 INICIANDO RONDA: 1 | Moderador: llama3.3:70b
2026-04-19 11:37:00,126 [INFO] 📊 [DLB] Generando análisis técnico con deepseek-r1:70b...
2026-04-19 11:37:00,126 [INFO] 📡 [PNM] Calculando recursos de red con qwen2.5:72b...
2026-04-19 11:41:47,133 [INFO] 🔄 INICIANDO RONDA: 2 | Moderador: llama3.3:70b
2026-04-19 11:42:48,808 [INFO] 📊 [DLB] Generando análisis técnico con deepseek-r1:70b...
2026-04-19 11:42:48,809 [INFO] 📡 [PNM] Calculando recursos de red con qwen2.5:72b...
2026-04-19 11:47:31,333 [INFO] 🔄 INICIANDO RONDA: 3 | Moderador: llama3.3:70b
2026-04-19 11:48:27,192 [INFO] 📊 [DLB] Generando análisis técnico con deepseek-r1:70b...
2026-04-19 11:48:27,193 [INFO] 📡 [PNM] Calculando recursos de red con qwen2.5:72b...
2026-04-19 11:53:15,009 [INFO] 🔄 INICIANDO RONDA: 4 | Moderador: llama3.3:70b
2026-04-19 11:54:12,434 [INFO] ⚖️ [MODERADOR] Generando respuesta consenso con llama3.3:70b...
2026-04-19 11:55:47,167 [INFO]    ✅ Finalizado.
2026-04-19 11:55:48,178 [INFO] 👉 [41] Iniciando debate...
2026-04-19 11:55:48,178 [INFO] 🔄 INICIANDO RONDA: 0 | Moderador: llama3.3:70b
2026-04-19 11:56:54,105 [INFO] 📁 Procesando archivo: a-compact-low-noise-frontend-for-interleaved-rx-tx-arrays-at-k-ka-band_salida.txt
2026-04-19 11:56:54,121 [INFO] 📁 Procesando archivo: a-compact-lowpass-filter-for-satellite-communication-systems-based-on-transfer-function-analysis_salida.txt
2026-04-19 11:56:54,121 [INFO] 📁 Procesando archivo: a-framework-to-classify-heterogeneous-internet-traffic-with-machine-learning-and-deep-learning-techniques-for-satellite-communications_salida.txt
2026-04-19 11:56:54,136 [INFO] 📁 Procesando archivo: a-ka-band-satcom-transceiver-in-65-nm-cmos-with-high-linearity-tx-and-dual-channel-wide-dynamic-range-rx-for-terrestrial-terminal_salida.txt
2026-04-19 11:56:54,136 [INFO] 📁 Procesando archivo: a-lagrangian-heuristic-for-satellite-range-scheduling-with-resource-constraints_salida.txt
2026-04-19 11:56:54,152 [INFO] 📁 Procesando archivo: a-novel-dual-polarized-continuous-transverse-stub-antenna-based-on-corrugated-waveguides-part-ii-experimental-demonstration_salida.txt
2026-04-19 11:56:54,152 [INFO] 📁 Procesando archivo: a-reflector-antenna-concept-robust-against-feed-failures-for-satellite-communications_salida.txt
2026-04-19 11:56:54,168 [INFO] 👉 [31] Iniciando debate...
2026-04-19 11:56:54,199 [INFO] 🔄 INICIANDO RONDA: 0 | Moderador: llama3.3:70b
2026-04-19 11:56:56,668 [INFO] TOP SCORE: 5.374831199645996
2026-04-19 11:56:56,668 [INFO] 📊 RAG: 0 tablas y 5 textos enviados al experto.
2026-04-19 11:57:57,077 [INFO] 📊 [DLB] Generando análisis técnico con llama3.3:70b...
2026-04-19 11:57:57,077 [INFO] 📡 [PNM] Calculando recursos de red con llama3.3:70b...
2026-04-19 11:58:47,320 [INFO] 🔄 INICIANDO RONDA: 1 | Moderador: llama3.3:70b
2026-04-19 11:59:09,359 [INFO] 📊 [DLB] Generando análisis técnico con llama3.3:70b...
2026-04-19 11:59:09,359 [INFO] 📡 [PNM] Calculando recursos de red con llama3.3:70b...
2026-04-19 12:00:06,111 [INFO] 🔄 INICIANDO RONDA: 2 | Moderador: llama3.3:70b
2026-04-19 12:00:29,162 [INFO] 📊 [DLB] Generando análisis técnico con llama3.3:70b...
2026-04-19 12:00:29,162 [INFO] 📡 [PNM] Calculando recursos de red con llama3.3:70b...
2026-04-19 12:01:23,268 [INFO] 🔄 INICIANDO RONDA: 3 | Moderador: llama3.3:70b
2026-04-19 12:01:43,352 [INFO] 📊 [DLB] Generando análisis técnico con llama3.3:70b...
2026-04-19 12:01:43,352 [INFO] 📡 [PNM] Calculando recursos de red con llama3.3:70b...
2026-04-19 12:02:33,922 [INFO] 🔄 INICIANDO RONDA: 4 | Moderador: llama3.3:70b
2026-04-19 12:02:54,049 [INFO] ⚖️ [MODERADOR] Generando respuesta consenso con llama3.3:70b...
2026-04-19 12:03:46,464 [INFO]    ✅ Finalizado.
2026-04-19 12:03:47,464 [INFO] 👉 [32] Iniciando debate...
2026-04-19 12:03:47,464 [INFO] 🔄 INICIANDO RONDA: 0 | Moderador: llama3.3:70b
2026-04-19 12:03:49,964 [INFO] TOP SCORE: 3.062441349029541
2026-04-19 12:03:49,964 [INFO] 📊 RAG: 1 tablas y 5 textos enviados al experto.
2026-04-19 12:04:14,787 [INFO] 📊 [DLB] Generando análisis técnico con llama3.3:70b...
2026-04-19 12:04:14,788 [INFO] 📡 [PNM] Calculando recursos de red con llama3.3:70b...
2026-04-19 12:05:05,344 [INFO] 🔄 INICIANDO RONDA: 1 | Moderador: llama3.3:70b
2026-04-19 12:05:27,190 [INFO] 📊 [DLB] Generando análisis técnico con llama3.3:70b...
2026-04-19 12:05:27,190 [INFO] 📡 [PNM] Calculando recursos de red con llama3.3:70b...
2026-04-19 12:06:14,584 [INFO] 🔄 INICIANDO RONDA: 2 | Moderador: llama3.3:70b
2026-04-19 12:06:33,612 [INFO] 📊 [DLB] Generando análisis técnico con llama3.3:70b...
2026-04-19 12:06:33,612 [INFO] 📡 [PNM] Calculando recursos de red con llama3.3:70b...
2026-04-19 12:07:25,133 [INFO] 🔄 INICIANDO RONDA: 3 | Moderador: llama3.3:70b
2026-04-19 12:07:44,042 [INFO] 📊 [DLB] Generando análisis técnico con llama3.3:70b...
2026-04-19 12:07:44,042 [INFO] 📡 [PNM] Calculando recursos de red con llama3.3:70b...
2026-04-19 12:08:39,650 [INFO] 🔄 INICIANDO RONDA: 4 | Moderador: llama3.3:70b
2026-04-19 12:08:59,838 [INFO] ⚖️ [MODERADOR] Generando respuesta consenso con llama3.3:70b...
2026-04-19 12:09:47,444 [INFO]    ✅ Finalizado.
2026-04-19 12:09:48,448 [INFO] 📁 Procesando archivo: a-survey-on-communication-networks-for-electric-system-automation_salida.txt
2026-04-19 12:09:48,448 [INFO] 👉 [33] Iniciando debate...
2026-04-19 12:09:48,464 [INFO] 🔄 INICIANDO RONDA: 0 | Moderador: llama3.3:70b
2026-04-19 12:09:50,979 [INFO] TOP SCORE: 2.7645535469055176
2026-04-19 12:09:50,979 [INFO] 📊 RAG: 0 tablas y 5 textos enviados al experto.
2026-04-19 12:10:16,747 [INFO] 📊 [DLB] Generando análisis técnico con llama3.3:70b...
2026-04-19 12:10:16,747 [INFO] 📡 [PNM] Calculando recursos de red con llama3.3:70b...
2026-04-19 12:10:58,209 [INFO] 🔄 INICIANDO RONDA: 1 | Moderador: llama3.3:70b
2026-04-19 12:11:19,021 [INFO] 📊 [DLB] Generando análisis técnico con llama3.3:70b...
2026-04-19 12:11:19,021 [INFO] 📡 [PNM] Calculando recursos de red con llama3.3:70b...
2026-04-19 12:12:02,369 [INFO] 🔄 INICIANDO RONDA: 2 | Moderador: llama3.3:70b
2026-04-19 12:12:22,745 [INFO] 📊 [DLB] Generando análisis técnico con llama3.3:70b...
2026-04-19 12:12:22,745 [INFO] 📡 [PNM] Calculando recursos de red con llama3.3:70b...
2026-04-19 12:13:09,125 [INFO] 🔄 INICIANDO RONDA: 3 | Moderador: llama3.3:70b
2026-04-19 12:13:28,051 [INFO] 📊 [DLB] Generando análisis técnico con llama3.3:70b...
2026-04-19 12:13:28,051 [INFO] 📡 [PNM] Calculando recursos de red con llama3.3:70b...
2026-04-19 12:14:20,573 [INFO] 🔄 INICIANDO RONDA: 4 | Moderador: llama3.3:70b
2026-04-19 12:14:43,130 [INFO] ⚖️ [MODERADOR] Generando respuesta consenso con llama3.3:70b...
2026-04-19 12:15:33,640 [INFO]    ✅ Finalizado.
2026-04-19 12:15:34,649 [INFO] 👉 [34] Iniciando debate...
2026-04-19 12:15:34,649 [INFO] 🔄 INICIANDO RONDA: 0 | Moderador: llama3.3:70b
2026-04-19 12:15:37,196 [INFO] TOP SCORE: 1.5483540296554565
2026-04-19 12:15:37,196 [INFO] 📊 RAG: 0 tablas y 5 textos enviados al experto.
2026-04-19 12:16:05,537 [INFO] 📊 [DLB] Generando análisis técnico con llama3.3:70b...
2026-04-19 12:16:05,537 [INFO] 📡 [PNM] Calculando recursos de red con llama3.3:70b...
2026-04-19 12:16:55,158 [INFO] 🔄 INICIANDO RONDA: 1 | Moderador: llama3.3:70b
2026-04-19 12:17:14,605 [INFO] 📊 [DLB] Generando análisis técnico con llama3.3:70b...
2026-04-19 12:17:14,605 [INFO] 📡 [PNM] Calculando recursos de red con llama3.3:70b...
2026-04-19 12:18:05,178 [INFO] 🔄 INICIANDO RONDA: 2 | Moderador: llama3.3:70b
2026-04-19 12:18:25,784 [INFO] 📊 [DLB] Generando análisis técnico con llama3.3:70b...
2026-04-19 12:18:25,784 [INFO] 📡 [PNM] Calculando recursos de red con llama3.3:70b...
2026-04-19 12:19:16,337 [INFO] 🔄 INICIANDO RONDA: 3 | Moderador: llama3.3:70b
2026-04-19 12:19:35,345 [INFO] 📊 [DLB] Generando análisis técnico con llama3.3:70b...
2026-04-19 12:19:35,345 [INFO] 📡 [PNM] Calculando recursos de red con llama3.3:70b...
2026-04-19 12:20:22,814 [INFO] 🔄 INICIANDO RONDA: 4 | Moderador: llama3.3:70b
2026-04-19 12:20:43,871 [INFO] ⚖️ [MODERADOR] Generando respuesta consenso con llama3.3:70b...
2026-04-19 12:21:34,240 [INFO]    ✅ Finalizado.
2026-04-19 12:21:35,241 [INFO] 👉 [35] Iniciando debate...
2026-04-19 12:21:35,241 [INFO] 🔄 INICIANDO RONDA: 0 | Moderador: llama3.3:70b
2026-04-19 12:21:37,741 [INFO] TOP SCORE: 1.5450719594955444
2026-04-19 12:21:37,741 [INFO] 📊 RAG: 0 tablas y 5 textos enviados al experto.
2026-04-19 12:22:02,183 [INFO] 📊 [DLB] Generando análisis técnico con llama3.3:70b...
2026-04-19 12:22:02,183 [INFO] 📡 [PNM] Calculando recursos de red con llama3.3:70b...
2026-04-19 12:22:45,655 [INFO] 🔄 INICIANDO RONDA: 1 | Moderador: llama3.3:70b
2026-04-19 12:23:04,706 [INFO] 📊 [DLB] Generando análisis técnico con llama3.3:70b...
2026-04-19 12:23:04,706 [INFO] 📡 [PNM] Calculando recursos de red con llama3.3:70b...
2026-04-19 12:23:50,093 [INFO] 🔄 INICIANDO RONDA: 2 | Moderador: llama3.3:70b
2026-04-19 12:24:07,911 [INFO] 📊 [DLB] Generando análisis técnico con llama3.3:70b...
2026-04-19 12:24:07,911 [INFO] 📡 [PNM] Calculando recursos de red con llama3.3:70b...
2026-04-19 12:24:50,550 [INFO] 🔄 INICIANDO RONDA: 3 | Moderador: llama3.3:70b
2026-04-19 12:25:09,071 [INFO] 📊 [DLB] Generando análisis técnico con llama3.3:70b...
2026-04-19 12:25:09,071 [INFO] 📡 [PNM] Calculando recursos de red con llama3.3:70b...
2026-04-19 12:25:57,868 [INFO] 🔄 INICIANDO RONDA: 4 | Moderador: llama3.3:70b
2026-04-19 12:26:15,879 [INFO] ⚖️ [MODERADOR] Generando respuesta consenso con llama3.3:70b...
2026-04-19 12:27:02,236 [INFO]    ✅ Finalizado.
2026-04-19 12:27:03,243 [INFO] 👉 [36] Iniciando debate...
2026-04-19 12:27:03,243 [INFO] 🔄 INICIANDO RONDA: 0 | Moderador: llama3.3:70b
2026-04-19 12:27:05,665 [INFO] TOP SCORE: -0.21578800678253174
2026-04-19 12:27:05,665 [INFO] 📊 RAG: 0 tablas y 5 textos enviados al experto.
2026-04-19 12:27:32,078 [INFO] 📊 [DLB] Generando análisis técnico con llama3.3:70b...
2026-04-19 12:27:32,079 [INFO] 📡 [PNM] Calculando recursos de red con llama3.3:70b...
2026-04-19 12:28:29,105 [INFO] 🔄 INICIANDO RONDA: 1 | Moderador: llama3.3:70b
2026-04-19 12:28:46,363 [INFO] 📊 [DLB] Generando análisis técnico con llama3.3:70b...
2026-04-19 12:28:46,363 [INFO] 📡 [PNM] Calculando recursos de red con llama3.3:70b...
2026-04-19 12:29:39,903 [INFO] 🔄 INICIANDO RONDA: 2 | Moderador: llama3.3:70b
2026-04-19 12:30:01,056 [INFO] 📊 [DLB] Generando análisis técnico con llama3.3:70b...
2026-04-19 12:30:01,056 [INFO] 📡 [PNM] Calculando recursos de red con llama3.3:70b...
2026-04-19 12:30:54,664 [INFO] 🔄 INICIANDO RONDA: 3 | Moderador: llama3.3:70b
2026-04-19 12:31:13,598 [INFO] 📊 [DLB] Generando análisis técnico con llama3.3:70b...
2026-04-19 12:31:13,598 [INFO] 📡 [PNM] Calculando recursos de red con llama3.3:70b...
2026-04-19 12:32:05,209 [INFO] 🔄 INICIANDO RONDA: 4 | Moderador: llama3.3:70b
2026-04-19 12:32:27,126 [INFO] ⚖️ [MODERADOR] Generando respuesta consenso con llama3.3:70b...
2026-04-19 12:33:24,642 [INFO]    ✅ Finalizado.
2026-04-19 12:33:25,655 [INFO] 👉 [37] Iniciando debate...
2026-04-19 12:33:25,655 [INFO] 🔄 INICIANDO RONDA: 0 | Moderador: llama3.3:70b
2026-04-19 12:33:28,155 [INFO] TOP SCORE: -0.2235834300518036
2026-04-19 12:33:28,155 [INFO] 📊 RAG: 0 tablas y 5 textos enviados al experto.
2026-04-19 12:33:54,808 [INFO] 📊 [DLB] Generando análisis técnico con llama3.3:70b...
2026-04-19 12:33:54,808 [INFO] 📡 [PNM] Calculando recursos de red con llama3.3:70b...
2026-04-19 12:34:46,463 [INFO] 🔄 INICIANDO RONDA: 1 | Moderador: llama3.3:70b
2026-04-19 12:35:06,711 [INFO] 📊 [DLB] Generando análisis técnico con llama3.3:70b...
2026-04-19 12:35:06,711 [INFO] 📡 [PNM] Calculando recursos de red con llama3.3:70b...
2026-04-19 12:35:57,304 [INFO] 🔄 INICIANDO RONDA: 2 | Moderador: llama3.3:70b
2026-04-19 12:36:17,699 [INFO] 📊 [DLB] Generando análisis técnico con llama3.3:70b...
2026-04-19 12:36:17,699 [INFO] 📡 [PNM] Calculando recursos de red con llama3.3:70b...
2026-04-19 12:37:11,688 [INFO] 🔄 INICIANDO RONDA: 3 | Moderador: llama3.3:70b
2026-04-19 12:37:32,694 [INFO] 📊 [DLB] Generando análisis técnico con llama3.3:70b...
2026-04-19 12:37:32,694 [INFO] 📡 [PNM] Calculando recursos de red con llama3.3:70b...
2026-04-19 12:38:25,189 [INFO] 🔄 INICIANDO RONDA: 4 | Moderador: llama3.3:70b
2026-04-19 12:38:47,213 [INFO] ⚖️ [MODERADOR] Generando respuesta consenso con llama3.3:70b...
2026-04-19 12:39:36,639 [INFO]    ✅ Finalizado.
2026-04-19 12:39:37,648 [INFO] 👉 [38] Iniciando debate...
2026-04-19 12:39:37,648 [INFO] 🔄 INICIANDO RONDA: 0 | Moderador: llama3.3:70b
2026-04-19 12:39:40,102 [INFO] TOP SCORE: 2.5330612659454346
2026-04-19 12:39:40,102 [INFO] 📊 RAG: 0 tablas y 5 textos enviados al experto.
2026-04-19 12:40:06,928 [INFO] 📊 [DLB] Generando análisis técnico con llama3.3:70b...
2026-04-19 12:40:06,928 [INFO] 📡 [PNM] Calculando recursos de red con llama3.3:70b...
2026-04-19 12:40:49,648 [INFO] 🔄 INICIANDO RONDA: 1 | Moderador: llama3.3:70b
2026-04-19 12:41:05,959 [INFO] 📊 [DLB] Generando análisis técnico con llama3.3:70b...
2026-04-19 12:41:05,959 [INFO] 📡 [PNM] Calculando recursos de red con llama3.3:70b...
2026-04-19 12:41:51,450 [INFO] 🔄 INICIANDO RONDA: 2 | Moderador: llama3.3:70b
2026-04-19 12:42:11,733 [INFO] 📊 [DLB] Generando análisis técnico con llama3.3:70b...
2026-04-19 12:42:11,733 [INFO] 📡 [PNM] Calculando recursos de red con llama3.3:70b...
2026-04-19 12:43:00,059 [INFO] 🔄 INICIANDO RONDA: 3 | Moderador: llama3.3:70b
2026-04-19 12:43:18,401 [INFO] 📊 [DLB] Generando análisis técnico con llama3.3:70b...
2026-04-19 12:43:18,401 [INFO] 📡 [PNM] Calculando recursos de red con llama3.3:70b...
2026-04-19 12:44:08,550 [INFO] 🔄 INICIANDO RONDA: 4 | Moderador: llama3.3:70b
2026-04-19 12:44:26,156 [INFO] ⚖️ [MODERADOR] Generando respuesta consenso con llama3.3:70b...
2026-04-19 12:45:13,079 [INFO]    ✅ Finalizado.
2026-04-19 12:45:14,093 [INFO] 👉 [39] Iniciando debate...
2026-04-19 12:45:14,093 [INFO] 🔄 INICIANDO RONDA: 0 | Moderador: llama3.3:70b
2026-04-19 12:45:16,703 [INFO] TOP SCORE: -0.18465222418308258
2026-04-19 12:45:16,703 [INFO] 📊 RAG: 0 tablas y 5 textos enviados al experto.
2026-04-19 12:45:46,601 [INFO] 📊 [DLB] Generando análisis técnico con llama3.3:70b...
2026-04-19 12:45:46,601 [INFO] 📡 [PNM] Calculando recursos de red con llama3.3:70b...
2026-04-19 12:46:39,088 [INFO] 🔄 INICIANDO RONDA: 1 | Moderador: llama3.3:70b
2026-04-19 12:46:59,575 [INFO] 📊 [DLB] Generando análisis técnico con llama3.3:70b...
2026-04-19 12:46:59,575 [INFO] 📡 [PNM] Calculando recursos de red con llama3.3:70b...
2026-04-19 12:47:50,974 [INFO] 🔄 INICIANDO RONDA: 2 | Moderador: llama3.3:70b
2026-04-19 12:48:14,237 [INFO] 📊 [DLB] Generando análisis técnico con llama3.3:70b...
2026-04-19 12:48:14,237 [INFO] 📡 [PNM] Calculando recursos de red con llama3.3:70b...
2026-04-19 12:49:09,731 [INFO] 🔄 INICIANDO RONDA: 3 | Moderador: llama3.3:70b
2026-04-19 12:49:33,988 [INFO] 📊 [DLB] Generando análisis técnico con llama3.3:70b...
2026-04-19 12:49:33,988 [INFO] 📡 [PNM] Calculando recursos de red con llama3.3:70b...
2026-04-19 12:50:28,390 [INFO] 🔄 INICIANDO RONDA: 4 | Moderador: llama3.3:70b
2026-04-19 12:50:52,490 [INFO] ⚖️ [MODERADOR] Generando respuesta consenso con llama3.3:70b...
2026-04-19 12:51:49,825 [INFO]    ✅ Finalizado.
2026-04-19 12:51:50,839 [INFO] 📁 Procesando archivo: a-wideband-high-gain-high-efficiency-hybrid-integrated-plate-array-antenna-for-v-band-inter-satellite-links_salida.txt
2026-04-19 12:51:50,839 [INFO] 👉 [40] Iniciando debate...
2026-04-19 12:51:50,839 [INFO] 🔄 INICIANDO RONDA: 0 | Moderador: llama3.3:70b
2026-04-19 12:51:53,464 [INFO] TOP SCORE: 5.606832981109619
2026-04-19 12:51:53,464 [INFO] 📊 RAG: 0 tablas y 5 textos enviados al experto.
2026-04-19 12:52:24,053 [INFO] 📊 [DLB] Generando análisis técnico con llama3.3:70b...
2026-04-19 12:52:24,053 [INFO] 📡 [PNM] Calculando recursos de red con llama3.3:70b...
2026-04-19 12:53:09,247 [INFO] 🔄 INICIANDO RONDA: 1 | Moderador: llama3.3:70b
2026-04-19 12:53:28,872 [INFO] 📊 [DLB] Generando análisis técnico con llama3.3:70b...
2026-04-19 12:53:28,872 [INFO] 📡 [PNM] Calculando recursos de red con llama3.3:70b...
2026-04-19 12:54:20,313 [INFO] 🔄 INICIANDO RONDA: 2 | Moderador: llama3.3:70b
2026-04-19 12:54:38,346 [INFO] 📊 [DLB] Generando análisis técnico con llama3.3:70b...
2026-04-19 12:54:38,346 [INFO] 📡 [PNM] Calculando recursos de red con llama3.3:70b...
2026-04-19 12:55:28,404 [INFO] 🔄 INICIANDO RONDA: 3 | Moderador: llama3.3:70b
2026-04-19 12:55:47,651 [INFO] 📊 [DLB] Generando análisis técnico con llama3.3:70b...
2026-04-19 12:55:47,651 [INFO] 📡 [PNM] Calculando recursos de red con llama3.3:70b...
2026-04-19 12:56:36,231 [INFO] 🔄 INICIANDO RONDA: 4 | Moderador: llama3.3:70b
2026-04-19 12:56:54,807 [INFO] ⚖️ [MODERADOR] Generando respuesta consenso con llama3.3:70b...
2026-04-19 12:57:50,720 [INFO]    ✅ Finalizado.
2026-04-19 12:57:51,720 [INFO] 👉 [41] Iniciando debate...
2026-04-19 12:57:51,720 [INFO] 🔄 INICIANDO RONDA: 0 | Moderador: llama3.3:70b
2026-04-19 12:57:54,189 [INFO] TOP SCORE: 4.697839260101318
2026-04-19 12:57:54,189 [INFO] 📊 RAG: 0 tablas y 5 textos enviados al experto.
2026-04-19 12:58:22,403 [INFO] 📊 [DLB] Generando análisis técnico con llama3.3:70b...
2026-04-19 12:58:22,403 [INFO] 📡 [PNM] Calculando recursos de red con llama3.3:70b...
2026-04-19 15:15:03,797 [INFO] 📁 Procesando archivo: a-compact-low-noise-frontend-for-interleaved-rx-tx-arrays-at-k-ka-band_salida.txt
2026-04-19 15:15:03,797 [INFO] 👉 [1] Iniciando debate...
2026-04-19 15:15:03,813 [INFO] 🔄 INICIANDO RONDA: 0 | Moderador: gemma2:2b
2026-04-19 15:15:06,625 [INFO] TOP SCORE: 1.4195467233657837
2026-04-19 15:15:06,625 [INFO] 📊 RAG: 0 tablas y 5 textos enviados al experto.
2026-04-19 15:15:12,317 [INFO] 📊 [DLB] Generando análisis técnico con gemma2:2b...
2026-04-19 15:15:12,317 [INFO] 📡 [PNM] Calculando recursos de red con gemma2:2b...
2026-04-19 15:15:16,208 [INFO] 🔄 INICIANDO RONDA: 1 | Moderador: gemma2:2b
2026-04-19 15:15:17,887 [INFO] 📊 [DLB] Generando análisis técnico con gemma2:2b...
2026-04-19 15:15:17,887 [INFO] 📡 [PNM] Calculando recursos de red con gemma2:2b...
2026-04-19 15:15:21,602 [INFO] 🔄 INICIANDO RONDA: 2 | Moderador: gemma2:2b
2026-04-19 15:15:23,499 [INFO] 📊 [DLB] Generando análisis técnico con gemma2:2b...
2026-04-19 15:15:23,499 [INFO] 📡 [PNM] Calculando recursos de red con gemma2:2b...
2026-04-19 15:15:27,380 [INFO] 🔄 INICIANDO RONDA: 3 | Moderador: gemma2:2b
2026-04-19 15:15:28,997 [INFO] 📊 [DLB] Generando análisis técnico con gemma2:2b...
2026-04-19 15:15:28,997 [INFO] 📡 [PNM] Calculando recursos de red con gemma2:2b...
2026-04-19 15:15:33,008 [INFO] 🔄 INICIANDO RONDA: 4 | Moderador: gemma2:2b
2026-04-19 15:15:35,377 [INFO] ⚖️ [MODERADOR] Generando respuesta consenso con gemma2:2b...
2026-04-19 15:15:55,152 [INFO]    ✅ Finalizado.
2026-04-19 15:15:56,158 [INFO] 📁 Procesando archivo: a-compact-lowpass-filter-for-satellite-communication-systems-based-on-transfer-function-analysis_salida.txt
2026-04-19 15:15:56,158 [INFO] 🛑 Límite de 2 preguntas alcanzado. Deteniendo...
2026-04-19 15:17:02,254 [INFO] 📁 Procesando archivo: a-compact-low-noise-frontend-for-interleaved-rx-tx-arrays-at-k-ka-band_salida.txt
2026-04-19 15:17:02,254 [INFO] 📁 Procesando archivo: a-compact-lowpass-filter-for-satellite-communication-systems-based-on-transfer-function-analysis_salida.txt
2026-04-19 15:17:02,254 [INFO] 📁 Procesando archivo: a-framework-to-classify-heterogeneous-internet-traffic-with-machine-learning-and-deep-learning-techniques-for-satellite-communications_salida.txt
2026-04-19 15:17:02,254 [INFO] 📁 Procesando archivo: a-ka-band-satcom-transceiver-in-65-nm-cmos-with-high-linearity-tx-and-dual-channel-wide-dynamic-range-rx-for-terrestrial-terminal_salida.txt
2026-04-19 15:17:02,254 [INFO] 📁 Procesando archivo: a-lagrangian-heuristic-for-satellite-range-scheduling-with-resource-constraints_salida.txt
2026-04-19 15:17:02,254 [INFO] 👉 [15] Iniciando debate...
2026-04-19 15:17:02,269 [INFO] 🔄 INICIANDO RONDA: 0 | Moderador: gemma2:2b
2026-04-19 15:17:05,051 [INFO] TOP SCORE: 0.5249515771865845
2026-04-19 15:17:05,051 [INFO] 📊 RAG: 0 tablas y 5 textos enviados al experto.
2026-04-19 15:17:07,162 [INFO] 📊 [DLB] Generando análisis técnico con gemma2:2b...
2026-04-19 15:17:07,162 [INFO] 📡 [PNM] Calculando recursos de red con gemma2:2b...
2026-04-19 15:17:11,449 [INFO] 🔄 INICIANDO RONDA: 1 | Moderador: gemma2:2b
2026-04-19 15:17:13,650 [INFO] 📊 [DLB] Generando análisis técnico con gemma2:2b...
2026-04-19 15:17:13,650 [INFO] 📡 [PNM] Calculando recursos de red con gemma2:2b...
2026-04-19 15:17:17,539 [INFO] 🔄 INICIANDO RONDA: 2 | Moderador: gemma2:2b
2026-04-19 15:17:19,294 [INFO] 📊 [DLB] Generando análisis técnico con gemma2:2b...
2026-04-19 15:17:19,294 [INFO] 📡 [PNM] Calculando recursos de red con gemma2:2b...
2026-04-19 15:17:23,250 [INFO] 🔄 INICIANDO RONDA: 3 | Moderador: gemma2:2b
2026-04-19 15:17:25,141 [INFO] 📊 [DLB] Generando análisis técnico con gemma2:2b...
2026-04-19 15:17:25,141 [INFO] 📡 [PNM] Calculando recursos de red con gemma2:2b...
2026-04-19 15:17:29,115 [INFO] 🔄 INICIANDO RONDA: 4 | Moderador: gemma2:2b
2026-04-19 15:17:30,928 [INFO] ⚖️ [MODERADOR] Generando respuesta consenso con gemma2:2b...
2026-04-19 15:17:49,536 [INFO]    ✅ Finalizado.
2026-04-19 15:17:50,536 [INFO] 🛑 Límite de 16 preguntas alcanzado. Deteniendo...
2026-04-19 15:19:14,706 [INFO] 📁 Procesando archivo: a-compact-low-noise-frontend-for-interleaved-rx-tx-arrays-at-k-ka-band_salida.txt
2026-04-19 15:19:14,706 [INFO] 📁 Procesando archivo: a-compact-lowpass-filter-for-satellite-communication-systems-based-on-transfer-function-analysis_salida.txt
2026-04-19 15:19:14,706 [INFO] 📁 Procesando archivo: a-framework-to-classify-heterogeneous-internet-traffic-with-machine-learning-and-deep-learning-techniques-for-satellite-communications_salida.txt
2026-04-19 15:19:14,706 [INFO] 👉 [9] Iniciando debate...
2026-04-19 15:19:14,722 [INFO] 🔄 INICIANDO RONDA: 0 | Moderador: gemma2:2b
2026-04-19 15:19:17,363 [INFO] TOP SCORE: -1.6705405712127686
2026-04-19 15:19:17,363 [INFO] 📊 RAG: 4 tablas y 5 textos enviados al experto.
2026-04-19 15:19:20,199 [INFO] 📊 [DLB] Generando análisis técnico con qwen2.5:1.5b...
2026-04-19 15:19:20,199 [INFO] 📡 [PNM] Calculando recursos de red con deepseek-r1:1.5b...
2026-04-19 15:19:35,111 [INFO] 🔄 INICIANDO RONDA: 1 | Moderador: gemma2:2b
2026-04-19 15:19:37,151 [INFO] 📊 [DLB] Generando análisis técnico con qwen2.5:1.5b...
2026-04-19 15:19:37,151 [INFO] 📡 [PNM] Calculando recursos de red con deepseek-r1:1.5b...
2026-04-19 15:19:50,237 [INFO] 🔄 INICIANDO RONDA: 2 | Moderador: gemma2:2b
2026-04-19 15:19:52,040 [INFO] 📊 [DLB] Generando análisis técnico con qwen2.5:1.5b...
2026-04-19 15:19:52,040 [INFO] 📡 [PNM] Calculando recursos de red con deepseek-r1:1.5b...
2026-04-19 15:20:04,869 [INFO] 🔄 INICIANDO RONDA: 3 | Moderador: gemma2:2b
2026-04-19 15:20:06,712 [INFO] 📊 [DLB] Generando análisis técnico con qwen2.5:1.5b...
2026-04-19 15:20:06,712 [INFO] 📡 [PNM] Calculando recursos de red con deepseek-r1:1.5b...
2026-04-19 15:20:17,406 [INFO] 🔄 INICIANDO RONDA: 4 | Moderador: gemma2:2b
2026-04-19 15:20:19,115 [INFO] ⚖️ [MODERADOR] Generando respuesta consenso con gemma2:2b...
2026-04-19 15:20:44,761 [INFO]    ✅ Finalizado.
2026-04-19 15:20:45,771 [INFO] 👉 [10] Iniciando debate...
2026-04-19 15:20:45,771 [INFO] 🔄 INICIANDO RONDA: 0 | Moderador: gemma2:2b
2026-04-19 15:20:48,255 [INFO] TOP SCORE: 2.3981456756591797
2026-04-19 15:20:48,255 [INFO] 📊 RAG: 0 tablas y 5 textos enviados al experto.
2026-04-19 15:20:50,004 [INFO] 📊 [DLB] Generando análisis técnico con qwen2.5:1.5b...
2026-04-19 15:20:50,005 [INFO] 📡 [PNM] Calculando recursos de red con deepseek-r1:1.5b...
2026-04-19 15:21:07,077 [INFO] 🔄 INICIANDO RONDA: 1 | Moderador: gemma2:2b
2026-04-19 15:21:09,529 [INFO] 📊 [DLB] Generando análisis técnico con qwen2.5:1.5b...
2026-04-19 15:21:09,529 [INFO] 📡 [PNM] Calculando recursos de red con deepseek-r1:1.5b...
2026-04-19 15:21:27,775 [INFO] 🔄 INICIANDO RONDA: 2 | Moderador: gemma2:2b
2026-04-19 15:21:30,464 [INFO] 📊 [DLB] Generando análisis técnico con qwen2.5:1.5b...
2026-04-19 15:21:30,464 [INFO] 📡 [PNM] Calculando recursos de red con deepseek-r1:1.5b...
2026-04-19 15:21:46,559 [INFO] 🔄 INICIANDO RONDA: 3 | Moderador: gemma2:2b
2026-04-19 15:21:49,187 [INFO] 📊 [DLB] Generando análisis técnico con qwen2.5:1.5b...
2026-04-19 15:21:49,187 [INFO] 📡 [PNM] Calculando recursos de red con deepseek-r1:1.5b...
2026-04-19 15:22:01,379 [INFO] 🔄 INICIANDO RONDA: 4 | Moderador: gemma2:2b
2026-04-19 15:22:04,151 [INFO] ⚖️ [MODERADOR] Generando respuesta consenso con gemma2:2b...
2026-04-19 15:22:21,663 [INFO]    ✅ Finalizado.
2026-04-19 15:22:22,671 [INFO] 🛑 Límite de 11 preguntas alcanzado. Deteniendo...
2026-04-19 15:22:51,047 [INFO] 📁 Procesando archivo: a-compact-low-noise-frontend-for-interleaved-rx-tx-arrays-at-k-ka-band_salida.txt
2026-04-19 15:22:51,047 [INFO] 📁 Procesando archivo: a-compact-lowpass-filter-for-satellite-communication-systems-based-on-transfer-function-analysis_salida.txt
2026-04-19 15:22:51,047 [INFO] 📁 Procesando archivo: a-framework-to-classify-heterogeneous-internet-traffic-with-machine-learning-and-deep-learning-techniques-for-satellite-communications_salida.txt
2026-04-19 15:22:51,047 [INFO] 👉 [12] Iniciando debate...
2026-04-19 15:22:51,062 [INFO] 🔄 INICIANDO RONDA: 0 | Moderador: gemma2:2b
2026-04-19 15:22:53,578 [INFO] TOP SCORE: 1.3480300903320312
2026-04-19 15:22:53,578 [INFO] 📊 RAG: 0 tablas y 5 textos enviados al experto.
2026-04-19 15:22:55,474 [INFO] 📊 [DLB] Generando análisis técnico con qwen2.5:1.5b...
2026-04-19 15:22:55,474 [INFO] 📡 [PNM] Calculando recursos de red con deepseek-r1:1.5b...
2026-04-19 15:23:04,998 [INFO] 🔄 INICIANDO RONDA: 1 | Moderador: gemma2:2b
2026-04-19 15:23:06,609 [INFO] 📊 [DLB] Generando análisis técnico con qwen2.5:1.5b...
2026-04-19 15:23:06,609 [INFO] 📡 [PNM] Calculando recursos de red con deepseek-r1:1.5b...
2026-04-19 15:23:19,200 [INFO] 🔄 INICIANDO RONDA: 2 | Moderador: gemma2:2b
2026-04-19 15:23:20,890 [INFO] 📊 [DLB] Generando análisis técnico con qwen2.5:1.5b...
2026-04-19 15:23:20,890 [INFO] 📡 [PNM] Calculando recursos de red con deepseek-r1:1.5b...
2026-04-19 15:23:32,393 [INFO] 🔄 INICIANDO RONDA: 3 | Moderador: gemma2:2b
2026-04-19 15:23:34,366 [INFO] 📊 [DLB] Generando análisis técnico con qwen2.5:1.5b...
2026-04-19 15:23:34,366 [INFO] 📡 [PNM] Calculando recursos de red con deepseek-r1:1.5b...
2026-04-19 15:23:43,883 [INFO] 🔄 INICIANDO RONDA: 4 | Moderador: gemma2:2b
2026-04-19 15:23:46,064 [INFO] ⚖️ [MODERADOR] Generando respuesta consenso con gemma2:2b...
2026-04-19 15:24:06,523 [INFO]    ✅ Finalizado.
2026-04-19 15:24:07,530 [INFO] 📁 Procesando archivo: a-ka-band-satcom-transceiver-in-65-nm-cmos-with-high-linearity-tx-and-dual-channel-wide-dynamic-range-rx-for-terrestrial-terminal_salida.txt
2026-04-19 15:24:07,530 [INFO] 🛑 Límite de 13 preguntas alcanzado. Deteniendo...
2026-04-19 15:24:40,686 [INFO] 📁 Procesando archivo: a-compact-low-noise-frontend-for-interleaved-rx-tx-arrays-at-k-ka-band_salida.txt
2026-04-19 15:24:40,686 [INFO] 📁 Procesando archivo: a-compact-lowpass-filter-for-satellite-communication-systems-based-on-transfer-function-analysis_salida.txt
2026-04-19 15:24:40,686 [INFO] 📁 Procesando archivo: a-framework-to-classify-heterogeneous-internet-traffic-with-machine-learning-and-deep-learning-techniques-for-satellite-communications_salida.txt
2026-04-19 15:24:40,686 [INFO] 📁 Procesando archivo: a-ka-band-satcom-transceiver-in-65-nm-cmos-with-high-linearity-tx-and-dual-channel-wide-dynamic-range-rx-for-terrestrial-terminal_salida.txt
2026-04-19 15:24:40,686 [INFO] 📁 Procesando archivo: a-lagrangian-heuristic-for-satellite-range-scheduling-with-resource-constraints_salida.txt
2026-04-19 15:24:40,686 [INFO] 👉 [15] Iniciando debate...
2026-04-19 15:24:40,702 [INFO] 🔄 INICIANDO RONDA: 0 | Moderador: gemma2:2b
2026-04-19 15:24:43,343 [INFO] TOP SCORE: 0.5249515771865845
2026-04-19 15:24:43,343 [INFO] 📊 RAG: 0 tablas y 5 textos enviados al experto.
2026-04-19 15:24:45,781 [INFO] 📊 [DLB] Generando análisis técnico con qwen2.5:1.5b...
2026-04-19 15:24:45,781 [INFO] 📡 [PNM] Calculando recursos de red con deepseek-r1:1.5b...
2026-04-19 15:24:57,844 [INFO] 🔄 INICIANDO RONDA: 1 | Moderador: gemma2:2b
2026-04-19 15:24:59,702 [INFO] 📊 [DLB] Generando análisis técnico con qwen2.5:1.5b...
2026-04-19 15:24:59,702 [INFO] 📡 [PNM] Calculando recursos de red con deepseek-r1:1.5b...
2026-04-19 15:25:13,362 [INFO] 🔄 INICIANDO RONDA: 2 | Moderador: gemma2:2b
2026-04-19 15:25:15,383 [INFO] 📊 [DLB] Generando análisis técnico con qwen2.5:1.5b...
2026-04-19 15:25:15,383 [INFO] 📡 [PNM] Calculando recursos de red con deepseek-r1:1.5b...
2026-04-19 15:25:29,340 [INFO] 🔄 INICIANDO RONDA: 3 | Moderador: gemma2:2b
2026-04-19 15:25:31,233 [INFO] 📊 [DLB] Generando análisis técnico con qwen2.5:1.5b...
2026-04-19 15:25:31,233 [INFO] 📡 [PNM] Calculando recursos de red con deepseek-r1:1.5b...
2026-04-19 15:25:44,880 [INFO] 🔄 INICIANDO RONDA: 4 | Moderador: gemma2:2b
2026-04-19 15:25:46,831 [INFO] ⚖️ [MODERADOR] Generando respuesta consenso con gemma2:2b...
2026-04-19 15:26:07,845 [INFO]    ✅ Finalizado.
2026-04-19 15:26:08,845 [INFO] 👉 [16] Iniciando debate...
2026-04-19 15:26:08,845 [INFO] 🔄 INICIANDO RONDA: 0 | Moderador: gemma2:2b
2026-04-19 15:26:11,361 [INFO] TOP SCORE: -0.9431830048561096
2026-04-19 15:26:11,361 [INFO] 📊 RAG: 0 tablas y 5 textos enviados al experto.
2026-04-19 15:26:13,576 [INFO] 📊 [DLB] Generando análisis técnico con qwen2.5:1.5b...
2026-04-19 15:26:13,576 [INFO] 📡 [PNM] Calculando recursos de red con deepseek-r1:1.5b...
2026-04-19 15:26:24,803 [INFO] 🔄 INICIANDO RONDA: 1 | Moderador: gemma2:2b
2026-04-19 15:26:26,508 [INFO] 📊 [DLB] Generando análisis técnico con qwen2.5:1.5b...
2026-04-19 15:26:26,508 [INFO] 📡 [PNM] Calculando recursos de red con deepseek-r1:1.5b...
2026-04-19 15:26:43,673 [INFO] 🔄 INICIANDO RONDA: 2 | Moderador: gemma2:2b
2026-04-19 15:26:46,035 [INFO] 📊 [DLB] Generando análisis técnico con qwen2.5:1.5b...
2026-04-19 15:26:46,035 [INFO] 📡 [PNM] Calculando recursos de red con deepseek-r1:1.5b...
2026-04-19 15:27:02,599 [INFO] 🔄 INICIANDO RONDA: 3 | Moderador: gemma2:2b
2026-04-19 15:27:05,308 [INFO] 📊 [DLB] Generando análisis técnico con qwen2.5:1.5b...
2026-04-19 15:27:05,308 [INFO] 📡 [PNM] Calculando recursos de red con deepseek-r1:1.5b...
2026-04-19 15:27:19,955 [INFO] 🔄 INICIANDO RONDA: 4 | Moderador: gemma2:2b
2026-04-19 15:27:22,486 [INFO] ⚖️ [MODERADOR] Generando respuesta consenso con gemma2:2b...
2026-04-19 15:27:44,508 [INFO]    ✅ Finalizado.
2026-04-19 15:27:45,508 [INFO] 🛑 Límite de 17 preguntas alcanzado. Deteniendo...
2026-04-19 15:28:31,197 [INFO] 📁 Procesando archivo: a-compact-low-noise-frontend-for-interleaved-rx-tx-arrays-at-k-ka-band_salida.txt
2026-04-19 15:28:31,197 [INFO] 📁 Procesando archivo: a-compact-lowpass-filter-for-satellite-communication-systems-based-on-transfer-function-analysis_salida.txt
2026-04-19 15:28:31,197 [INFO] 📁 Procesando archivo: a-framework-to-classify-heterogeneous-internet-traffic-with-machine-learning-and-deep-learning-techniques-for-satellite-communications_salida.txt
2026-04-19 15:28:31,197 [INFO] 📁 Procesando archivo: a-ka-band-satcom-transceiver-in-65-nm-cmos-with-high-linearity-tx-and-dual-channel-wide-dynamic-range-rx-for-terrestrial-terminal_salida.txt
2026-04-19 15:28:31,197 [INFO] 📁 Procesando archivo: a-lagrangian-heuristic-for-satellite-range-scheduling-with-resource-constraints_salida.txt
2026-04-19 15:28:31,197 [INFO] 👉 [21] Iniciando debate...
2026-04-19 15:28:31,213 [INFO] 🔄 INICIANDO RONDA: 0 | Moderador: gemma2:2b
2026-04-19 15:28:33,697 [INFO] TOP SCORE: -4.408236980438232
2026-04-19 15:28:33,697 [INFO] 📊 RAG: 0 tablas y 5 textos enviados al experto.
2026-04-19 15:28:35,589 [INFO] 📊 [DLB] Generando análisis técnico con qwen2.5:1.5b...
2026-04-19 15:28:35,589 [INFO] 📡 [PNM] Calculando recursos de red con deepseek-r1:1.5b...
2026-04-19 15:28:45,109 [INFO] 🔄 INICIANDO RONDA: 1 | Moderador: gemma2:2b
2026-04-19 15:28:46,616 [INFO] 📊 [DLB] Generando análisis técnico con qwen2.5:1.5b...
2026-04-19 15:28:46,616 [INFO] 📡 [PNM] Calculando recursos de red con deepseek-r1:1.5b...
2026-04-19 15:29:03,315 [INFO] 🔄 INICIANDO RONDA: 2 | Moderador: gemma2:2b
2026-04-19 15:29:05,051 [INFO] 📊 [DLB] Generando análisis técnico con qwen2.5:1.5b...
2026-04-19 15:29:05,051 [INFO] 📡 [PNM] Calculando recursos de red con deepseek-r1:1.5b...
2026-04-19 15:29:15,198 [INFO] 🔄 INICIANDO RONDA: 3 | Moderador: gemma2:2b
2026-04-19 15:29:17,215 [INFO] 📊 [DLB] Generando análisis técnico con qwen2.5:1.5b...
2026-04-19 15:29:17,215 [INFO] 📡 [PNM] Calculando recursos de red con deepseek-r1:1.5b...
2026-04-19 15:29:27,155 [INFO] 🔄 INICIANDO RONDA: 4 | Moderador: gemma2:2b
2026-04-19 15:29:28,984 [INFO] ⚖️ [MODERADOR] Generando respuesta consenso con gemma2:2b...
2026-04-19 15:29:47,197 [INFO]    ✅ Finalizado.
2026-04-19 15:29:48,206 [INFO] 🛑 Límite de 22 preguntas alcanzado. Deteniendo...
2026-04-19 15:30:20,988 [INFO] 📁 Procesando archivo: a-compact-low-noise-frontend-for-interleaved-rx-tx-arrays-at-k-ka-band_salida.txt
2026-04-19 15:30:21,003 [INFO] 📁 Procesando archivo: a-compact-lowpass-filter-for-satellite-communication-systems-based-on-transfer-function-analysis_salida.txt
2026-04-19 15:30:21,003 [INFO] 📁 Procesando archivo: a-framework-to-classify-heterogeneous-internet-traffic-with-machine-learning-and-deep-learning-techniques-for-satellite-communications_salida.txt
2026-04-19 15:30:21,003 [INFO] 📁 Procesando archivo: a-ka-band-satcom-transceiver-in-65-nm-cmos-with-high-linearity-tx-and-dual-channel-wide-dynamic-range-rx-for-terrestrial-terminal_salida.txt
2026-04-19 15:30:21,003 [INFO] 📁 Procesando archivo: a-lagrangian-heuristic-for-satellite-range-scheduling-with-resource-constraints_salida.txt
2026-04-19 15:30:21,003 [INFO] 📁 Procesando archivo: a-novel-dual-polarized-continuous-transverse-stub-antenna-based-on-corrugated-waveguides-part-ii-experimental-demonstration_salida.txt
2026-04-19 15:30:21,003 [INFO] 👉 [26] Iniciando debate...
2026-04-19 15:30:21,019 [INFO] 🔄 INICIANDO RONDA: 0 | Moderador: gemma2:2b
2026-04-19 15:30:23,535 [INFO] TOP SCORE: -0.2066955715417862
2026-04-19 15:30:23,535 [INFO] 📊 RAG: 0 tablas y 5 textos enviados al experto.
2026-04-19 15:30:26,612 [INFO] 📊 [DLB] Generando análisis técnico con qwen2.5:1.5b...
2026-04-19 15:30:26,612 [INFO] 📡 [PNM] Calculando recursos de red con deepseek-r1:1.5b...
2026-04-19 15:30:37,750 [INFO] 🔄 INICIANDO RONDA: 1 | Moderador: gemma2:2b
2026-04-19 15:30:39,548 [INFO] 📊 [DLB] Generando análisis técnico con qwen2.5:1.5b...
2026-04-19 15:30:39,548 [INFO] 📡 [PNM] Calculando recursos de red con deepseek-r1:1.5b...
2026-04-19 15:30:50,654 [INFO] 🔄 INICIANDO RONDA: 2 | Moderador: gemma2:2b
2026-04-19 15:30:52,511 [INFO] 📊 [DLB] Generando análisis técnico con qwen2.5:1.5b...
2026-04-19 15:30:52,511 [INFO] 📡 [PNM] Calculando recursos de red con deepseek-r1:1.5b...
2026-04-19 15:31:05,553 [INFO] 🔄 INICIANDO RONDA: 3 | Moderador: gemma2:2b
2026-04-19 15:31:07,734 [INFO] 📊 [DLB] Generando análisis técnico con qwen2.5:1.5b...
2026-04-19 15:31:07,734 [INFO] 📡 [PNM] Calculando recursos de red con deepseek-r1:1.5b...
2026-04-19 15:31:26,102 [INFO] 🔄 INICIANDO RONDA: 4 | Moderador: gemma2:2b
2026-04-19 15:31:29,207 [INFO] ⚖️ [MODERADOR] Generando respuesta consenso con gemma2:2b...
2026-04-19 15:32:01,040 [INFO]    ✅ Finalizado.
2026-04-19 15:32:02,050 [INFO] 👉 [27] Iniciando debate...
2026-04-19 15:32:02,050 [INFO] 🔄 INICIANDO RONDA: 0 | Moderador: gemma2:2b
2026-04-19 15:32:04,534 [INFO] TOP SCORE: -2.8870604038238525
2026-04-19 15:32:04,534 [INFO] 📊 RAG: 0 tablas y 5 textos enviados al experto.
2026-04-19 15:32:06,876 [INFO] 📊 [DLB] Generando análisis técnico con qwen2.5:1.5b...
2026-04-19 15:32:06,876 [INFO] 📡 [PNM] Calculando recursos de red con deepseek-r1:1.5b...
2026-04-19 15:32:18,817 [INFO] 🔄 INICIANDO RONDA: 1 | Moderador: gemma2:2b
2026-04-19 15:32:20,700 [INFO] 📊 [DLB] Generando análisis técnico con qwen2.5:1.5b...
2026-04-19 15:32:20,700 [INFO] 📡 [PNM] Calculando recursos de red con deepseek-r1:1.5b...
2026-04-19 15:32:31,906 [INFO] 🔄 INICIANDO RONDA: 2 | Moderador: gemma2:2b
2026-04-19 15:32:33,621 [INFO] 📊 [DLB] Generando análisis técnico con qwen2.5:1.5b...
2026-04-19 15:32:33,621 [INFO] 📡 [PNM] Calculando recursos de red con deepseek-r1:1.5b...
2026-04-19 15:32:44,450 [INFO] 🔄 INICIANDO RONDA: 3 | Moderador: gemma2:2b
2026-04-19 15:32:46,848 [INFO] 📊 [DLB] Generando análisis técnico con qwen2.5:1.5b...
2026-04-19 15:32:46,848 [INFO] 📡 [PNM] Calculando recursos de red con deepseek-r1:1.5b...
2026-04-19 15:33:02,263 [INFO] 🔄 INICIANDO RONDA: 4 | Moderador: gemma2:2b
2026-04-19 15:33:04,289 [INFO] ⚖️ [MODERADOR] Generando respuesta consenso con gemma2:2b...
2026-04-19 15:33:25,099 [INFO]    ✅ Finalizado.
2026-04-19 15:33:26,107 [INFO] 📁 Procesando archivo: a-reflector-antenna-concept-robust-against-feed-failures-for-satellite-communications_salida.txt
2026-04-19 15:33:26,107 [INFO] 🛑 Límite de 28 preguntas alcanzado. Deteniendo...
2026-04-19 15:35:29,237 [INFO] 📁 Procesando archivo: a-compact-low-noise-frontend-for-interleaved-rx-tx-arrays-at-k-ka-band_salida.txt
2026-04-19 15:35:29,237 [INFO] 📁 Procesando archivo: a-compact-lowpass-filter-for-satellite-communication-systems-based-on-transfer-function-analysis_salida.txt
2026-04-19 15:35:29,237 [INFO] 📁 Procesando archivo: a-framework-to-classify-heterogeneous-internet-traffic-with-machine-learning-and-deep-learning-techniques-for-satellite-communications_salida.txt
2026-04-19 15:35:29,237 [INFO] 📁 Procesando archivo: a-ka-band-satcom-transceiver-in-65-nm-cmos-with-high-linearity-tx-and-dual-channel-wide-dynamic-range-rx-for-terrestrial-terminal_salida.txt
2026-04-19 15:35:29,237 [INFO] 📁 Procesando archivo: a-lagrangian-heuristic-for-satellite-range-scheduling-with-resource-constraints_salida.txt
2026-04-19 15:35:29,237 [INFO] 📁 Procesando archivo: a-novel-dual-polarized-continuous-transverse-stub-antenna-based-on-corrugated-waveguides-part-ii-experimental-demonstration_salida.txt
2026-04-19 15:35:29,237 [INFO] 📁 Procesando archivo: a-reflector-antenna-concept-robust-against-feed-failures-for-satellite-communications_salida.txt
2026-04-19 15:35:29,237 [INFO] 📁 Procesando archivo: a-survey-on-communication-networks-for-electric-system-automation_salida.txt
2026-04-19 15:35:29,237 [INFO] 📁 Procesando archivo: a-wideband-high-gain-high-efficiency-hybrid-integrated-plate-array-antenna-for-v-band-inter-satellite-links_salida.txt
2026-04-19 15:35:29,237 [INFO] 📁 Procesando archivo: aeronautical-ad-hoc-networking-for-the-internet-above-the-clouds_salida.txt
2026-04-19 15:35:29,252 [INFO] 👉 [49] Iniciando debate...
2026-04-19 15:35:29,268 [INFO] 🔄 INICIANDO RONDA: 0 | Moderador: gemma2:2b
2026-04-19 15:35:31,830 [INFO] TOP SCORE: -0.15298324823379517
2026-04-19 15:35:31,830 [INFO] 📊 RAG: 0 tablas y 5 textos enviados al experto.
2026-04-19 15:35:34,086 [INFO] 📊 [DLB] Generando análisis técnico con qwen2.5:1.5b...
2026-04-19 15:35:34,086 [INFO] 📡 [PNM] Calculando recursos de red con deepseek-r1:1.5b...
2026-04-19 15:35:47,706 [INFO] 🔄 INICIANDO RONDA: 1 | Moderador: gemma2:2b
2026-04-19 15:35:49,791 [INFO] 📊 [DLB] Generando análisis técnico con qwen2.5:1.5b...
2026-04-19 15:35:49,791 [INFO] 📡 [PNM] Calculando recursos de red con deepseek-r1:1.5b...
2026-04-19 15:35:58,723 [INFO] 🔄 INICIANDO RONDA: 2 | Moderador: gemma2:2b
2026-04-19 15:36:00,664 [INFO] 📊 [DLB] Generando análisis técnico con qwen2.5:1.5b...
2026-04-19 15:36:00,664 [INFO] 📡 [PNM] Calculando recursos de red con deepseek-r1:1.5b...
2026-04-19 15:36:10,276 [INFO] 🔄 INICIANDO RONDA: 3 | Moderador: gemma2:2b
2026-04-19 15:36:12,386 [INFO] 📊 [DLB] Generando análisis técnico con qwen2.5:1.5b...
2026-04-19 15:36:12,386 [INFO] 📡 [PNM] Calculando recursos de red con deepseek-r1:1.5b...
2026-04-19 15:36:25,413 [INFO] 🔄 INICIANDO RONDA: 4 | Moderador: gemma2:2b
2026-04-19 15:36:27,923 [INFO] ⚖️ [MODERADOR] Generando respuesta consenso con gemma2:2b...
2026-04-19 15:36:50,741 [INFO]    ✅ Finalizado.
2026-04-19 15:36:51,755 [INFO] 🛑 Límite de 50 preguntas alcanzado. Deteniendo...
2026-05-20 18:38:27,989 [INFO] 📁 Procesando archivo: a-compact-low-noise-frontend-for-interleaved-rx-tx-arrays-at-k-ka-band_salida.txt
2026-05-20 18:38:28,004 [INFO] 📁 Procesando archivo: a-compact-lowpass-filter-for-satellite-communication-systems-based-on-transfer-function-analysis_salida.txt
2026-05-20 18:38:28,004 [INFO] 📁 Procesando archivo: a-framework-to-classify-heterogeneous-internet-traffic-with-machine-learning-and-deep-learning-techniques-for-satellite-communications_salida.txt
2026-05-20 18:38:28,020 [INFO] 📁 Procesando archivo: a-ka-band-satcom-transceiver-in-65-nm-cmos-with-high-linearity-tx-and-dual-channel-wide-dynamic-range-rx-for-terrestrial-terminal_salida.txt
2026-05-20 18:38:28,035 [INFO] 📁 Procesando archivo: a-lagrangian-heuristic-for-satellite-range-scheduling-with-resource-constraints_salida.txt
2026-05-20 18:38:28,035 [INFO] 📁 Procesando archivo: a-novel-dual-polarized-continuous-transverse-stub-antenna-based-on-corrugated-waveguides-part-ii-experimental-demonstration_salida.txt
2026-05-20 18:38:28,051 [INFO] 📁 Procesando archivo: a-reflector-antenna-concept-robust-against-feed-failures-for-satellite-communications_salida.txt
2026-05-20 18:38:28,051 [INFO] 📁 Procesando archivo: a-survey-on-communication-networks-for-electric-system-automation_salida.txt
2026-05-20 18:38:28,067 [INFO] 📁 Procesando archivo: a-wideband-high-gain-high-efficiency-hybrid-integrated-plate-array-antenna-for-v-band-inter-satellite-links_salida.txt
2026-05-20 18:38:28,067 [INFO] 👉 [41] Iniciando debate...
2026-05-20 18:38:28,098 [INFO] 🔄 INICIANDO RONDA: 0 | Moderador: llama3.3:70b
2026-05-20 18:38:30,913 [INFO] TOP SCORE: 4.697839260101318
2026-05-20 18:38:30,913 [INFO] 📊 RAG: 0 tablas y 5 textos enviados al experto.
2026-05-20 18:39:52,106 [INFO] 📊 [DLB] Generando análisis técnico con llama3.3:70b...
2026-05-20 18:39:52,106 [INFO] 📡 [PNM] Calculando recursos de red con llama3.3:70b...
2026-05-20 18:40:41,797 [INFO] 🔄 INICIANDO RONDA: 1 | Moderador: llama3.3:70b
2026-05-20 18:41:03,037 [INFO] 📊 [DLB] Generando análisis técnico con llama3.3:70b...
2026-05-20 18:41:03,037 [INFO] 📡 [PNM] Calculando recursos de red con llama3.3:70b...
2026-05-20 18:41:59,578 [INFO] 🔄 INICIANDO RONDA: 2 | Moderador: llama3.3:70b
2026-05-20 18:42:22,175 [INFO] 📊 [DLB] Generando análisis técnico con llama3.3:70b...
2026-05-20 18:42:22,175 [INFO] 📡 [PNM] Calculando recursos de red con llama3.3:70b...
2026-05-20 18:43:18,441 [INFO] 🔄 INICIANDO RONDA: 3 | Moderador: llama3.3:70b
2026-05-20 18:43:38,286 [INFO] 📊 [DLB] Generando análisis técnico con llama3.3:70b...
2026-05-20 18:43:38,286 [INFO] 📡 [PNM] Calculando recursos de red con llama3.3:70b...
2026-05-20 18:44:31,666 [INFO] 🔄 INICIANDO RONDA: 4 | Moderador: llama3.3:70b
2026-05-20 18:44:51,639 [INFO] ⚖️ [MODERADOR] Generando respuesta consenso con llama3.3:70b...
2026-05-20 18:45:44,926 [INFO]    ✅ Finalizado.
2026-05-20 18:45:45,926 [INFO] 👉 [42] Iniciando debate...
2026-05-20 18:45:45,926 [INFO] 🔄 INICIANDO RONDA: 0 | Moderador: llama3.3:70b
2026-05-20 18:45:48,491 [INFO] TOP SCORE: 0.26210442185401917
2026-05-20 18:45:48,491 [INFO] 📊 RAG: 0 tablas y 5 textos enviados al experto.
2026-05-20 18:46:13,266 [INFO] 📊 [DLB] Generando análisis técnico con llama3.3:70b...
2026-05-20 18:46:13,266 [INFO] 📡 [PNM] Calculando recursos de red con llama3.3:70b...
2026-05-20 18:46:57,393 [INFO] 🔄 INICIANDO RONDA: 1 | Moderador: llama3.3:70b
2026-05-20 18:47:15,624 [INFO] 📊 [DLB] Generando análisis técnico con llama3.3:70b...
2026-05-20 18:47:15,624 [INFO] 📡 [PNM] Calculando recursos de red con llama3.3:70b...
2026-05-20 18:48:01,032 [INFO] 🔄 INICIANDO RONDA: 2 | Moderador: llama3.3:70b
2026-05-20 18:48:19,608 [INFO] 📊 [DLB] Generando análisis técnico con llama3.3:70b...
2026-05-20 18:48:19,608 [INFO] 📡 [PNM] Calculando recursos de red con llama3.3:70b...
2026-05-20 18:49:08,599 [INFO] 🔄 INICIANDO RONDA: 3 | Moderador: llama3.3:70b
2026-05-20 18:49:28,260 [INFO] 📊 [DLB] Generando análisis técnico con llama3.3:70b...
2026-05-20 18:49:28,260 [INFO] 📡 [PNM] Calculando recursos de red con llama3.3:70b...
2026-05-20 18:50:20,020 [INFO] 🔄 INICIANDO RONDA: 4 | Moderador: llama3.3:70b
2026-05-20 18:50:37,754 [INFO] ⚖️ [MODERADOR] Generando respuesta consenso con llama3.3:70b...
2026-05-20 18:51:26,148 [INFO]    ✅ Finalizado.
2026-05-20 18:51:27,161 [INFO] 👉 [43] Iniciando debate...
2026-05-20 18:51:27,161 [INFO] 🔄 INICIANDO RONDA: 0 | Moderador: llama3.3:70b
2026-05-20 18:51:29,600 [INFO] TOP SCORE: -1.7766869068145752
2026-05-20 18:51:29,600 [INFO] 📊 RAG: 0 tablas y 5 textos enviados al experto.
2026-05-20 18:51:54,644 [INFO] 📊 [DLB] Generando análisis técnico con llama3.3:70b...
2026-05-20 18:51:54,644 [INFO] 📡 [PNM] Calculando recursos de red con llama3.3:70b...
2026-05-20 18:52:43,411 [INFO] 🔄 INICIANDO RONDA: 1 | Moderador: llama3.3:70b
2026-05-20 18:53:03,922 [INFO] 📊 [DLB] Generando análisis técnico con llama3.3:70b...
2026-05-20 18:53:03,922 [INFO] 📡 [PNM] Calculando recursos de red con llama3.3:70b...
2026-05-20 18:53:56,971 [INFO] 🔄 INICIANDO RONDA: 2 | Moderador: llama3.3:70b
2026-05-20 18:54:15,235 [INFO] 📊 [DLB] Generando análisis técnico con llama3.3:70b...
2026-05-20 18:54:15,235 [INFO] 📡 [PNM] Calculando recursos de red con llama3.3:70b...
2026-05-20 18:55:05,558 [INFO] 🔄 INICIANDO RONDA: 3 | Moderador: llama3.3:70b
2026-05-20 18:55:26,500 [INFO] 📊 [DLB] Generando análisis técnico con llama3.3:70b...
2026-05-20 18:55:26,500 [INFO] 📡 [PNM] Calculando recursos de red con llama3.3:70b...
2026-05-20 18:56:20,361 [INFO] 🔄 INICIANDO RONDA: 4 | Moderador: llama3.3:70b
2026-05-20 18:56:39,400 [INFO] ⚖️ [MODERADOR] Generando respuesta consenso con llama3.3:70b...
2026-05-20 18:57:31,932 [INFO]    ✅ Finalizado.
2026-05-20 18:57:32,947 [INFO] 👉 [44] Iniciando debate...
2026-05-20 18:57:32,947 [INFO] 🔄 INICIANDO RONDA: 0 | Moderador: llama3.3:70b
2026-05-20 18:57:35,418 [INFO] TOP SCORE: -0.48244673013687134
2026-05-20 18:57:35,418 [INFO] 📊 RAG: 0 tablas y 5 textos enviados al experto.
2026-05-20 18:57:58,290 [INFO] 📊 [DLB] Generando análisis técnico con llama3.3:70b...
2026-05-20 18:57:58,290 [INFO] 📡 [PNM] Calculando recursos de red con llama3.3:70b...
2026-05-20 18:58:43,962 [INFO] 🔄 INICIANDO RONDA: 1 | Moderador: llama3.3:70b
2026-05-20 18:59:01,041 [INFO] 📊 [DLB] Generando análisis técnico con llama3.3:70b...
2026-05-20 18:59:01,041 [INFO] 📡 [PNM] Calculando recursos de red con llama3.3:70b...
2026-05-20 18:59:47,904 [INFO] 🔄 INICIANDO RONDA: 2 | Moderador: llama3.3:70b
2026-05-20 19:00:04,752 [INFO] 📊 [DLB] Generando análisis técnico con llama3.3:70b...
2026-05-20 19:00:04,752 [INFO] 📡 [PNM] Calculando recursos de red con llama3.3:70b...
2026-05-20 19:00:56,467 [INFO] 🔄 INICIANDO RONDA: 3 | Moderador: llama3.3:70b
2026-05-20 19:01:14,853 [INFO] 📊 [DLB] Generando análisis técnico con llama3.3:70b...
2026-05-20 19:01:14,853 [INFO] 📡 [PNM] Calculando recursos de red con llama3.3:70b...
2026-05-20 19:02:02,598 [INFO] 🔄 INICIANDO RONDA: 4 | Moderador: llama3.3:70b
2026-05-20 19:02:21,096 [INFO] ⚖️ [MODERADOR] Generando respuesta consenso con llama3.3:70b...
2026-05-20 19:03:11,284 [INFO]    ✅ Finalizado.
2026-05-20 19:03:12,298 [INFO] 👉 [45] Iniciando debate...
2026-05-20 19:03:12,298 [INFO] 🔄 INICIANDO RONDA: 0 | Moderador: llama3.3:70b
2026-05-20 19:03:14,691 [INFO] TOP SCORE: -0.6884428262710571
2026-05-20 19:03:14,691 [INFO] 📊 RAG: 1 tablas y 5 textos enviados al experto.
2026-05-20 19:03:40,774 [INFO] 📊 [DLB] Generando análisis técnico con llama3.3:70b...
2026-05-20 19:03:40,775 [INFO] 📡 [PNM] Calculando recursos de red con llama3.3:70b...
2026-05-20 19:04:29,536 [INFO] 🔄 INICIANDO RONDA: 1 | Moderador: llama3.3:70b
2026-05-20 19:04:48,566 [INFO] 📊 [DLB] Generando análisis técnico con llama3.3:70b...
2026-05-20 19:04:48,566 [INFO] 📡 [PNM] Calculando recursos de red con llama3.3:70b...
2026-05-20 19:05:39,651 [INFO] 🔄 INICIANDO RONDA: 2 | Moderador: llama3.3:70b
2026-05-20 19:05:57,219 [INFO] 📊 [DLB] Generando análisis técnico con llama3.3:70b...
2026-05-20 19:05:57,219 [INFO] 📡 [PNM] Calculando recursos de red con llama3.3:70b...
2026-05-20 19:06:46,310 [INFO] 🔄 INICIANDO RONDA: 3 | Moderador: llama3.3:70b
2026-05-20 19:07:04,562 [INFO] 📊 [DLB] Generando análisis técnico con llama3.3:70b...
2026-05-20 19:07:04,562 [INFO] 📡 [PNM] Calculando recursos de red con llama3.3:70b...
2026-05-20 19:07:53,632 [INFO] 🔄 INICIANDO RONDA: 4 | Moderador: llama3.3:70b
2026-05-20 19:08:12,951 [INFO] ⚖️ [MODERADOR] Generando respuesta consenso con llama3.3:70b...
2026-05-20 19:08:59,584 [INFO]    ✅ Finalizado.
2026-05-20 19:09:00,598 [INFO] 👉 [46] Iniciando debate...
2026-05-20 19:09:00,598 [INFO] 🔄 INICIANDO RONDA: 0 | Moderador: llama3.3:70b
2026-05-20 19:09:03,084 [INFO] TOP SCORE: -0.5709457993507385
2026-05-20 19:09:03,084 [INFO] 📊 RAG: 0 tablas y 5 textos enviados al experto.
2026-05-20 19:09:30,340 [INFO] 📊 [DLB] Generando análisis técnico con llama3.3:70b...
2026-05-20 19:09:30,340 [INFO] 📡 [PNM] Calculando recursos de red con llama3.3:70b...
2026-05-20 19:10:22,150 [INFO] 🔄 INICIANDO RONDA: 1 | Moderador: llama3.3:70b
2026-05-20 19:10:43,470 [INFO] 📊 [DLB] Generando análisis técnico con llama3.3:70b...
2026-05-20 19:10:43,470 [INFO] 📡 [PNM] Calculando recursos de red con llama3.3:70b...
2026-05-20 19:11:35,415 [INFO] 🔄 INICIANDO RONDA: 2 | Moderador: llama3.3:70b
2026-05-20 19:11:54,740 [INFO] 📊 [DLB] Generando análisis técnico con llama3.3:70b...
2026-05-20 19:11:54,740 [INFO] 📡 [PNM] Calculando recursos de red con llama3.3:70b...
2026-05-20 19:12:45,475 [INFO] 🔄 INICIANDO RONDA: 3 | Moderador: llama3.3:70b
2026-05-20 19:13:05,213 [INFO] 📊 [DLB] Generando análisis técnico con llama3.3:70b...
2026-05-20 19:13:05,213 [INFO] 📡 [PNM] Calculando recursos de red con llama3.3:70b...
2026-05-20 19:13:56,717 [INFO] 🔄 INICIANDO RONDA: 4 | Moderador: llama3.3:70b
2026-05-20 19:14:18,868 [INFO] ⚖️ [MODERADOR] Generando respuesta consenso con llama3.3:70b...
2026-05-20 19:15:11,179 [INFO]    ✅ Finalizado.
2026-05-20 19:15:12,190 [INFO] 📁 Procesando archivo: aeronautical-ad-hoc-networking-for-the-internet-above-the-clouds_salida.txt
2026-05-20 19:15:12,206 [INFO] 👉 [47] Iniciando debate...
2026-05-20 19:15:12,206 [INFO] 🔄 INICIANDO RONDA: 0 | Moderador: llama3.3:70b
2026-05-20 19:15:14,801 [INFO] TOP SCORE: 1.8059589862823486
2026-05-20 19:15:14,801 [INFO] 📊 RAG: 0 tablas y 5 textos enviados al experto.
2026-05-20 19:15:41,373 [INFO] 📊 [DLB] Generando análisis técnico con llama3.3:70b...
2026-05-20 19:15:41,373 [INFO] 📡 [PNM] Calculando recursos de red con llama3.3:70b...
2026-05-20 19:16:26,253 [INFO] 🔄 INICIANDO RONDA: 1 | Moderador: llama3.3:70b
2026-05-20 19:16:42,168 [INFO] 📊 [DLB] Generando análisis técnico con llama3.3:70b...
2026-05-20 19:16:42,168 [INFO] 📡 [PNM] Calculando recursos de red con llama3.3:70b...
2026-05-20 19:17:35,003 [INFO] 🔄 INICIANDO RONDA: 2 | Moderador: llama3.3:70b
2026-05-20 19:17:55,180 [INFO] 📊 [DLB] Generando análisis técnico con llama3.3:70b...
2026-05-20 19:17:55,180 [INFO] 📡 [PNM] Calculando recursos de red con llama3.3:70b...
2026-05-20 19:18:42,546 [INFO] 🔄 INICIANDO RONDA: 3 | Moderador: llama3.3:70b
2026-05-20 19:18:59,024 [INFO] 📊 [DLB] Generando análisis técnico con llama3.3:70b...
2026-05-20 19:18:59,024 [INFO] 📡 [PNM] Calculando recursos de red con llama3.3:70b...
2026-05-20 19:19:49,171 [INFO] 🔄 INICIANDO RONDA: 4 | Moderador: llama3.3:70b
2026-05-20 19:20:07,162 [INFO] ⚖️ [MODERADOR] Generando respuesta consenso con llama3.3:70b...
2026-05-20 19:20:56,183 [INFO]    ✅ Finalizado.
2026-05-20 19:20:57,194 [INFO] 👉 [48] Iniciando debate...
2026-05-20 19:20:57,194 [INFO] 🔄 INICIANDO RONDA: 0 | Moderador: llama3.3:70b
2026-05-20 19:20:59,556 [INFO] TOP SCORE: 0.2539190351963043
2026-05-20 19:20:59,556 [INFO] 📊 RAG: 0 tablas y 5 textos enviados al experto.
2026-05-20 19:21:19,786 [INFO] 📊 [DLB] Generando análisis técnico con llama3.3:70b...
2026-05-20 19:21:19,786 [INFO] 📡 [PNM] Calculando recursos de red con llama3.3:70b...
2026-05-20 19:22:01,917 [INFO] 🔄 INICIANDO RONDA: 1 | Moderador: llama3.3:70b
2026-05-20 19:22:23,276 [INFO] 📊 [DLB] Generando análisis técnico con llama3.3:70b...
2026-05-20 19:22:23,276 [INFO] 📡 [PNM] Calculando recursos de red con llama3.3:70b...
2026-05-20 19:23:13,286 [INFO] 🔄 INICIANDO RONDA: 2 | Moderador: llama3.3:70b
2026-05-20 19:23:34,704 [INFO] 📊 [DLB] Generando análisis técnico con llama3.3:70b...
2026-05-20 19:23:34,704 [INFO] 📡 [PNM] Calculando recursos de red con llama3.3:70b...
2026-05-20 19:24:16,854 [INFO] 🔄 INICIANDO RONDA: 3 | Moderador: llama3.3:70b
2026-05-20 19:24:38,001 [INFO] 📊 [DLB] Generando análisis técnico con llama3.3:70b...
2026-05-20 19:24:38,001 [INFO] 📡 [PNM] Calculando recursos de red con llama3.3:70b...
2026-05-20 19:25:21,481 [INFO] 🔄 INICIANDO RONDA: 4 | Moderador: llama3.3:70b
2026-05-20 19:25:41,278 [INFO] ⚖️ [MODERADOR] Generando respuesta consenso con llama3.3:70b...
2026-05-20 19:26:27,594 [INFO]    ✅ Finalizado.
2026-05-20 19:26:28,606 [INFO] 👉 [49] Iniciando debate...
2026-05-20 19:26:28,606 [INFO] 🔄 INICIANDO RONDA: 0 | Moderador: llama3.3:70b
2026-05-20 19:26:31,107 [INFO] TOP SCORE: -0.15298324823379517
2026-05-20 19:26:31,107 [INFO] 📊 RAG: 0 tablas y 5 textos enviados al experto.
2026-05-20 19:26:59,323 [INFO] 📊 [DLB] Generando análisis técnico con llama3.3:70b...
2026-05-20 19:26:59,323 [INFO] 📡 [PNM] Calculando recursos de red con llama3.3:70b...
2026-05-20 19:27:48,675 [INFO] 🔄 INICIANDO RONDA: 1 | Moderador: llama3.3:70b
2026-05-20 19:28:09,514 [INFO] 📊 [DLB] Generando análisis técnico con llama3.3:70b...
2026-05-20 19:28:09,514 [INFO] 📡 [PNM] Calculando recursos de red con llama3.3:70b...
2026-05-20 19:29:02,742 [INFO] 🔄 INICIANDO RONDA: 2 | Moderador: llama3.3:70b
2026-05-20 19:29:23,490 [INFO] 📊 [DLB] Generando análisis técnico con llama3.3:70b...
2026-05-20 19:29:23,490 [INFO] 📡 [PNM] Calculando recursos de red con llama3.3:70b...
2026-05-20 19:30:22,607 [INFO] 🔄 INICIANDO RONDA: 3 | Moderador: llama3.3:70b
2026-05-20 19:30:42,630 [INFO] 📊 [DLB] Generando análisis técnico con llama3.3:70b...
2026-05-20 19:30:42,630 [INFO] 📡 [PNM] Calculando recursos de red con llama3.3:70b...
2026-05-20 19:31:37,152 [INFO] 🔄 INICIANDO RONDA: 4 | Moderador: llama3.3:70b
2026-05-20 19:31:57,632 [INFO] ⚖️ [MODERADOR] Generando respuesta consenso con llama3.3:70b...
2026-05-20 19:32:54,858 [INFO]    ✅ Finalizado.
2026-05-20 19:32:55,865 [INFO] 🛑 Límite de 50 preguntas alcanzado. Deteniendo...
2026-05-20 19:33:33,742 [INFO] 📁 Procesando archivo: a-compact-low-noise-frontend-for-interleaved-rx-tx-arrays-at-k-ka-band_salida.txt
2026-05-20 19:33:33,742 [INFO] 📁 Procesando archivo: a-compact-lowpass-filter-for-satellite-communication-systems-based-on-transfer-function-analysis_salida.txt
2026-05-20 19:33:33,742 [INFO] 📁 Procesando archivo: a-framework-to-classify-heterogeneous-internet-traffic-with-machine-learning-and-deep-learning-techniques-for-satellite-communications_salida.txt
2026-05-20 19:33:33,742 [INFO] 📁 Procesando archivo: a-ka-band-satcom-transceiver-in-65-nm-cmos-with-high-linearity-tx-and-dual-channel-wide-dynamic-range-rx-for-terrestrial-terminal_salida.txt
2026-05-20 19:33:33,742 [INFO] 📁 Procesando archivo: a-lagrangian-heuristic-for-satellite-range-scheduling-with-resource-constraints_salida.txt
2026-05-20 19:33:33,742 [INFO] 📁 Procesando archivo: a-novel-dual-polarized-continuous-transverse-stub-antenna-based-on-corrugated-waveguides-part-ii-experimental-demonstration_salida.txt
2026-05-20 19:33:33,742 [INFO] 📁 Procesando archivo: a-reflector-antenna-concept-robust-against-feed-failures-for-satellite-communications_salida.txt
2026-05-20 19:33:33,742 [INFO] 📁 Procesando archivo: a-survey-on-communication-networks-for-electric-system-automation_salida.txt
2026-05-20 19:33:33,742 [INFO] 📁 Procesando archivo: a-wideband-high-gain-high-efficiency-hybrid-integrated-plate-array-antenna-for-v-band-inter-satellite-links_salida.txt
2026-05-20 19:33:33,742 [INFO] 📁 Procesando archivo: aeronautical-ad-hoc-networking-for-the-internet-above-the-clouds_salida.txt
2026-05-20 19:33:33,742 [INFO] 👉 [50] Iniciando debate...
2026-05-20 19:33:33,757 [INFO] 🔄 INICIANDO RONDA: 0 | Moderador: llama3.3:70b
2026-05-20 19:33:36,400 [INFO] TOP SCORE: -2.808699369430542
2026-05-20 19:33:36,400 [INFO] 📊 RAG: 0 tablas y 5 textos enviados al experto.
2026-05-20 19:34:02,557 [INFO] 📊 [DLB] Generando análisis técnico con llama3.3:70b...
2026-05-20 19:34:02,559 [INFO] 📡 [PNM] Calculando recursos de red con llama3.3:70b...
2026-05-20 19:34:50,916 [INFO] 🔄 INICIANDO RONDA: 1 | Moderador: llama3.3:70b
2026-05-20 19:35:08,445 [INFO] 📊 [DLB] Generando análisis técnico con llama3.3:70b...
2026-05-20 19:35:08,445 [INFO] 📡 [PNM] Calculando recursos de red con llama3.3:70b...
2026-05-20 19:35:56,488 [INFO] 🔄 INICIANDO RONDA: 2 | Moderador: llama3.3:70b
2026-05-20 19:36:16,983 [INFO] 📊 [DLB] Generando análisis técnico con llama3.3:70b...
2026-05-20 19:36:16,983 [INFO] 📡 [PNM] Calculando recursos de red con llama3.3:70b...
2026-05-20 19:37:02,913 [INFO] 🔄 INICIANDO RONDA: 3 | Moderador: llama3.3:70b
2026-05-20 19:37:20,960 [INFO] 📊 [DLB] Generando análisis técnico con llama3.3:70b...
2026-05-20 19:37:20,960 [INFO] 📡 [PNM] Calculando recursos de red con llama3.3:70b...
2026-05-20 19:38:05,765 [INFO] 🔄 INICIANDO RONDA: 4 | Moderador: llama3.3:70b
2026-05-20 19:38:25,527 [INFO] ⚖️ [MODERADOR] Generando respuesta consenso con llama3.3:70b...
2026-05-20 19:39:15,782 [INFO]    ✅ Finalizado.
2026-05-20 19:39:16,797 [INFO] 🛑 Límite de 51 preguntas alcanzado. Deteniendo...
2026-05-20 20:09:50,223 [INFO] 📁 Procesando archivo: a-compact-low-noise-frontend-for-interleaved-rx-tx-arrays-at-k-ka-band_salida.txt
2026-05-20 20:09:50,223 [INFO] 📁 Procesando archivo: a-compact-lowpass-filter-for-satellite-communication-systems-based-on-transfer-function-analysis_salida.txt
2026-05-20 20:09:50,223 [INFO] 📁 Procesando archivo: a-framework-to-classify-heterogeneous-internet-traffic-with-machine-learning-and-deep-learning-techniques-for-satellite-communications_salida.txt
2026-05-20 20:09:50,223 [INFO] 📁 Procesando archivo: a-ka-band-satcom-transceiver-in-65-nm-cmos-with-high-linearity-tx-and-dual-channel-wide-dynamic-range-rx-for-terrestrial-terminal_salida.txt
2026-05-20 20:09:50,223 [INFO] 📁 Procesando archivo: a-lagrangian-heuristic-for-satellite-range-scheduling-with-resource-constraints_salida.txt
2026-05-20 20:09:50,223 [INFO] 📁 Procesando archivo: a-novel-dual-polarized-continuous-transverse-stub-antenna-based-on-corrugated-waveguides-part-ii-experimental-demonstration_salida.txt
2026-05-20 20:09:50,223 [INFO] 📁 Procesando archivo: a-reflector-antenna-concept-robust-against-feed-failures-for-satellite-communications_salida.txt
2026-05-20 20:09:50,223 [INFO] 📁 Procesando archivo: a-survey-on-communication-networks-for-electric-system-automation_salida.txt
2026-05-20 20:09:50,223 [INFO] 📁 Procesando archivo: a-wideband-high-gain-high-efficiency-hybrid-integrated-plate-array-antenna-for-v-band-inter-satellite-links_salida.txt
2026-05-20 20:09:50,223 [INFO] 👉 [41] Iniciando debate...
2026-05-20 20:09:50,238 [INFO] 🔄 INICIANDO RONDA: 0 | Moderador: llama3.3:70b
2026-05-20 20:09:53,100 [INFO] TOP SCORE: 4.697839260101318
2026-05-20 20:09:53,100 [INFO] 📊 RAG: 0 tablas y 5 textos enviados al experto.
2026-05-20 20:10:58,364 [INFO] 📊 [DLB] Generando análisis técnico con deepseek-r1:70b...
2026-05-20 20:10:58,365 [INFO] 📡 [PNM] Calculando recursos de red con qwen2.5:72b...
2026-05-20 20:15:49,489 [INFO] 🔄 INICIANDO RONDA: 1 | Moderador: llama3.3:70b
2026-05-20 20:16:50,678 [INFO] 📊 [DLB] Generando análisis técnico con deepseek-r1:70b...
2026-05-20 20:16:50,678 [INFO] 📡 [PNM] Calculando recursos de red con qwen2.5:72b...
2026-05-20 20:21:00,762 [INFO] 🔄 INICIANDO RONDA: 2 | Moderador: llama3.3:70b
2026-05-20 20:22:04,124 [INFO] 📊 [DLB] Generando análisis técnico con deepseek-r1:70b...
2026-05-20 20:22:04,124 [INFO] 📡 [PNM] Calculando recursos de red con qwen2.5:72b...
2026-05-20 20:26:54,874 [INFO] 🔄 INICIANDO RONDA: 3 | Moderador: llama3.3:70b
2026-05-20 20:27:58,837 [INFO] 📊 [DLB] Generando análisis técnico con deepseek-r1:70b...
2026-05-20 20:27:58,837 [INFO] 📡 [PNM] Calculando recursos de red con qwen2.5:72b...
2026-05-20 20:32:47,831 [INFO] 🔄 INICIANDO RONDA: 4 | Moderador: llama3.3:70b
2026-05-20 20:33:51,600 [INFO] ⚖️ [MODERADOR] Generando respuesta consenso con llama3.3:70b...
2026-05-20 20:35:26,182 [INFO]    ✅ Finalizado.
2026-05-20 20:35:27,184 [INFO] 👉 [42] Iniciando debate...
2026-05-20 20:35:27,184 [INFO] 🔄 INICIANDO RONDA: 0 | Moderador: llama3.3:70b
2026-05-20 20:35:29,726 [INFO] TOP SCORE: 0.26210442185401917
2026-05-20 20:35:29,726 [INFO] 📊 RAG: 0 tablas y 5 textos enviados al experto.
2026-05-20 20:36:32,111 [INFO] 📊 [DLB] Generando análisis técnico con deepseek-r1:70b...
2026-05-20 20:36:32,112 [INFO] 📡 [PNM] Calculando recursos de red con qwen2.5:72b...
2026-05-20 20:40:34,562 [INFO] 🔄 INICIANDO RONDA: 1 | Moderador: llama3.3:70b
2026-05-20 20:41:32,516 [INFO] 📊 [DLB] Generando análisis técnico con deepseek-r1:70b...
2026-05-20 20:41:32,516 [INFO] 📡 [PNM] Calculando recursos de red con qwen2.5:72b...
2026-05-20 20:45:48,759 [INFO] 🔄 INICIANDO RONDA: 2 | Moderador: llama3.3:70b
2026-05-20 20:46:50,511 [INFO] 📊 [DLB] Generando análisis técnico con deepseek-r1:70b...
2026-05-20 20:46:50,511 [INFO] 📡 [PNM] Calculando recursos de red con qwen2.5:72b...
2026-05-20 20:52:21,265 [INFO] 🔄 INICIANDO RONDA: 3 | Moderador: llama3.3:70b
2026-05-20 20:53:22,345 [INFO] 📊 [DLB] Generando análisis técnico con deepseek-r1:70b...
2026-05-20 20:53:22,345 [INFO] 📡 [PNM] Calculando recursos de red con qwen2.5:72b...
2026-05-20 20:57:37,802 [INFO] 🔄 INICIANDO RONDA: 4 | Moderador: llama3.3:70b
2026-05-20 20:58:37,697 [INFO] ⚖️ [MODERADOR] Generando respuesta consenso con llama3.3:70b...
2026-05-20 21:00:12,995 [INFO]    ✅ Finalizado.
2026-05-20 21:00:13,998 [INFO] 👉 [43] Iniciando debate...
2026-05-20 21:00:13,998 [INFO] 🔄 INICIANDO RONDA: 0 | Moderador: llama3.3:70b
2026-05-20 21:00:16,506 [INFO] TOP SCORE: -1.7766869068145752
2026-05-20 21:00:16,506 [INFO] 📊 RAG: 0 tablas y 5 textos enviados al experto.
2026-05-20 21:01:19,037 [INFO] 📊 [DLB] Generando análisis técnico con deepseek-r1:70b...
2026-05-20 21:01:19,038 [INFO] 📡 [PNM] Calculando recursos de red con qwen2.5:72b...
2026-05-20 21:04:21,065 [INFO] 🔄 INICIANDO RONDA: 1 | Moderador: llama3.3:70b
2026-05-20 21:05:22,923 [INFO] 📊 [DLB] Generando análisis técnico con deepseek-r1:70b...
2026-05-20 21:05:22,923 [INFO] 📡 [PNM] Calculando recursos de red con qwen2.5:72b...
2026-05-20 21:09:40,094 [INFO] 🔄 INICIANDO RONDA: 2 | Moderador: llama3.3:70b
2026-05-20 21:10:43,626 [INFO] 📊 [DLB] Generando análisis técnico con deepseek-r1:70b...
2026-05-20 21:10:43,626 [INFO] 📡 [PNM] Calculando recursos de red con qwen2.5:72b...
2026-05-20 21:15:03,795 [INFO] 🔄 INICIANDO RONDA: 3 | Moderador: llama3.3:70b
2026-05-20 21:16:05,121 [INFO] 📊 [DLB] Generando análisis técnico con deepseek-r1:70b...
2026-05-20 21:16:05,121 [INFO] 📡 [PNM] Calculando recursos de red con qwen2.5:72b...
2026-05-20 21:20:37,653 [INFO] 🔄 INICIANDO RONDA: 4 | Moderador: llama3.3:70b
2026-05-20 21:21:40,059 [INFO] ⚖️ [MODERADOR] Generando respuesta consenso con llama3.3:70b...
2026-05-20 21:23:16,566 [INFO]    ✅ Finalizado.
2026-05-20 21:23:17,572 [INFO] 👉 [44] Iniciando debate...
2026-05-20 21:23:17,572 [INFO] 🔄 INICIANDO RONDA: 0 | Moderador: llama3.3:70b
2026-05-20 21:23:20,204 [INFO] TOP SCORE: -0.48244673013687134
2026-05-20 21:23:20,204 [INFO] 📊 RAG: 0 tablas y 5 textos enviados al experto.
2026-05-20 21:24:18,809 [INFO] 📊 [DLB] Generando análisis técnico con deepseek-r1:70b...
2026-05-20 21:24:18,810 [INFO] 📡 [PNM] Calculando recursos de red con qwen2.5:72b...
2026-05-20 21:28:55,671 [INFO] 🔄 INICIANDO RONDA: 1 | Moderador: llama3.3:70b
2026-05-20 21:29:59,989 [INFO] 📊 [DLB] Generando análisis técnico con deepseek-r1:70b...
2026-05-20 21:29:59,989 [INFO] 📡 [PNM] Calculando recursos de red con qwen2.5:72b...
2026-05-20 21:34:55,062 [INFO] 🔄 INICIANDO RONDA: 2 | Moderador: llama3.3:70b
2026-05-20 21:35:59,094 [INFO] 📊 [DLB] Generando análisis técnico con deepseek-r1:70b...
2026-05-20 21:35:59,094 [INFO] 📡 [PNM] Calculando recursos de red con qwen2.5:72b...
2026-05-20 21:40:25,743 [INFO] 🔄 INICIANDO RONDA: 3 | Moderador: llama3.3:70b
2026-05-20 21:41:29,000 [INFO] 📊 [DLB] Generando análisis técnico con deepseek-r1:70b...
2026-05-20 21:41:29,000 [INFO] 📡 [PNM] Calculando recursos de red con qwen2.5:72b...
2026-05-20 21:46:38,216 [INFO] 🔄 INICIANDO RONDA: 4 | Moderador: llama3.3:70b
2026-05-20 21:47:46,568 [INFO] ⚖️ [MODERADOR] Generando respuesta consenso con llama3.3:70b...
2026-05-20 21:49:26,558 [INFO]    ✅ Finalizado.
2026-05-20 21:49:27,574 [INFO] 👉 [45] Iniciando debate...
2026-05-20 21:49:27,574 [INFO] 🔄 INICIANDO RONDA: 0 | Moderador: llama3.3:70b
2026-05-20 21:49:30,002 [INFO] TOP SCORE: -0.6884428262710571
2026-05-20 21:49:30,002 [INFO] 📊 RAG: 1 tablas y 5 textos enviados al experto.
2026-05-20 21:50:29,780 [INFO] 📊 [DLB] Generando análisis técnico con deepseek-r1:70b...
2026-05-20 21:50:29,781 [INFO] 📡 [PNM] Calculando recursos de red con qwen2.5:72b...
2026-05-20 21:54:38,658 [INFO] 🔄 INICIANDO RONDA: 1 | Moderador: llama3.3:70b
2026-05-20 21:55:36,928 [INFO] 📊 [DLB] Generando análisis técnico con deepseek-r1:70b...
2026-05-20 21:55:36,928 [INFO] 📡 [PNM] Calculando recursos de red con qwen2.5:72b...
2026-05-20 21:59:50,622 [INFO] 🔄 INICIANDO RONDA: 2 | Moderador: llama3.3:70b
2026-05-20 22:00:47,178 [INFO] 📊 [DLB] Generando análisis técnico con deepseek-r1:70b...
2026-05-20 22:00:47,178 [INFO] 📡 [PNM] Calculando recursos de red con qwen2.5:72b...
2026-05-20 22:04:16,871 [INFO] 🔄 INICIANDO RONDA: 3 | Moderador: llama3.3:70b
2026-05-20 22:05:16,074 [INFO] 📊 [DLB] Generando análisis técnico con deepseek-r1:70b...
2026-05-20 22:05:16,074 [INFO] 📡 [PNM] Calculando recursos de red con qwen2.5:72b...
2026-05-20 22:09:47,664 [INFO] 🔄 INICIANDO RONDA: 4 | Moderador: llama3.3:70b
2026-05-20 22:10:47,419 [INFO] ⚖️ [MODERADOR] Generando respuesta consenso con llama3.3:70b...
2026-05-20 22:12:16,540 [INFO]    ✅ Finalizado.
2026-05-20 22:12:17,544 [INFO] 👉 [46] Iniciando debate...
2026-05-20 22:12:17,544 [INFO] 🔄 INICIANDO RONDA: 0 | Moderador: llama3.3:70b
2026-05-20 22:12:19,974 [INFO] TOP SCORE: -0.5709457993507385
2026-05-20 22:12:19,974 [INFO] 📊 RAG: 0 tablas y 5 textos enviados al experto.
2026-05-20 22:13:22,220 [INFO] 📊 [DLB] Generando análisis técnico con deepseek-r1:70b...
2026-05-20 22:13:22,220 [INFO] 📡 [PNM] Calculando recursos de red con qwen2.5:72b...
2026-05-20 22:17:14,665 [INFO] 🔄 INICIANDO RONDA: 1 | Moderador: llama3.3:70b
2026-05-20 22:18:14,136 [INFO] 📊 [DLB] Generando análisis técnico con deepseek-r1:70b...
2026-05-20 22:18:14,136 [INFO] 📡 [PNM] Calculando recursos de red con qwen2.5:72b...
2026-05-20 22:21:44,510 [INFO] 🔄 INICIANDO RONDA: 2 | Moderador: llama3.3:70b
2026-05-20 22:22:46,667 [INFO] 📊 [DLB] Generando análisis técnico con deepseek-r1:70b...
2026-05-20 22:22:46,667 [INFO] 📡 [PNM] Calculando recursos de red con qwen2.5:72b...
2026-05-20 22:26:23,926 [INFO] 🔄 INICIANDO RONDA: 3 | Moderador: llama3.3:70b
2026-05-20 22:27:26,422 [INFO] 📊 [DLB] Generando análisis técnico con deepseek-r1:70b...
2026-05-20 22:27:26,422 [INFO] 📡 [PNM] Calculando recursos de red con qwen2.5:72b...
2026-05-20 22:32:16,274 [INFO] 🔄 INICIANDO RONDA: 4 | Moderador: llama3.3:70b
2026-05-20 22:33:19,694 [INFO] ⚖️ [MODERADOR] Generando respuesta consenso con llama3.3:70b...
2026-05-20 22:34:57,004 [INFO]    ✅ Finalizado.
2026-05-20 22:34:58,011 [INFO] 📁 Procesando archivo: aeronautical-ad-hoc-networking-for-the-internet-above-the-clouds_salida.txt
2026-05-20 22:34:58,012 [INFO] 👉 [47] Iniciando debate...
2026-05-20 22:34:58,014 [INFO] 🔄 INICIANDO RONDA: 0 | Moderador: llama3.3:70b
2026-05-20 22:35:00,582 [INFO] TOP SCORE: 1.8059589862823486
2026-05-20 22:35:00,582 [INFO] 📊 RAG: 0 tablas y 5 textos enviados al experto.
2026-05-20 22:36:05,131 [INFO] 📊 [DLB] Generando análisis técnico con deepseek-r1:70b...
2026-05-20 22:36:05,132 [INFO] 📡 [PNM] Calculando recursos de red con qwen2.5:72b...
2026-05-20 22:40:10,333 [INFO] 🔄 INICIANDO RONDA: 1 | Moderador: llama3.3:70b
2026-05-20 22:41:06,247 [INFO] 📊 [DLB] Generando análisis técnico con deepseek-r1:70b...
2026-05-20 22:41:06,247 [INFO] 📡 [PNM] Calculando recursos de red con qwen2.5:72b...
2026-05-20 22:45:05,580 [INFO] 🔄 INICIANDO RONDA: 2 | Moderador: llama3.3:70b
2026-05-20 22:46:05,568 [INFO] 📊 [DLB] Generando análisis técnico con deepseek-r1:70b...
2026-05-20 22:46:05,568 [INFO] 📡 [PNM] Calculando recursos de red con qwen2.5:72b...
